datetime,pv_generation_kW,pv_pu,pv_pu_forecast
2019-01-01 00:00:00,0.0,0.0,0.0
2019-01-01 01:00:00,0.0,0.0,0.0
2019-01-01 02:00:00,0.0,0.0,0.0
2019-01-01 03:00:00,0.0,0.0,0.0
2019-01-01 04:00:00,0.0,0.0,0.0
2019-01-01 05:00:00,0.0,0.0,0.0
2019-01-01 06:00:00,0.0,0.0,0.0
2019-01-01 07:00:00,0.0,0.0,0.0
2019-01-01 08:00:00,0.0,0.0,0.0
2019-01-01 09:00:00,0.0,0.0,0.02552857142857143
2019-01-01 10:00:00,0.2309,0.0285,0.19477142857142857
2019-01-01 11:00:00,0.2445,0.0302,0.2296857142857143
2019-01-01 12:00:00,0.4101,0.0506,0.2390285714285714
2019-01-01 13:00:00,0.4031,0.0498,0.3219285714285714
2019-01-01 14:00:00,0.4602,0.0568,0.26694285714285715
2019-01-01 15:00:00,0.1885,0.0233,0.17355714285714288
2019-01-01 16:00:00,0.0,0.0,0.0010285714285714286
2019-01-01 17:00:00,0.0,0.0,0.0
2019-01-01 18:00:00,0.0,0.0,0.0
2019-01-01 19:00:00,0.0,0.0,0.0
2019-01-01 20:00:00,0.0,0.0,0.0
2019-01-01 21:00:00,0.0,0.0,0.0
2019-01-01 22:00:00,0.0,0.0,0.0
2019-01-01 23:00:00,0.0,0.0,0.0
2019-01-02 00:00:00,0.0,0.0,0.0
2019-01-02 01:00:00,0.0,0.0,0.0
2019-01-02 02:00:00,0.0,0.0,0.0
2019-01-02 03:00:00,0.0,0.0,0.0
2019-01-02 04:00:00,0.0,0.0,0.0
2019-01-02 05:00:00,0.0,0.0,0.0
2019-01-02 06:00:00,0.0,0.0,0.0
2019-01-02 07:00:00,0.0,0.0,0.0
2019-01-02 08:00:00,0.0,0.0,0.0
2019-01-02 09:00:00,0.109,0.0135,0.025014285714285715
2019-01-02 10:00:00,0.7079,0.0874,0.19215714285714286
2019-01-02 11:00:00,0.706,0.0872,0.2268285714285714
2019-01-02 12:00:00,0.9158,0.1131,0.24029999999999999
2019-01-02 13:00:00,1.1221,0.1385,0.29392857142857143
2019-01-02 14:00:00,2.7468,0.3391,0.2449857142857143
2019-01-02 15:00:00,2.0315,0.2508,0.1319142857142857
2019-01-02 16:00:00,0.0531,0.0066,0.0008
2019-01-02 17:00:00,0.0,0.0,0.0
2019-01-02 18:00:00,0.0,0.0,0.0
2019-01-02 19:00:00,0.0,0.0,0.0
2019-01-02 20:00:00,0.0,0.0,0.0
2019-01-02 21:00:00,0.0,0.0,0.0
2019-01-02 22:00:00,0.0,0.0,0.0
2019-01-02 23:00:00,0.0,0.0,0.0
2019-01-03 00:00:00,0.0,0.0,0.0
2019-01-03 01:00:00,0.0,0.0,0.0
2019-01-03 02:00:00,0.0,0.0,0.0
2019-01-03 03:00:00,0.0,0.0,0.0
2019-01-03 04:00:00,0.0,0.0,0.0
2019-01-03 05:00:00,0.0,0.0,0.0
2019-01-03 06:00:00,0.0,0.0,0.0
2019-01-03 07:00:00,0.0,0.0,0.0
2019-01-03 08:00:00,0.0,0.0,0.0
2019-01-03 09:00:00,0.1671,0.0206,0.021742857142857144
2019-01-03 10:00:00,0.7454,0.092,0.15588571428571427
2019-01-03 11:00:00,0.885,0.1093,0.20192857142857143
2019-01-03 12:00:00,0.9259,0.1143,0.22879999999999998
2019-01-03 13:00:00,0.6232,0.0769,0.24131428571428573
2019-01-03 14:00:00,0.4856,0.06,0.1906857142857143
2019-01-03 15:00:00,0.1209,0.0149,0.10054285714285713
2019-01-03 16:00:00,0.0063,0.0008,0.0004571428571428571
2019-01-03 17:00:00,0.0,0.0,0.0
2019-01-03 18:00:00,0.0,0.0,0.0
2019-01-03 19:00:00,0.0,0.0,0.0
2019-01-03 20:00:00,0.0,0.0,0.0
2019-01-03 21:00:00,0.0,0.0,0.0
2019-01-03 22:00:00,0.0,0.0,0.0
2019-01-03 23:00:00,0.0,0.0,0.0
2019-01-04 00:00:00,0.0,0.0,0.0
2019-01-04 01:00:00,0.0,0.0,0.0
2019-01-04 02:00:00,0.0,0.0,0.0
2019-01-04 03:00:00,0.0,0.0,0.0
2019-01-04 04:00:00,0.0,0.0,0.0
2019-01-04 05:00:00,0.0,0.0,0.0
2019-01-04 06:00:00,0.0,0.0,0.0
2019-01-04 07:00:00,0.0,0.0,0.0
2019-01-04 08:00:00,0.0,0.0,0.0
2019-01-04 09:00:00,0.2229,0.0275,0.022742857142857148
2019-01-04 10:00:00,0.0373,0.0046,0.13064285714285712
2019-01-04 11:00:00,0.8145,0.1006,0.1519
2019-01-04 12:00:00,0.1145,0.0141,0.17744285714285715
2019-01-04 13:00:00,0.3938,0.0486,0.18854285714285715
2019-01-04 14:00:00,0.2332,0.0288,0.18212857142857142
2019-01-04 15:00:00,0.0791,0.0098,0.09984285714285712
2019-01-04 16:00:00,0.0,0.0,0.0011714285714285713
2019-01-04 17:00:00,0.0,0.0,0.0
2019-01-04 18:00:00,0.0,0.0,0.0
2019-01-04 19:00:00,0.0,0.0,0.0
2019-01-04 20:00:00,0.0,0.0,0.0
2019-01-04 21:00:00,0.0,0.0,0.0
2019-01-04 22:00:00,0.0,0.0,0.0
2019-01-04 23:00:00,0.0,0.0,0.0
2019-01-05 00:00:00,0.0,0.0,0.0
2019-01-05 01:00:00,0.0,0.0,0.0
2019-01-05 02:00:00,0.0,0.0,0.0
2019-01-05 03:00:00,0.0,0.0,0.0
2019-01-05 04:00:00,0.0,0.0,0.0
2019-01-05 05:00:00,0.0,0.0,0.0
2019-01-05 06:00:00,0.0,0.0,0.0
2019-01-05 07:00:00,0.0,0.0,0.0
2019-01-05 08:00:00,0.0,0.0,0.0
2019-01-05 09:00:00,0.0154,0.0019,0.019614285714285716
2019-01-05 10:00:00,0.4751,0.0587,0.1012857142857143
2019-01-05 11:00:00,0.2521,0.0311,0.12054285714285716
2019-01-05 12:00:00,0.4248,0.0524,0.14962857142857142
2019-01-05 13:00:00,0.3558,0.0439,0.14577142857142858
2019-01-05 14:00:00,0.39,0.0481,0.1504142857142857
2019-01-05 15:00:00,0.1962,0.0242,0.08452857142857141
2019-01-05 16:00:00,0.0,0.0,0.0010571428571428572
2019-01-05 17:00:00,0.0,0.0,0.0
2019-01-05 18:00:00,0.0,0.0,0.0
2019-01-05 19:00:00,0.0,0.0,0.0
2019-01-05 20:00:00,0.0,0.0,0.0
2019-01-05 21:00:00,0.0,0.0,0.0
2019-01-05 22:00:00,0.0,0.0,0.0
2019-01-05 23:00:00,0.0,0.0,0.0
2019-01-06 00:00:00,0.0,0.0,0.0
2019-01-06 01:00:00,0.0,0.0,0.0
2019-01-06 02:00:00,0.0,0.0,0.0
2019-01-06 03:00:00,0.0,0.0,0.0
2019-01-06 04:00:00,0.0,0.0,0.0
2019-01-06 05:00:00,0.0,0.0,0.0
2019-01-06 06:00:00,0.0,0.0,0.0
2019-01-06 07:00:00,0.0,0.0,0.0
2019-01-06 08:00:00,0.0,0.0,0.0
2019-01-06 09:00:00,0.113,0.014,0.0137
2019-01-06 10:00:00,0.6052,0.0747,0.055900000000000005
2019-01-06 11:00:00,0.7246,0.0895,0.0692
2019-01-06 12:00:00,0.8115,0.1002,0.07712857142857144
2019-01-06 13:00:00,0.3781,0.0467,0.07778571428571428
2019-01-06 14:00:00,0.626,0.0773,0.09411428571428572
2019-01-06 15:00:00,0.496,0.0612,0.048742857142857136
2019-01-06 16:00:00,0.1663,0.0205,0.0010571428571428572
2019-01-06 17:00:00,0.0,0.0,0.0
2019-01-06 18:00:00,0.0,0.0,0.0
2019-01-06 19:00:00,0.0,0.0,0.0
2019-01-06 20:00:00,0.0,0.0,0.0
2019-01-06 21:00:00,0.0,0.0,0.0
2019-01-06 22:00:00,0.0,0.0,0.0
2019-01-06 23:00:00,0.0,0.0,0.0
2019-01-07 00:00:00,0.0,0.0,0.0
2019-01-07 01:00:00,0.0,0.0,0.0
2019-01-07 02:00:00,0.0,0.0,0.0
2019-01-07 03:00:00,0.0,0.0,0.0
2019-01-07 04:00:00,0.0,0.0,0.0
2019-01-07 05:00:00,0.0,0.0,0.0
2019-01-07 06:00:00,0.0,0.0,0.0
2019-01-07 07:00:00,0.0,0.0,0.0
2019-01-07 08:00:00,0.0,0.0,0.0
2019-01-07 09:00:00,0.1054,0.013,0.01397142857142857
2019-01-07 10:00:00,0.4914,0.0607,0.06167142857142858
2019-01-07 11:00:00,0.642,0.0793,0.059300000000000005
2019-01-07 12:00:00,0.5093,0.0629,0.07154285714285714
2019-01-07 13:00:00,0.2456,0.0303,0.06971428571428571
2019-01-07 14:00:00,0.2661,0.0329,0.09078571428571428
2019-01-07 15:00:00,0.1688,0.0208,0.04911428571428571
2019-01-07 16:00:00,0.0,0.0,0.0010571428571428572
2019-01-07 17:00:00,0.0,0.0,0.0
2019-01-07 18:00:00,0.0,0.0,0.0
2019-01-07 19:00:00,0.0,0.0,0.0
2019-01-07 20:00:00,0.0,0.0,0.0
2019-01-07 21:00:00,0.0,0.0,0.0
2019-01-07 22:00:00,0.0,0.0,0.0
2019-01-07 23:00:00,0.0,0.0,0.0
2019-01-08 00:00:00,0.0,0.0,0.0
2019-01-08 01:00:00,0.0,0.0,0.0
2019-01-08 02:00:00,0.0,0.0,0.0
2019-01-08 03:00:00,0.0,0.0,0.0
2019-01-08 04:00:00,0.0,0.0,0.0
2019-01-08 05:00:00,0.0,0.0,0.0
2019-01-08 06:00:00,0.0,0.0,0.0
2019-01-08 07:00:00,0.0,0.0,0.0
2019-01-08 08:00:00,0.0,0.0,0.0
2019-01-08 09:00:00,0.1249,0.0154,0.01107142857142857
2019-01-08 10:00:00,0.453,0.0559,0.05174285714285714
2019-01-08 11:00:00,0.4895,0.0604,0.06618571428571428
2019-01-08 12:00:00,0.9289,0.1147,0.06912857142857143
2019-01-08 13:00:00,0.4044,0.0499,0.06337142857142856
2019-01-08 14:00:00,1.281,0.1581,0.09395714285714285
2019-01-08 15:00:00,0.2245,0.0277,0.05697142857142856
2019-01-08 16:00:00,0.0014,0.0002,0.003985714285714286
2019-01-08 17:00:00,0.0,0.0,0.0
2019-01-08 18:00:00,0.0,0.0,0.0
2019-01-08 19:00:00,0.0,0.0,0.0
2019-01-08 20:00:00,0.0,0.0,0.0
2019-01-08 21:00:00,0.0,0.0,0.0
2019-01-08 22:00:00,0.0,0.0,0.0
2019-01-08 23:00:00,0.0,0.0,0.0
2019-01-09 00:00:00,0.0,0.0,0.0
2019-01-09 01:00:00,0.0,0.0,0.0
2019-01-09 02:00:00,0.0,0.0,0.0
2019-01-09 03:00:00,0.0,0.0,0.0
2019-01-09 04:00:00,0.0,0.0,0.0
2019-01-09 05:00:00,0.0,0.0,0.0
2019-01-09 06:00:00,0.0,0.0,0.0
2019-01-09 07:00:00,0.0,0.0,0.0
2019-01-09 08:00:00,0.0,0.0,0.0
2019-01-09 09:00:00,0.1115,0.0138,0.012928571428571428
2019-01-09 10:00:00,1.6003,0.1976,0.05808571428571429
2019-01-09 11:00:00,2.019,0.2493,0.07531428571428571
2019-01-09 12:00:00,4.0995,0.5061,0.07251428571428571
2019-01-09 13:00:00,0.4689,0.0579,0.062099999999999995
2019-01-09 14:00:00,1.216,0.1501,0.09185714285714286
2019-01-09 15:00:00,2.7898,0.3444,0.05785714285714285
2019-01-09 16:00:00,0.5419,0.0669,0.003985714285714286
2019-01-09 17:00:00,0.0,0.0,0.0
2019-01-09 18:00:00,0.0,0.0,0.0
2019-01-09 19:00:00,0.0,0.0,0.0
2019-01-09 20:00:00,0.0,0.0,0.0
2019-01-09 21:00:00,0.0,0.0,0.0
2019-01-09 22:00:00,0.0,0.0,0.0
2019-01-09 23:00:00,0.0,0.0,0.0
2019-01-10 00:00:00,0.0,0.0,0.0
2019-01-10 01:00:00,0.0,0.0,0.0
2019-01-10 02:00:00,0.0,0.0,0.0
2019-01-10 03:00:00,0.0,0.0,0.0
2019-01-10 04:00:00,0.0,0.0,0.0
2019-01-10 05:00:00,0.0,0.0,0.0
2019-01-10 06:00:00,0.0,0.0,0.0
2019-01-10 07:00:00,0.0,0.0,0.0
2019-01-10 08:00:00,0.0,0.0,0.0
2019-01-10 09:00:00,0.1714,0.0212,0.015128571428571427
2019-01-10 10:00:00,0.8883,0.1097,0.062000000000000006
2019-01-10 11:00:00,0.9473,0.117,0.07962857142857142
2019-01-10 12:00:00,1.6045,0.1981,0.08167142857142858
2019-01-10 13:00:00,1.5497,0.1913,0.06211428571428572
2019-01-10 14:00:00,0.9779,0.1207,0.10632857142857143
2019-01-10 15:00:00,0.7916,0.0977,0.05848571428571429
2019-01-10 16:00:00,0.2846,0.0351,0.004014285714285714
2019-01-10 17:00:00,0.0,0.0,0.0
2019-01-10 18:00:00,0.0,0.0,0.0
2019-01-10 19:00:00,0.0,0.0,0.0
2019-01-10 20:00:00,0.0,0.0,0.0
2019-01-10 21:00:00,0.0,0.0,0.0
2019-01-10 22:00:00,0.0,0.0,0.0
2019-01-10 23:00:00,0.0,0.0,0.0
2019-01-11 00:00:00,0.0,0.0,0.0
2019-01-11 01:00:00,0.0,0.0,0.0
2019-01-11 02:00:00,0.0,0.0,0.0
2019-01-11 03:00:00,0.0,0.0,0.0
2019-01-11 04:00:00,0.0,0.0,0.0
2019-01-11 05:00:00,0.0,0.0,0.0
2019-01-11 06:00:00,0.0,0.0,0.0
2019-01-11 07:00:00,0.0,0.0,0.0
2019-01-11 08:00:00,0.0,0.0,0.0
2019-01-11 09:00:00,0.0516,0.0064,0.015171428571428572
2019-01-11 10:00:00,0.2626,0.0324,0.07774285714285714
2019-01-11 11:00:00,0.6359,0.0785,0.10278571428571429
2019-01-11 12:00:00,0.5738,0.0708,0.13781428571428572
2019-01-11 13:00:00,0.3293,0.0407,0.0506
2019-01-11 14:00:00,0.5294,0.0654,0.07932857142857143
2019-01-11 15:00:00,0.1824,0.0225,0.07185714285714284
2019-01-11 16:00:00,0.411,0.0507,0.01262857142857143
2019-01-11 17:00:00,0.0,0.0,0.0
2019-01-11 18:00:00,0.0,0.0,0.0
2019-01-11 19:00:00,0.0,0.0,0.0
2019-01-11 20:00:00,0.0,0.0,0.0
2019-01-11 21:00:00,0.0,0.0,0.0
2019-01-11 22:00:00,0.0,0.0,0.0
2019-01-11 23:00:00,0.0,0.0,0.0
2019-01-12 00:00:00,0.0,0.0,0.0
2019-01-12 01:00:00,0.0,0.0,0.0
2019-01-12 02:00:00,0.0,0.0,0.0
2019-01-12 03:00:00,0.0,0.0,0.0
2019-01-12 04:00:00,0.0,0.0,0.0
2019-01-12 05:00:00,0.0,0.0,0.0
2019-01-12 06:00:00,0.0,0.0,0.0
2019-01-12 07:00:00,0.0,0.0,0.0
2019-01-12 08:00:00,0.0,0.0,0.0
2019-01-12 09:00:00,0.1143,0.0141,0.015257142857142858
2019-01-12 10:00:00,0.2815,0.0347,0.08027142857142858
2019-01-12 11:00:00,0.2393,0.0295,0.10388571428571429
2019-01-12 12:00:00,0.1901,0.0235,0.14978571428571427
2019-01-12 13:00:00,0.4116,0.0508,0.06694285714285715
2019-01-12 14:00:00,0.3282,0.0405,0.088
2019-01-12 15:00:00,0.1546,0.0191,0.08368571428571427
2019-01-12 16:00:00,0.064,0.0079,0.017528571428571428
2019-01-12 17:00:00,0.0,0.0,0.0
2019-01-12 18:00:00,0.0,0.0,0.0
2019-01-12 19:00:00,0.0,0.0,0.0
2019-01-12 20:00:00,0.0,0.0,0.0
2019-01-12 21:00:00,0.0,0.0,0.0
2019-01-12 22:00:00,0.0,0.0,0.0
2019-01-12 23:00:00,0.0,0.0,0.0
2019-01-13 00:00:00,0.0,0.0,0.0
2019-01-13 01:00:00,0.0,0.0,0.0
2019-01-13 02:00:00,0.0,0.0,0.0
2019-01-13 03:00:00,0.0,0.0,0.0
2019-01-13 04:00:00,0.0,0.0,0.0
2019-01-13 05:00:00,0.0,0.0,0.0
2019-01-13 06:00:00,0.0,0.0,0.0
2019-01-13 07:00:00,0.0,0.0,0.0
2019-01-13 08:00:00,0.0,0.0,0.0
2019-01-13 09:00:00,0.001,0.0001,0.012242857142857142
2019-01-13 10:00:00,0.1739,0.0215,0.08424285714285715
2019-01-13 11:00:00,0.3801,0.0469,0.10072857142857143
2019-01-13 12:00:00,1.3243,0.1635,0.15788571428571427
2019-01-13 13:00:00,0.1531,0.0189,0.06581428571428571
2019-01-13 14:00:00,0.3389,0.0418,0.09322857142857142
2019-01-13 15:00:00,0.2359,0.0291,0.08549999999999999
2019-01-13 16:00:00,0.0217,0.0027,0.024771428571428573
2019-01-13 17:00:00,0.0,0.0,0.0
2019-01-13 18:00:00,0.0,0.0,0.0
2019-01-13 19:00:00,0.0,0.0,0.0
2019-01-13 20:00:00,0.0,0.0,0.0
2019-01-13 21:00:00,0.0,0.0,0.0
2019-01-13 22:00:00,0.0,0.0,0.0
2019-01-13 23:00:00,0.0,0.0,0.0
2019-01-14 00:00:00,0.0,0.0,0.0
2019-01-14 01:00:00,0.0,0.0,0.0
2019-01-14 02:00:00,0.0,0.0,0.0
2019-01-14 03:00:00,0.0,0.0,0.0
2019-01-14 04:00:00,0.0,0.0,0.0
2019-01-14 05:00:00,0.0,0.0,0.0
2019-01-14 06:00:00,0.0,0.0,0.0
2019-01-14 07:00:00,0.0,0.0,0.0
2019-01-14 08:00:00,0.0,0.0,0.0
2019-01-14 09:00:00,0.4099,0.0506,0.013985714285714285
2019-01-14 10:00:00,1.6122,0.199,0.08081428571428571
2019-01-14 11:00:00,0.4262,0.0526,0.1005
2019-01-14 12:00:00,2.5345,0.3129,0.15375714285714287
2019-01-14 13:00:00,0.2381,0.0294,0.0668
2019-01-14 14:00:00,0.4875,0.0602,0.09214285714285715
2019-01-14 15:00:00,1.5908,0.1964,0.08477142857142858
2019-01-14 16:00:00,1.3045,0.1611,0.0259
2019-01-14 17:00:00,0.0,0.0,0.0
2019-01-14 18:00:00,0.0,0.0,0.0
2019-01-14 19:00:00,0.0,0.0,0.0
2019-01-14 20:00:00,0.0,0.0,0.0
2019-01-14 21:00:00,0.0,0.0,0.0
2019-01-14 22:00:00,0.0,0.0,0.0
2019-01-14 23:00:00,0.0,0.0,0.0
2019-01-15 00:00:00,0.0,0.0,0.0
2019-01-15 01:00:00,0.0,0.0,0.0
2019-01-15 02:00:00,0.0,0.0,0.0
2019-01-15 03:00:00,0.0,0.0,0.0
2019-01-15 04:00:00,0.0,0.0,0.0
2019-01-15 05:00:00,0.0,0.0,0.0
2019-01-15 06:00:00,0.0,0.0,0.0
2019-01-15 07:00:00,0.0,0.0,0.0
2019-01-15 08:00:00,0.0,0.0,0.0
2019-01-15 09:00:00,0.0649,0.008,0.012
2019-01-15 10:00:00,0.59,0.0728,0.07321428571428572
2019-01-15 11:00:00,1.7206,0.2124,0.0944142857142857
2019-01-15 12:00:00,1.1758,0.1452,0.1628
2019-01-15 13:00:00,1.3118,0.1619,0.06282857142857143
2019-01-15 14:00:00,0.4306,0.0532,0.08707142857142856
2019-01-15 15:00:00,0.0847,0.0105,0.08018571428571428
2019-01-15 16:00:00,0.0,0.0,0.023357142857142858
2019-01-15 17:00:00,0.0,0.0,0.0
2019-01-15 18:00:00,0.0,0.0,0.0
2019-01-15 19:00:00,0.0,0.0,0.0
2019-01-15 20:00:00,0.0,0.0,0.0
2019-01-15 21:00:00,0.0,0.0,0.0
2019-01-15 22:00:00,0.0,0.0,0.0
2019-01-15 23:00:00,0.0,0.0,0.0
2019-01-16 00:00:00,0.0,0.0,0.0
2019-01-16 01:00:00,0.0,0.0,0.0
2019-01-16 02:00:00,0.0,0.0,0.0
2019-01-16 03:00:00,0.0,0.0,0.0
2019-01-16 04:00:00,0.0,0.0,0.0
2019-01-16 05:00:00,0.0,0.0,0.0
2019-01-16 06:00:00,0.0,0.0,0.0
2019-01-16 07:00:00,0.0,0.0,0.0
2019-01-16 08:00:00,0.0,0.0,0.0
2019-01-16 09:00:00,0.0507,0.0063,0.017371428571428572
2019-01-16 10:00:00,0.4893,0.0604,0.09297142857142858
2019-01-16 11:00:00,0.281,0.0347,0.0906
2019-01-16 12:00:00,0.6867,0.0848,0.19851428571428573
2019-01-16 13:00:00,0.6024,0.0744,0.0627
2019-01-16 14:00:00,1.1877,0.1466,0.09097142857142858
2019-01-16 15:00:00,1.6248,0.2006,0.10527142857142856
2019-01-16 16:00:00,0.4923,0.0608,0.04637142857142857
2019-01-16 17:00:00,0.0,0.0,0.0
2019-01-16 18:00:00,0.0,0.0,0.0
2019-01-16 19:00:00,0.0,0.0,0.0
2019-01-16 20:00:00,0.0,0.0,0.0
2019-01-16 21:00:00,0.0,0.0,0.0
2019-01-16 22:00:00,0.0,0.0,0.0
2019-01-16 23:00:00,0.0,0.0,0.0
2019-01-17 00:00:00,0.0,0.0,0.0
2019-01-17 01:00:00,0.0,0.0,0.0
2019-01-17 02:00:00,0.0,0.0,0.0
2019-01-17 03:00:00,0.0,0.0,0.0
2019-01-17 04:00:00,0.0,0.0,0.0
2019-01-17 05:00:00,0.0,0.0,0.0
2019-01-17 06:00:00,0.0,0.0,0.0
2019-01-17 07:00:00,0.0,0.0,0.0
2019-01-17 08:00:00,0.0,0.0,0.0
2019-01-17 09:00:00,0.0086,0.0011,0.016314285714285715
2019-01-17 10:00:00,0.3611,0.0446,0.0953857142857143
2019-01-17 11:00:00,0.9462,0.1168,0.11231428571428571
2019-01-17 12:00:00,0.225,0.0278,0.2028714285714286
2019-01-17 13:00:00,0.6551,0.0809,0.07869999999999999
2019-01-17 14:00:00,0.2337,0.0289,0.0759857142857143
2019-01-17 15:00:00,0.9996,0.1234,0.10281428571428572
2019-01-17 16:00:00,0.4301,0.0531,0.046342857142857144
2019-01-17 17:00:00,0.0,0.0,0.0
2019-01-17 18:00:00,0.0,0.0,0.0
2019-01-17 19:00:00,0.0,0.0,0.0
2019-01-17 20:00:00,0.0,0.0,0.0
2019-01-17 21:00:00,0.0,0.0,0.0
2019-01-17 22:00:00,0.0,0.0,0.0
2019-01-17 23:00:00,0.0,0.0,0.0
2019-01-18 00:00:00,0.0,0.0,0.0
2019-01-18 01:00:00,0.0,0.0,0.0
2019-01-18 02:00:00,0.0,0.0,0.0
2019-01-18 03:00:00,0.0,0.0,0.0
2019-01-18 04:00:00,0.0,0.0,0.0
2019-01-18 05:00:00,0.0,0.0,0.0
2019-01-18 06:00:00,0.0,0.0,0.0
2019-01-18 07:00:00,0.0,0.0,0.0
2019-01-18 08:00:00,0.0,0.0,0.0
2019-01-18 09:00:00,0.3849,0.0475,0.015242857142857141
2019-01-18 10:00:00,2.7926,0.3448,0.07578571428571428
2019-01-18 11:00:00,3.8291,0.4727,0.08165714285714286
2019-01-18 12:00:00,4.2621,0.5262,0.14268571428571428
2019-01-18 13:00:00,3.4957,0.4316,0.08105714285714286
2019-01-18 14:00:00,1.8986,0.2344,0.07548571428571428
2019-01-18 15:00:00,0.7207,0.089,0.08227142857142856
2019-01-18 16:00:00,0.2793,0.0345,0.045471428571428565
2019-01-18 17:00:00,0.0,0.0,0.0
2019-01-18 18:00:00,0.0,0.0,0.0
2019-01-18 19:00:00,0.0,0.0,0.0
2019-01-18 20:00:00,0.0,0.0,0.0
2019-01-18 21:00:00,0.0,0.0,0.0
2019-01-18 22:00:00,0.0,0.0,0.0
2019-01-18 23:00:00,0.0,0.0,0.0
2019-01-19 00:00:00,0.0,0.0,0.0
2019-01-19 01:00:00,0.0,0.0,0.0
2019-01-19 02:00:00,0.0,0.0,0.0
2019-01-19 03:00:00,0.0,0.0,0.0
2019-01-19 04:00:00,0.0,0.0,0.0
2019-01-19 05:00:00,0.0,0.0,0.0
2019-01-19 06:00:00,0.0,0.0,0.0
2019-01-19 07:00:00,0.0,0.0,0.0
2019-01-19 08:00:00,0.0,0.0,0.0
2019-01-19 09:00:00,0.9584,0.1183,0.012371428571428571
2019-01-19 10:00:00,2.4224,0.2991,0.06648571428571429
2019-01-19 11:00:00,4.2495,0.5246,0.08162857142857143
2019-01-19 12:00:00,4.9028,0.6053,0.11835714285714286
2019-01-19 13:00:00,4.8339,0.5968,0.06528571428571428
2019-01-19 14:00:00,4.1009,0.5063,0.06237142857142857
2019-01-19 15:00:00,2.9825,0.3682,0.08594285714285713
2019-01-19 16:00:00,1.13,0.1395,0.04804285714285713
2019-01-19 17:00:00,0.0,0.0,0.0
2019-01-19 18:00:00,0.0,0.0,0.0
2019-01-19 19:00:00,0.0,0.0,0.0
2019-01-19 20:00:00,0.0,0.0,0.0
2019-01-19 21:00:00,0.0,0.0,0.0
2019-01-19 22:00:00,0.0,0.0,0.0
2019-01-19 23:00:00,0.0,0.0,0.0
2019-01-20 00:00:00,0.0,0.0,0.0
2019-01-20 01:00:00,0.0,0.0,0.0
2019-01-20 02:00:00,0.0,0.0,0.0
2019-01-20 03:00:00,0.0,0.0,0.0
2019-01-20 04:00:00,0.0,0.0,0.0
2019-01-20 05:00:00,0.0,0.0,0.0
2019-01-20 06:00:00,0.0,0.0,0.0
2019-01-20 07:00:00,0.0,0.0,0.0
2019-01-20 08:00:00,0.0,0.0,0.0
2019-01-20 09:00:00,1.3247,0.1635,0.01824285714285714
2019-01-20 10:00:00,3.1466,0.3885,0.11111428571428572
2019-01-20 11:00:00,4.2139,0.5202,0.13794285714285714
2019-01-20 12:00:00,4.8187,0.5949,0.18341428571428572
2019-01-20 13:00:00,4.7372,0.5848,0.12112857142857143
2019-01-20 14:00:00,4.3269,0.5342,0.08651428571428572
2019-01-20 15:00:00,3.3132,0.409,0.09544285714285713
2019-01-20 16:00:00,1.6632,0.2053,0.04572857142857143
2019-01-20 17:00:00,0.0,0.0,0.0
2019-01-20 18:00:00,0.0,0.0,0.0
2019-01-20 19:00:00,0.0,0.0,0.0
2019-01-20 20:00:00,0.0,0.0,0.0
2019-01-20 21:00:00,0.0,0.0,0.0
2019-01-20 22:00:00,0.0,0.0,0.0
2019-01-20 23:00:00,0.0,0.0,0.0
2019-01-21 00:00:00,0.0,0.0,0.0
2019-01-21 01:00:00,0.0,0.0,0.0
2019-01-21 02:00:00,0.0,0.0,0.0
2019-01-21 03:00:00,0.0,0.0,0.0
2019-01-21 04:00:00,0.0,0.0,0.0
2019-01-21 05:00:00,0.0,0.0,0.0
2019-01-21 06:00:00,0.0,0.0,0.0
2019-01-21 07:00:00,0.0,0.0,0.0
2019-01-21 08:00:00,0.0,0.0,0.0
2019-01-21 09:00:00,1.3407,0.1655,0.03312857142857143
2019-01-21 10:00:00,3.049,0.3764,0.1488857142857143
2019-01-21 11:00:00,3.9411,0.4866,0.2086714285714286
2019-01-21 12:00:00,4.4587,0.5505,0.2665285714285714
2019-01-21 13:00:00,4.3293,0.5345,0.1991285714285714
2019-01-21 14:00:00,4.0746,0.503,0.15305714285714286
2019-01-21 15:00:00,3.1114,0.3841,0.1453142857142857
2019-01-21 16:00:00,1.5388,0.19,0.06452857142857142
2019-01-21 17:00:00,0.0,0.0,0.0
2019-01-21 18:00:00,0.0,0.0,0.0
2019-01-21 19:00:00,0.0,0.0,0.0
2019-01-21 20:00:00,0.0,0.0,0.0
2019-01-21 21:00:00,0.0,0.0,0.0
2019-01-21 22:00:00,0.0,0.0,0.0
2019-01-21 23:00:00,0.0,0.0,0.0
2019-01-22 00:00:00,0.0,0.0,0.0
2019-01-22 01:00:00,0.0,0.0,0.0
2019-01-22 02:00:00,0.0,0.0,0.0
2019-01-22 03:00:00,0.0,0.0,0.0
2019-01-22 04:00:00,0.0,0.0,0.0
2019-01-22 05:00:00,0.0,0.0,0.0
2019-01-22 06:00:00,0.0,0.0,0.0
2019-01-22 07:00:00,0.0,0.0,0.0
2019-01-22 08:00:00,0.0,0.0,0.0
2019-01-22 09:00:00,0.3075,0.038,0.05647142857142857
2019-01-22 10:00:00,2.0966,0.2588,0.20131428571428572
2019-01-22 11:00:00,1.7999,0.2222,0.2762857142857143
2019-01-22 12:00:00,1.5901,0.1963,0.32815714285714287
2019-01-22 13:00:00,3.2044,0.3956,0.2799714285714286
2019-01-22 14:00:00,0.9679,0.1195,0.22340000000000002
2019-01-22 15:00:00,0.3768,0.0465,0.19958571428571428
2019-01-22 16:00:00,0.4037,0.0498,0.09347142857142857
2019-01-22 17:00:00,0.0,0.0,0.0
2019-01-22 18:00:00,0.0,0.0,0.0
2019-01-22 19:00:00,0.0,0.0,0.0
2019-01-22 20:00:00,0.0,0.0,0.0
2019-01-22 21:00:00,0.0,0.0,0.0
2019-01-22 22:00:00,0.0,0.0,0.0
2019-01-22 23:00:00,0.0,0.0,0.0
2019-01-23 00:00:00,0.0,0.0,0.0
2019-01-23 01:00:00,0.0,0.0,0.0
2019-01-23 02:00:00,0.0,0.0,0.0
2019-01-23 03:00:00,0.0,0.0,0.0
2019-01-23 04:00:00,0.0,0.0,0.0
2019-01-23 05:00:00,0.0,0.0,0.0
2019-01-23 06:00:00,0.0,0.0,0.0
2019-01-23 07:00:00,0.0,0.0,0.0
2019-01-23 08:00:00,0.0,0.0,0.0
2019-01-23 09:00:00,0.9203,0.1136,0.07288571428571429
2019-01-23 10:00:00,2.0363,0.2514,0.22665714285714283
2019-01-23 11:00:00,1.2982,0.1603,0.33828571428571425
2019-01-23 12:00:00,0.6556,0.0809,0.3621
2019-01-23 13:00:00,0.5082,0.0627,0.35212857142857146
2019-01-23 14:00:00,0.5844,0.0721,0.28665714285714283
2019-01-23 15:00:00,0.2986,0.0369,0.2264
2019-01-23 16:00:00,0.1158,0.0143,0.0976
2019-01-23 17:00:00,0.0,0.0,0.0
2019-01-23 18:00:00,0.0,0.0,0.0
2019-01-23 19:00:00,0.0,0.0,0.0
2019-01-23 20:00:00,0.0,0.0,0.0
2019-01-23 21:00:00,0.0,0.0,0.0
2019-01-23 22:00:00,0.0,0.0,0.0
2019-01-23 23:00:00,0.0,0.0,0.0
2019-01-24 00:00:00,0.0,0.0,0.0
2019-01-24 01:00:00,0.0,0.0,0.0
2019-01-24 02:00:00,0.0,0.0,0.0
2019-01-24 03:00:00,0.0,0.0,0.0
2019-01-24 04:00:00,0.0,0.0,0.0
2019-01-24 05:00:00,0.0,0.0,0.0
2019-01-24 06:00:00,0.0,0.0,0.0
2019-01-24 07:00:00,0.0,0.0,0.0
2019-01-24 08:00:00,0.0,0.0,0.0
2019-01-24 09:00:00,0.1945,0.024,0.07717142857142857
2019-01-24 10:00:00,0.3832,0.0473,0.2532285714285714
2019-01-24 11:00:00,0.3685,0.0455,0.33968571428571426
2019-01-24 12:00:00,0.4603,0.0568,0.3694
2019-01-24 13:00:00,0.5302,0.0655,0.3855142857142857
2019-01-24 14:00:00,0.4233,0.0523,0.29612857142857146
2019-01-24 15:00:00,0.3734,0.0461,0.2315428571428571
2019-01-24 16:00:00,0.5956,0.0735,0.10471428571428572
2019-01-24 17:00:00,0.0,0.0,0.0
2019-01-24 18:00:00,0.0,0.0,0.0
2019-01-24 19:00:00,0.0,0.0,0.0
2019-01-24 20:00:00,0.0,0.0,0.0
2019-01-24 21:00:00,0.0,0.0,0.0
2019-01-24 22:00:00,0.0,0.0,0.0
2019-01-24 23:00:00,0.0,0.0,0.0
2019-01-25 00:00:00,0.0,0.0,0.0
2019-01-25 01:00:00,0.0,0.0,0.0
2019-01-25 02:00:00,0.0,0.0,0.0
2019-01-25 03:00:00,0.0,0.0,0.0
2019-01-25 04:00:00,0.0,0.0,0.0
2019-01-25 05:00:00,0.0,0.0,0.0
2019-01-25 06:00:00,0.0,0.0,0.0
2019-01-25 07:00:00,0.0,0.0,0.0
2019-01-25 08:00:00,0.0,0.0,0.0
2019-01-25 09:00:00,0.8083,0.0998,0.09250000000000001
2019-01-25 10:00:00,0.435,0.0537,0.2805142857142857
2019-01-25 11:00:00,2.1355,0.2636,0.35762857142857146
2019-01-25 12:00:00,2.4485,0.3023,0.36884285714285714
2019-01-25 13:00:00,3.061,0.3779,0.38384285714285715
2019-01-25 14:00:00,1.0175,0.1256,0.2854857142857143
2019-01-25 15:00:00,0.2061,0.0254,0.20815714285714287
2019-01-25 16:00:00,0.1291,0.0159,0.09807142857142857
2019-01-25 17:00:00,0.0,0.0,0.0
2019-01-25 18:00:00,0.0,0.0,0.0
2019-01-25 19:00:00,0.0,0.0,0.0
2019-01-25 20:00:00,0.0,0.0,0.0
2019-01-25 21:00:00,0.0,0.0,0.0
2019-01-25 22:00:00,0.0,0.0,0.0
2019-01-25 23:00:00,0.0,0.0,0.0
2019-01-26 00:00:00,0.0,0.0,0.0
2019-01-26 01:00:00,0.0,0.0,0.0
2019-01-26 02:00:00,0.0,0.0,0.0
2019-01-26 03:00:00,0.0,0.0,0.0
2019-01-26 04:00:00,0.0,0.0,0.0
2019-01-26 05:00:00,0.0,0.0,0.0
2019-01-26 06:00:00,0.0,0.0,0.0
2019-01-26 07:00:00,0.0,0.0,0.0
2019-01-26 08:00:00,0.0,0.0,0.0
2019-01-26 09:00:00,0.3584,0.0442,0.09577142857142858
2019-01-26 10:00:00,0.7455,0.092,0.2809
2019-01-26 11:00:00,0.259,0.032,0.34744285714285716
2019-01-26 12:00:00,0.4038,0.0498,0.3729857142857143
2019-01-26 13:00:00,0.6161,0.0761,0.38164285714285706
2019-01-26 14:00:00,0.7147,0.0882,0.2888285714285714
2019-01-26 15:00:00,0.4718,0.0583,0.19711428571428571
2019-01-26 16:00:00,0.0501,0.0062,0.10098571428571428
2019-01-26 17:00:00,0.0,0.0,0.0
2019-01-26 18:00:00,0.0,0.0,0.0
2019-01-26 19:00:00,0.0,0.0,0.0
2019-01-26 20:00:00,0.0,0.0,0.0
2019-01-26 21:00:00,0.0,0.0,0.0
2019-01-26 22:00:00,0.0,0.0,0.0
2019-01-26 23:00:00,0.0,0.0,0.0
2019-01-27 00:00:00,0.0,0.0,0.0
2019-01-27 01:00:00,0.0,0.0,0.0
2019-01-27 02:00:00,0.0,0.0,0.0
2019-01-27 03:00:00,0.0,0.0,0.0
2019-01-27 04:00:00,0.0,0.0,0.0
2019-01-27 05:00:00,0.0,0.0,0.0
2019-01-27 06:00:00,0.0,0.0,0.0
2019-01-27 07:00:00,0.0,0.0,0.0
2019-01-27 08:00:00,0.0,0.0,0.0
2019-01-27 09:00:00,0.5712,0.0705,0.10324285714285715
2019-01-27 10:00:00,0.4396,0.0543,0.23931428571428573
2019-01-27 11:00:00,0.9443,0.1166,0.31757142857142856
2019-01-27 12:00:00,0.9947,0.1228,0.3409999999999999
2019-01-27 13:00:00,0.8105,0.1001,0.37397142857142857
2019-01-27 14:00:00,0.3488,0.0431,0.2732857142857143
2019-01-27 15:00:00,0.7235,0.0893,0.18802857142857143
2019-01-27 16:00:00,0.0924,0.0114,0.09832857142857143
2019-01-27 17:00:00,0.0,0.0,0.0
2019-01-27 18:00:00,0.0,0.0,0.0
2019-01-27 19:00:00,0.0,0.0,0.0
2019-01-27 20:00:00,0.0,0.0,0.0
2019-01-27 21:00:00,0.0,0.0,0.0
2019-01-27 22:00:00,0.0,0.0,0.0
2019-01-27 23:00:00,0.0,0.0,0.0
2019-01-28 00:00:00,0.0,0.0,0.0
2019-01-28 01:00:00,0.0,0.0,0.0
2019-01-28 02:00:00,0.0,0.0,0.0
2019-01-28 03:00:00,0.0,0.0,0.0
2019-01-28 04:00:00,0.0,0.0,0.0
2019-01-28 05:00:00,0.0,0.0,0.0
2019-01-28 06:00:00,0.0,0.0,0.0
2019-01-28 07:00:00,0.0,0.0,0.0
2019-01-28 08:00:00,0.0,0.0,0.0
2019-01-28 09:00:00,0.2162,0.0267,0.09265714285714287
2019-01-28 10:00:00,0.2631,0.0325,0.20972857142857143
2019-01-28 11:00:00,0.2419,0.0299,0.2472
2019-01-28 12:00:00,0.2349,0.029,0.2616428571428571
2019-01-28 13:00:00,0.3261,0.0403,0.29958571428571423
2019-01-28 14:00:00,0.942,0.1163,0.21355714285714283
2019-01-28 15:00:00,0.8729,0.1078,0.14375714285714286
2019-01-28 16:00:00,0.7775,0.096,0.07928571428571428
2019-01-28 17:00:00,0.0,0.0,0.0
2019-01-28 18:00:00,0.0,0.0,0.0
2019-01-28 19:00:00,0.0,0.0,0.0
2019-01-28 20:00:00,0.0,0.0,0.0
2019-01-28 21:00:00,0.0,0.0,0.0
2019-01-28 22:00:00,0.0,0.0,0.0
2019-01-28 23:00:00,0.0,0.0,0.0
2019-01-29 00:00:00,0.0,0.0,0.0
2019-01-29 01:00:00,0.0,0.0,0.0
2019-01-29 02:00:00,0.0,0.0,0.0
2019-01-29 03:00:00,0.0,0.0,0.0
2019-01-29 04:00:00,0.0,0.0,0.0
2019-01-29 05:00:00,0.0,0.0,0.0
2019-01-29 06:00:00,0.0,0.0,0.0
2019-01-29 07:00:00,0.0,0.0,0.0
2019-01-29 08:00:00,0.0,0.0,0.0
2019-01-29 09:00:00,1.3025,0.1608,0.07937142857142858
2019-01-29 10:00:00,2.2134,0.2733,0.16198571428571426
2019-01-29 11:00:00,3.2545,0.4018,0.1895428571428571
2019-01-29 12:00:00,3.5471,0.4379,0.19419999999999998
2019-01-29 13:00:00,2.798,0.3454,0.23034285714285715
2019-01-29 14:00:00,1.0103,0.1247,0.1434
2019-01-29 15:00:00,0.971,0.1199,0.09808571428571429
2019-01-29 16:00:00,0.4261,0.0526,0.05158571428571428
2019-01-29 17:00:00,0.0,0.0,0.0
2019-01-29 18:00:00,0.0,0.0,0.0
2019-01-29 19:00:00,0.0,0.0,0.0
2019-01-29 20:00:00,0.0,0.0,0.0
2019-01-29 21:00:00,0.0,0.0,0.0
2019-01-29 22:00:00,0.0,0.0,0.0
2019-01-29 23:00:00,0.0,0.0,0.0
2019-01-30 00:00:00,0.0,0.0,0.0
2019-01-30 01:00:00,0.0,0.0,0.0
2019-01-30 02:00:00,0.0,0.0,0.0
2019-01-30 03:00:00,0.0,0.0,0.0
2019-01-30 04:00:00,0.0,0.0,0.0
2019-01-30 05:00:00,0.0,0.0,0.0
2019-01-30 06:00:00,0.0,0.0,0.0
2019-01-30 07:00:00,0.0,0.0,0.0
2019-01-30 08:00:00,0.0,0.0,0.0
2019-01-30 09:00:00,0.2665,0.0329,0.05954285714285714
2019-01-30 10:00:00,0.4697,0.058,0.11285714285714286
2019-01-30 11:00:00,0.2157,0.0266,0.1243
2019-01-30 12:00:00,0.272,0.0336,0.11970000000000001
2019-01-30 13:00:00,0.3493,0.0431,0.15974285714285716
2019-01-30 14:00:00,0.3213,0.0397,0.08815714285714285
2019-01-30 15:00:00,0.5526,0.0682,0.05861428571428571
2019-01-30 16:00:00,0.3115,0.0385,0.038157142857142855
2019-01-30 17:00:00,0.0,0.0,0.0
2019-01-30 18:00:00,0.0,0.0,0.0
2019-01-30 19:00:00,0.0,0.0,0.0
2019-01-30 20:00:00,0.0,0.0,0.0
2019-01-30 21:00:00,0.0,0.0,0.0
2019-01-30 22:00:00,0.0,0.0,0.0
2019-01-30 23:00:00,0.0,0.0,0.0
2019-01-31 00:00:00,0.0,0.0,0.0
2019-01-31 01:00:00,0.0,0.0,0.0
2019-01-31 02:00:00,0.0,0.0,0.0
2019-01-31 03:00:00,0.0,0.0,0.0
2019-01-31 04:00:00,0.0,0.0,0.0
2019-01-31 05:00:00,0.0,0.0,0.0
2019-01-31 06:00:00,0.0,0.0,0.0
2019-01-31 07:00:00,0.0,0.0,0.0
2019-01-31 08:00:00,0.0,0.0,0.0
2019-01-31 09:00:00,1.7379,0.2146,0.0770857142857143
2019-01-31 10:00:00,1.4752,0.1821,0.11492857142857142
2019-01-31 11:00:00,1.0889,0.1344,0.14995714285714287
2019-01-31 12:00:00,1.3273,0.1639,0.1542142857142857
2019-01-31 13:00:00,1.3255,0.1636,0.15257142857142858
2019-01-31 14:00:00,1.6365,0.202,0.08889999999999999
2019-01-31 15:00:00,1.125,0.1389,0.0691
2019-01-31 16:00:00,0.6332,0.0782,0.03855714285714285
2019-01-31 17:00:00,0.0,0.0,0.0
2019-01-31 18:00:00,0.0,0.0,0.0
2019-01-31 19:00:00,0.0,0.0,0.0
2019-01-31 20:00:00,0.0,0.0,0.0
2019-01-31 21:00:00,0.0,0.0,0.0
2019-01-31 22:00:00,0.0,0.0,0.0
2019-01-31 23:00:00,0.0,0.0,0.0
2019-02-01 00:00:00,0.0,0.0,0.0
2019-02-01 01:00:00,0.0,0.0,0.0
2019-02-01 02:00:00,0.0,0.0,0.0
2019-02-01 03:00:00,0.0,0.0,0.0
2019-02-01 04:00:00,0.0,0.0,0.0
2019-02-01 05:00:00,0.0,0.0,0.0
2019-02-01 06:00:00,0.0,0.0,0.0
2019-02-01 07:00:00,0.0,0.0,0.0
2019-02-01 08:00:00,0.0,0.0,0.0
2019-02-01 09:00:00,1.1787,0.1455,0.06555714285714286
2019-02-01 10:00:00,0.6727,0.083,0.0873
2019-02-01 11:00:00,1.1556,0.1427,0.13085714285714284
2019-02-01 12:00:00,1.6998,0.2099,0.14745714285714287
2019-02-01 13:00:00,0.83,0.1025,0.14977142857142858
2019-02-01 14:00:00,1.664,0.2054,0.08427142857142858
2019-02-01 15:00:00,1.2454,0.1538,0.07357142857142858
2019-02-01 16:00:00,0.504,0.0622,0.04201428571428571
2019-02-01 17:00:00,0.0,0.0,0.0
2019-02-01 18:00:00,0.0,0.0,0.0
2019-02-01 19:00:00,0.0,0.0,0.0
2019-02-01 20:00:00,0.0,0.0,0.0
2019-02-01 21:00:00,0.0,0.0,0.0
2019-02-01 22:00:00,0.0,0.0,0.0
2019-02-01 23:00:00,0.0,0.0,0.0
2019-02-02 00:00:00,0.0,0.0,0.0
2019-02-02 01:00:00,0.0,0.0,0.0
2019-02-02 02:00:00,0.0,0.0,0.0
2019-02-02 03:00:00,0.0,0.0,0.0
2019-02-02 04:00:00,0.0,0.0,0.0
2019-02-02 05:00:00,0.0,0.0,0.0
2019-02-02 06:00:00,0.0,0.0,0.0
2019-02-02 07:00:00,0.0,0.0,0.0
2019-02-02 08:00:00,0.0,0.0,0.0
2019-02-02 09:00:00,0.1576,0.0195,0.09278571428571428
2019-02-02 10:00:00,0.2773,0.0342,0.10655714285714286
2019-02-02 11:00:00,0.3751,0.0463,0.14355714285714286
2019-02-02 12:00:00,0.4032,0.0498,0.16275714285714285
2019-02-02 13:00:00,0.3329,0.0411,0.16378571428571428
2019-02-02 14:00:00,0.1504,0.0186,0.10565714285714287
2019-02-02 15:00:00,0.277,0.0342,0.08682857142857141
2019-02-02 16:00:00,0.214,0.0264,0.04268571428571428
2019-02-02 17:00:00,0.0,0.0,0.0
2019-02-02 18:00:00,0.0,0.0,0.0
2019-02-02 19:00:00,0.0,0.0,0.0
2019-02-02 20:00:00,0.0,0.0,0.0
2019-02-02 21:00:00,0.0,0.0,0.0
2019-02-02 22:00:00,0.0,0.0,0.0
2019-02-02 23:00:00,0.0,0.0,0.0
2019-02-03 00:00:00,0.0,0.0,0.0
2019-02-03 01:00:00,0.0,0.0,0.0
2019-02-03 02:00:00,0.0,0.0,0.0
2019-02-03 03:00:00,0.0,0.0,0.0
2019-02-03 04:00:00,0.0,0.0,0.0
2019-02-03 05:00:00,0.0,0.0,0.0
2019-02-03 06:00:00,0.0,0.0,0.0
2019-02-03 07:00:00,0.0,0.0,0.0
2019-02-03 08:00:00,0.0,0.0,0.0
2019-02-03 09:00:00,1.4272,0.1762,0.0993142857142857
2019-02-03 10:00:00,2.2345,0.2759,0.11074285714285714
2019-02-03 11:00:00,4.6073,0.5688,0.12628571428571428
2019-02-03 12:00:00,5.0281,0.6208,0.14955714285714286
2019-02-03 13:00:00,3.0274,0.3738,0.12444285714285715
2019-02-03 14:00:00,1.7987,0.2221,0.11705714285714286
2019-02-03 15:00:00,2.9591,0.3653,0.10517142857142857
2019-02-03 16:00:00,1.5632,0.193,0.0493
2019-02-03 17:00:00,0.0,0.0,0.0
2019-02-03 18:00:00,0.0,0.0,0.0
2019-02-03 19:00:00,0.0,0.0,0.0
2019-02-03 20:00:00,0.0,0.0,0.0
2019-02-03 21:00:00,0.0,0.0,0.0
2019-02-03 22:00:00,0.0,0.0,0.0
2019-02-03 23:00:00,0.0,0.0,0.0
2019-02-04 00:00:00,0.0,0.0,0.0
2019-02-04 01:00:00,0.0,0.0,0.0
2019-02-04 02:00:00,0.0,0.0,0.0
2019-02-04 03:00:00,0.0,0.0,0.0
2019-02-04 04:00:00,0.0,0.0,0.0
2019-02-04 05:00:00,0.0,0.0,0.0
2019-02-04 06:00:00,0.0,0.0,0.0
2019-02-04 07:00:00,0.0,0.0,0.0
2019-02-04 08:00:00,0.0,0.0,0.0
2019-02-04 09:00:00,0.3011,0.0372,0.09578571428571428
2019-02-04 10:00:00,0.962,0.1188,0.10248571428571429
2019-02-04 11:00:00,2.2438,0.277,0.12832857142857143
2019-02-04 12:00:00,2.5877,0.3195,0.14955714285714286
2019-02-04 13:00:00,1.8614,0.2298,0.11944285714285711
2019-02-04 14:00:00,0.5822,0.0719,0.10711428571428572
2019-02-04 15:00:00,0.4987,0.0616,0.10172857142857142
2019-02-04 16:00:00,0.2267,0.028,0.05218571428571428
2019-02-04 17:00:00,0.0,0.0,0.0
2019-02-04 18:00:00,0.0,0.0,0.0
2019-02-04 19:00:00,0.0,0.0,0.0
2019-02-04 20:00:00,0.0,0.0,0.0
2019-02-04 21:00:00,0.0,0.0,0.0
2019-02-04 22:00:00,0.0,0.0,0.0
2019-02-04 23:00:00,0.0,0.0,0.0
2019-02-05 00:00:00,0.0,0.0,0.0
2019-02-05 01:00:00,0.0,0.0,0.0
2019-02-05 02:00:00,0.0,0.0,0.0
2019-02-05 03:00:00,0.0,0.0,0.0
2019-02-05 04:00:00,0.0,0.0,0.0
2019-02-05 05:00:00,0.0,0.0,0.0
2019-02-05 06:00:00,0.0,0.0,0.0
2019-02-05 07:00:00,0.0,0.0,0.0
2019-02-05 08:00:00,0.0,0.0,0.0
2019-02-05 09:00:00,0.3885,0.048,0.11088571428571428
2019-02-05 10:00:00,0.5522,0.0682,0.13414285714285715
2019-02-05 11:00:00,0.504,0.0622,0.1929285714285714
2019-02-05 12:00:00,0.8425,0.104,0.22069999999999998
2019-02-05 13:00:00,0.7218,0.0891,0.15854285714285712
2019-02-05 14:00:00,0.8583,0.106,0.1326857142857143
2019-02-05 15:00:00,0.596,0.0736,0.14115714285714284
2019-02-05 16:00:00,0.3873,0.0478,0.07812857142857142
2019-02-05 17:00:00,0.0,0.0,0.0
2019-02-05 18:00:00,0.0,0.0,0.0
2019-02-05 19:00:00,0.0,0.0,0.0
2019-02-05 20:00:00,0.0,0.0,0.0
2019-02-05 21:00:00,0.0,0.0,0.0
2019-02-05 22:00:00,0.0,0.0,0.0
2019-02-05 23:00:00,0.0,0.0,0.0
2019-02-06 00:00:00,0.0,0.0,0.0
2019-02-06 01:00:00,0.0,0.0,0.0
2019-02-06 02:00:00,0.0,0.0,0.0
2019-02-06 03:00:00,0.0,0.0,0.0
2019-02-06 04:00:00,0.0,0.0,0.0
2019-02-06 05:00:00,0.0,0.0,0.0
2019-02-06 06:00:00,0.0,0.0,0.0
2019-02-06 07:00:00,0.0,0.0,0.0
2019-02-06 08:00:00,0.0,0.0,0.0
2019-02-06 09:00:00,0.4227,0.0522,0.11238571428571428
2019-02-06 10:00:00,0.4891,0.0604,0.14647142857142856
2019-02-06 11:00:00,1.6865,0.2082,0.22822857142857142
2019-02-06 12:00:00,3.6931,0.4559,0.2622
2019-02-06 13:00:00,0.8498,0.1049,0.1856142857142857
2019-02-06 14:00:00,0.9789,0.1209,0.12634285714285715
2019-02-06 15:00:00,0.5915,0.073,0.13455714285714285
2019-02-06 16:00:00,1.3604,0.168,0.06841428571428572
2019-02-06 17:00:00,0.0,0.0,0.0
2019-02-06 18:00:00,0.0,0.0,0.0
2019-02-06 19:00:00,0.0,0.0,0.0
2019-02-06 20:00:00,0.0,0.0,0.0
2019-02-06 21:00:00,0.0,0.0,0.0
2019-02-06 22:00:00,0.0,0.0,0.0
2019-02-06 23:00:00,0.0,0.0,0.0
2019-02-07 00:00:00,0.0,0.0,0.0
2019-02-07 01:00:00,0.0,0.0,0.0
2019-02-07 02:00:00,0.0,0.0,0.0
2019-02-07 03:00:00,0.0,0.0,0.0
2019-02-07 04:00:00,0.0,0.0,0.0
2019-02-07 05:00:00,0.0,0.0,0.0
2019-02-07 06:00:00,0.0,0.0,0.0
2019-02-07 07:00:00,0.0,0.0,0.0
2019-02-07 08:00:00,0.0,0.0,0.0
2019-02-07 09:00:00,0.0842,0.0104,0.09627142857142856
2019-02-07 10:00:00,2.7,0.3333,0.11717142857142858
2019-02-07 11:00:00,1.7906,0.2211,0.17971428571428572
2019-02-07 12:00:00,3.5991,0.4443,0.2145
2019-02-07 13:00:00,4.5867,0.5663,0.149
2019-02-07 14:00:00,3.3535,0.414,0.12367142857142857
2019-02-07 15:00:00,2.3678,0.2923,0.12794285714285714
2019-02-07 16:00:00,0.4768,0.0589,0.06772857142857143
2019-02-07 17:00:00,0.0453,0.0056,0.0
2019-02-07 18:00:00,0.0,0.0,0.0
2019-02-07 19:00:00,0.0,0.0,0.0
2019-02-07 20:00:00,0.0,0.0,0.0
2019-02-07 21:00:00,0.0,0.0,0.0
2019-02-07 22:00:00,0.0,0.0,0.0
2019-02-07 23:00:00,0.0,0.0,0.0
2019-02-08 00:00:00,0.0,0.0,0.0
2019-02-08 01:00:00,0.0,0.0,0.0
2019-02-08 02:00:00,0.0,0.0,0.0
2019-02-08 03:00:00,0.0,0.0,0.0
2019-02-08 04:00:00,0.0,0.0,0.0
2019-02-08 05:00:00,0.0,0.0,0.0
2019-02-08 06:00:00,0.0,0.0,0.0
2019-02-08 07:00:00,0.0,0.0,0.0
2019-02-08 08:00:00,0.0,0.0,0.0
2019-02-08 09:00:00,1.535,0.1895,0.09902857142857144
2019-02-08 10:00:00,0.9366,0.1156,0.11751428571428571
2019-02-08 11:00:00,2.2377,0.2763,0.20565714285714284
2019-02-08 12:00:00,1.0825,0.1336,0.2748285714285714
2019-02-08 13:00:00,0.9369,0.1157,0.15782857142857143
2019-02-08 14:00:00,0.5097,0.0629,0.13527142857142857
2019-02-08 15:00:00,0.9116,0.1125,0.12862857142857143
2019-02-08 16:00:00,0.3378,0.0417,0.08622857142857142
2019-02-08 17:00:00,0.0008,0.0001,0.0
2019-02-08 18:00:00,0.0,0.0,0.0
2019-02-08 19:00:00,0.0,0.0,0.0
2019-02-08 20:00:00,0.0,0.0,0.0
2019-02-08 21:00:00,0.0,0.0,0.0
2019-02-08 22:00:00,0.0,0.0,0.0
2019-02-08 23:00:00,0.0,0.0,0.0
2019-02-09 00:00:00,0.0,0.0,0.0
2019-02-09 01:00:00,0.0,0.0,0.0
2019-02-09 02:00:00,0.0,0.0,0.0
2019-02-09 03:00:00,0.0,0.0,0.0
2019-02-09 04:00:00,0.0,0.0,0.0
2019-02-09 05:00:00,0.0,0.0,0.0
2019-02-09 06:00:00,0.0,0.0,0.0
2019-02-09 07:00:00,0.0,0.0,0.0
2019-02-09 08:00:00,0.0,0.0,0.0
2019-02-09 09:00:00,0.5399,0.0667,0.06985714285714285
2019-02-09 10:00:00,0.5574,0.0688,0.13911428571428572
2019-02-09 11:00:00,1.1066,0.1366,0.21804285714285715
2019-02-09 12:00:00,1.7764,0.2193,0.3148857142857143
2019-02-09 13:00:00,0.6581,0.0812,0.21535714285714286
2019-02-09 14:00:00,3.9464,0.4872,0.16555714285714287
2019-02-09 15:00:00,0.9449,0.1167,0.15054285714285712
2019-02-09 16:00:00,0.3038,0.0375,0.08347142857142856
2019-02-09 17:00:00,0.073,0.009,0.0008
2019-02-09 18:00:00,0.0,0.0,0.0
2019-02-09 19:00:00,0.0,0.0,0.0
2019-02-09 20:00:00,0.0,0.0,0.0
2019-02-09 21:00:00,0.0,0.0,0.0
2019-02-09 22:00:00,0.0,0.0,0.0
2019-02-09 23:00:00,0.0,0.0,0.0
2019-02-10 00:00:00,0.0,0.0,0.0
2019-02-10 01:00:00,0.0,0.0,0.0
2019-02-10 02:00:00,0.0,0.0,0.0
2019-02-10 03:00:00,0.0,0.0,0.0
2019-02-10 04:00:00,0.0,0.0,0.0
2019-02-10 05:00:00,0.0,0.0,0.0
2019-02-10 06:00:00,0.0,0.0,0.0
2019-02-10 07:00:00,0.0,0.0,0.0
2019-02-10 08:00:00,0.0,0.0,0.0
2019-02-10 09:00:00,0.3526,0.0435,0.07614285714285715
2019-02-10 10:00:00,0.1797,0.0222,0.14377142857142858
2019-02-10 11:00:00,0.6433,0.0794,0.2371285714285714
2019-02-10 12:00:00,0.5217,0.0644,0.30398571428571425
2019-02-10 13:00:00,0.6461,0.0798,0.21724285714285713
2019-02-10 14:00:00,0.8901,0.1099,0.1452
2019-02-10 15:00:00,0.2707,0.0334,0.14464285714285713
2019-02-10 16:00:00,0.0499,0.0062,0.08054285714285714
2019-02-10 17:00:00,0.1006,0.0124,0.0008142857142857143
2019-02-10 18:00:00,0.0,0.0,0.0
2019-02-10 19:00:00,0.0,0.0,0.0
2019-02-10 20:00:00,0.0,0.0,0.0
2019-02-10 21:00:00,0.0,0.0,0.0
2019-02-10 22:00:00,0.0,0.0,0.0
2019-02-10 23:00:00,0.0,0.0,0.0
2019-02-11 00:00:00,0.0,0.0,0.0
2019-02-11 01:00:00,0.0,0.0,0.0
2019-02-11 02:00:00,0.0,0.0,0.0
2019-02-11 03:00:00,0.0,0.0,0.0
2019-02-11 04:00:00,0.0,0.0,0.0
2019-02-11 05:00:00,0.0,0.0,0.0
2019-02-11 06:00:00,0.0,0.0,0.0
2019-02-11 07:00:00,0.0,0.0,0.0
2019-02-11 08:00:00,0.0,0.0,0.0
2019-02-11 09:00:00,0.6753,0.0834,0.08288571428571427
2019-02-11 10:00:00,2.1014,0.2594,0.14871428571428572
2019-02-11 11:00:00,0.6345,0.0783,0.25002857142857143
2019-02-11 12:00:00,1.6415,0.2027,0.3282
2019-02-11 13:00:00,2.6265,0.3243,0.2229714285714286
2019-02-11 14:00:00,0.712,0.0879,0.21214285714285716
2019-02-11 15:00:00,0.1333,0.0165,0.15642857142857142
2019-02-11 16:00:00,2.2415,0.2767,0.08212857142857143
2019-02-11 17:00:00,0.4349,0.0537,0.0021
2019-02-11 18:00:00,0.0,0.0,0.0
2019-02-11 19:00:00,0.0,0.0,0.0
2019-02-11 20:00:00,0.0,0.0,0.0
2019-02-11 21:00:00,0.0,0.0,0.0
2019-02-11 22:00:00,0.0,0.0,0.0
2019-02-11 23:00:00,0.0,0.0,0.0
2019-02-12 00:00:00,0.0,0.0,0.0
2019-02-12 01:00:00,0.0,0.0,0.0
2019-02-12 02:00:00,0.0,0.0,0.0
2019-02-12 03:00:00,0.0,0.0,0.0
2019-02-12 04:00:00,0.0,0.0,0.0
2019-02-12 05:00:00,0.0,0.0,0.0
2019-02-12 06:00:00,0.0,0.0,0.0
2019-02-12 07:00:00,0.0,0.0,0.0
2019-02-12 08:00:00,0.0,0.0,0.0
2019-02-12 09:00:00,0.319,0.0394,0.06392857142857143
2019-02-12 10:00:00,0.534,0.0659,0.11247142857142856
2019-02-12 11:00:00,0.8442,0.1042,0.18011428571428573
2019-02-12 12:00:00,1.4198,0.1753,0.2487142857142857
2019-02-12 13:00:00,1.1874,0.1466,0.18097142857142856
2019-02-12 14:00:00,4.0613,0.5014,0.1961142857142857
2019-02-12 15:00:00,2.4153,0.2982,0.1090142857142857
2019-02-12 16:00:00,1.9801,0.2445,0.055442857142857134
2019-02-12 17:00:00,0.0781,0.0096,0.0038714285714285712
2019-02-12 18:00:00,0.0,0.0,0.0
2019-02-12 19:00:00,0.0,0.0,0.0
2019-02-12 20:00:00,0.0,0.0,0.0
2019-02-12 21:00:00,0.0,0.0,0.0
2019-02-12 22:00:00,0.0,0.0,0.0
2019-02-12 23:00:00,0.0,0.0,0.0
2019-02-13 00:00:00,0.0,0.0,0.0
2019-02-13 01:00:00,0.0,0.0,0.0
2019-02-13 02:00:00,0.0,0.0,0.0
2019-02-13 03:00:00,0.0,0.0,0.0
2019-02-13 04:00:00,0.0,0.0,0.0
2019-02-13 05:00:00,0.0,0.0,0.0
2019-02-13 06:00:00,0.0,0.0,0.0
2019-02-13 07:00:00,0.0,0.0,0.0
2019-02-13 08:00:00,0.0,0.0,0.0
2019-02-13 09:00:00,1.7555,0.2167,0.07052857142857143
2019-02-13 10:00:00,3.2785,0.4048,0.13255714285714287
2019-02-13 11:00:00,4.2089,0.5196,0.15172857142857143
2019-02-13 12:00:00,3.6955,0.4562,0.23202857142857145
2019-02-13 13:00:00,4.2548,0.5253,0.19447142857142857
2019-02-13 14:00:00,3.8502,0.4753,0.1984
2019-02-13 15:00:00,2.3996,0.2963,0.10257142857142856
2019-02-13 16:00:00,1.6446,0.203,0.09097142857142856
2019-02-13 17:00:00,0.4111,0.0507,0.011542857142857143
2019-02-13 18:00:00,0.0,0.0,0.0
2019-02-13 19:00:00,0.0,0.0,0.0
2019-02-13 20:00:00,0.0,0.0,0.0
2019-02-13 21:00:00,0.0,0.0,0.0
2019-02-13 22:00:00,0.0,0.0,0.0
2019-02-13 23:00:00,0.0,0.0,0.0
2019-02-14 00:00:00,0.0,0.0,0.0
2019-02-14 01:00:00,0.0,0.0,0.0
2019-02-14 02:00:00,0.0,0.0,0.0
2019-02-14 03:00:00,0.0,0.0,0.0
2019-02-14 04:00:00,0.0,0.0,0.0
2019-02-14 05:00:00,0.0,0.0,0.0
2019-02-14 06:00:00,0.0,0.0,0.0
2019-02-14 07:00:00,0.0,0.0,0.0
2019-02-14 08:00:00,0.0094,0.0012,0.0
2019-02-14 09:00:00,2.0205,0.2494,0.0693
2019-02-14 10:00:00,3.5569,0.4391,0.13222857142857142
2019-02-14 11:00:00,4.5132,0.5572,0.1577285714285714
2019-02-14 12:00:00,5.0344,0.6215,0.24221428571428572
2019-02-14 13:00:00,5.1543,0.6363,0.2026857142857143
2019-02-14 14:00:00,4.4883,0.5541,0.25488571428571427
2019-02-14 15:00:00,3.7463,0.4625,0.13465714285714286
2019-02-14 16:00:00,2.4962,0.3082,0.11907142857142856
2019-02-14 17:00:00,0.7324,0.0904,0.012914285714285713
2019-02-14 18:00:00,0.0,0.0,0.0
2019-02-14 19:00:00,0.0,0.0,0.0
2019-02-14 20:00:00,0.0,0.0,0.0
2019-02-14 21:00:00,0.0,0.0,0.0
2019-02-14 22:00:00,0.0,0.0,0.0
2019-02-14 23:00:00,0.0,0.0,0.0
2019-02-15 00:00:00,0.0,0.0,0.0
2019-02-15 01:00:00,0.0,0.0,0.0
2019-02-15 02:00:00,0.0,0.0,0.0
2019-02-15 03:00:00,0.0,0.0,0.0
2019-02-15 04:00:00,0.0,0.0,0.0
2019-02-15 05:00:00,0.0,0.0,0.0
2019-02-15 06:00:00,0.0,0.0,0.0
2019-02-15 07:00:00,0.0,0.0,0.0
2019-02-15 08:00:00,0.1261,0.0156,0.0
2019-02-15 09:00:00,2.0917,0.2582,0.0928
2019-02-15 10:00:00,3.6033,0.4449,0.18142857142857144
2019-02-15 11:00:00,4.5399,0.5605,0.2022142857142857
2019-02-15 12:00:00,5.0411,0.6224,0.24225714285714287
2019-02-15 13:00:00,5.2582,0.6492,0.2627428571428571
2019-02-15 14:00:00,4.7074,0.5812,0.3055142857142857
2019-02-15 15:00:00,3.8015,0.4693,0.16655714285714285
2019-02-15 16:00:00,2.5325,0.3126,0.12407142857142857
2019-02-15 17:00:00,0.6468,0.0799,0.020157142857142856
2019-02-15 18:00:00,0.0,0.0,0.0
2019-02-15 19:00:00,0.0,0.0,0.0
2019-02-15 20:00:00,0.0,0.0,0.0
2019-02-15 21:00:00,0.0,0.0,0.0
2019-02-15 22:00:00,0.0,0.0,0.0
2019-02-15 23:00:00,0.0,0.0,0.0
2019-02-16 00:00:00,0.0,0.0,0.0
2019-02-16 01:00:00,0.0,0.0,0.0
2019-02-16 02:00:00,0.0,0.0,0.0
2019-02-16 03:00:00,0.0,0.0,0.0
2019-02-16 04:00:00,0.0,0.0,0.0
2019-02-16 05:00:00,0.0,0.0,0.0
2019-02-16 06:00:00,0.0,0.0,0.0
2019-02-16 07:00:00,0.0,0.0,0.0
2019-02-16 08:00:00,0.1601,0.0198,0.0001714285714285709
2019-02-16 09:00:00,2.0954,0.2587,0.12694285714285716
2019-02-16 10:00:00,3.5895,0.4432,0.19654285714285716
2019-02-16 11:00:00,4.5997,0.5679,0.2502285714285714
2019-02-16 12:00:00,5.0195,0.6197,0.2675714285714286
2019-02-16 13:00:00,5.2965,0.6539,0.2727428571428571
2019-02-16 14:00:00,4.7025,0.5806,0.3255285714285714
2019-02-16 15:00:00,3.7441,0.4622,0.19087142857142858
2019-02-16 16:00:00,2.411,0.2977,0.15968571428571426
2019-02-16 17:00:00,0.6303,0.0778,0.03227142857142857
2019-02-16 18:00:00,0.0,0.0,0.0
2019-02-16 19:00:00,0.0,0.0,0.0
2019-02-16 20:00:00,0.0,0.0,0.0
2019-02-16 21:00:00,0.0,0.0,0.0
2019-02-16 22:00:00,0.0,0.0,0.0
2019-02-16 23:00:00,0.0,0.0,0.0
2019-02-17 00:00:00,0.0,0.0,0.0
2019-02-17 01:00:00,0.0,0.0,0.0
2019-02-17 02:00:00,0.0,0.0,0.0
2019-02-17 03:00:00,0.0,0.0,0.0
2019-02-17 04:00:00,0.0,0.0,0.0
2019-02-17 05:00:00,0.0,0.0,0.0
2019-02-17 06:00:00,0.0,0.0,0.0
2019-02-17 07:00:00,0.0,0.0,0.0
2019-02-17 08:00:00,0.077,0.0095,0.0023999999999999994
2019-02-17 09:00:00,1.1837,0.1461,0.13675714285714285
2019-02-17 10:00:00,3.0657,0.3785,0.24358571428571427
2019-02-17 11:00:00,4.1649,0.5142,0.29082857142857144
2019-02-17 12:00:00,4.8797,0.6024,0.33740000000000003
2019-02-17 13:00:00,5.1523,0.6361,0.34895714285714285
2019-02-17 14:00:00,4.6649,0.5759,0.3995714285714286
2019-02-17 15:00:00,3.8715,0.478,0.2418428571428571
2019-02-17 16:00:00,2.5103,0.3099,0.19838571428571425
2019-02-17 17:00:00,0.7035,0.0868,0.04367142857142857
2019-02-17 18:00:00,0.0,0.0,0.0
2019-02-17 19:00:00,0.0,0.0,0.0
2019-02-17 20:00:00,0.0,0.0,0.0
2019-02-17 21:00:00,0.0,0.0,0.0
2019-02-17 22:00:00,0.0,0.0,0.0
2019-02-17 23:00:00,0.0,0.0,0.0
2019-02-18 00:00:00,0.0,0.0,0.0
2019-02-18 01:00:00,0.0,0.0,0.0
2019-02-18 02:00:00,0.0,0.0,0.0
2019-02-18 03:00:00,0.0,0.0,0.0
2019-02-18 04:00:00,0.0,0.0,0.0
2019-02-18 05:00:00,0.0,0.0,0.0
2019-02-18 06:00:00,0.0,0.0,0.0
2019-02-18 07:00:00,0.0,0.0,0.0
2019-02-18 08:00:00,0.2728,0.0337,0.005228571428571428
2019-02-18 09:00:00,2.1432,0.2646,0.1641857142857143
2019-02-18 10:00:00,3.669,0.453,0.29707142857142854
2019-02-18 11:00:00,4.5993,0.5678,0.3524428571428571
2019-02-18 12:00:00,5.1126,0.6312,0.3946
2019-02-18 13:00:00,5.3399,0.6592,0.4307714285714286
2019-02-18 14:00:00,4.8273,0.596,0.41291428571428573
2019-02-18 15:00:00,3.7763,0.4662,0.2912
2019-02-18 16:00:00,2.5887,0.3196,0.23555714285714285
2019-02-18 17:00:00,0.6009,0.0742,0.05349999999999999
2019-02-18 18:00:00,0.0,0.0,0.0
2019-02-18 19:00:00,0.0,0.0,0.0
2019-02-18 20:00:00,0.0,0.0,0.0
2019-02-18 21:00:00,0.0,0.0,0.0
2019-02-18 22:00:00,0.0,0.0,0.0
2019-02-18 23:00:00,0.0,0.0,0.0
2019-02-19 00:00:00,0.0,0.0,0.0
2019-02-19 01:00:00,0.0,0.0,0.0
2019-02-19 02:00:00,0.0,0.0,0.0
2019-02-19 03:00:00,0.0,0.0,0.0
2019-02-19 04:00:00,0.0,0.0,0.0
2019-02-19 05:00:00,0.0,0.0,0.0
2019-02-19 06:00:00,0.0,0.0,0.0
2019-02-19 07:00:00,0.0,0.0,0.0
2019-02-19 08:00:00,0.0945,0.0117,0.006585714285714285
2019-02-19 09:00:00,1.6725,0.2065,0.17884285714285714
2019-02-19 10:00:00,3.6274,0.4478,0.34797142857142865
2019-02-19 11:00:00,4.2856,0.5291,0.4145571428571429
2019-02-19 12:00:00,5.1571,0.6367,0.4714571428571429
2019-02-19 13:00:00,3.5867,0.4428,0.5102428571428571
2019-02-19 14:00:00,3.6858,0.455,0.47948571428571424
2019-02-19 15:00:00,2.9071,0.3589,0.35471428571428565
2019-02-19 16:00:00,1.9341,0.2388,0.2789428571428571
2019-02-19 17:00:00,1.0765,0.1329,0.06412857142857142
2019-02-19 18:00:00,0.0,0.0,0.0
2019-02-19 19:00:00,0.0,0.0,0.0
2019-02-19 20:00:00,0.0,0.0,0.0
2019-02-19 21:00:00,0.0,0.0,0.0
2019-02-19 22:00:00,0.0,0.0,0.0
2019-02-19 23:00:00,0.0,0.0,0.0
2019-02-20 00:00:00,0.0,0.0,0.0
2019-02-20 01:00:00,0.0,0.0,0.0
2019-02-20 02:00:00,0.0,0.0,0.0
2019-02-20 03:00:00,0.0,0.0,0.0
2019-02-20 04:00:00,0.0,0.0,0.0
2019-02-20 05:00:00,0.0,0.0,0.0
2019-02-20 06:00:00,0.0,0.0,0.0
2019-02-20 07:00:00,0.0,0.0,0.0
2019-02-20 08:00:00,0.3466,0.0428,0.011399999999999999
2019-02-20 09:00:00,1.9886,0.2455,0.20472857142857143
2019-02-20 10:00:00,3.1118,0.3842,0.3756285714285714
2019-02-20 11:00:00,3.9503,0.4877,0.4844857142857143
2019-02-20 12:00:00,2.7763,0.3427,0.5326714285714286
2019-02-20 13:00:00,2.6255,0.3241,0.5580857142857143
2019-02-20 14:00:00,2.6375,0.3256,0.5520714285714285
2019-02-20 15:00:00,2.5036,0.3091,0.41895714285714286
2019-02-20 16:00:00,1.4977,0.1849,0.28507142857142853
2019-02-20 17:00:00,0.7385,0.0912,0.06705714285714286
2019-02-20 18:00:00,0.0,0.0,0.0
2019-02-20 19:00:00,0.0,0.0,0.0
2019-02-20 20:00:00,0.0,0.0,0.0
2019-02-20 21:00:00,0.0,0.0,0.0
2019-02-20 22:00:00,0.0,0.0,0.0
2019-02-20 23:00:00,0.0,0.0,0.0
2019-02-21 00:00:00,0.0,0.0,0.0
2019-02-21 01:00:00,0.0,0.0,0.0
2019-02-21 02:00:00,0.0,0.0,0.0
2019-02-21 03:00:00,0.0,0.0,0.0
2019-02-21 04:00:00,0.0,0.0,0.0
2019-02-21 05:00:00,0.0,0.0,0.0
2019-02-21 06:00:00,0.0,0.0,0.0
2019-02-21 07:00:00,0.0,0.0,0.0
2019-02-21 08:00:00,0.0011,0.0001,0.01307142857142857
2019-02-21 09:00:00,0.6493,0.0802,0.2286
2019-02-21 10:00:00,1.9095,0.2357,0.4301857142857143
2019-02-21 11:00:00,1.462,0.1805,0.5451857142857143
2019-02-21 12:00:00,2.0905,0.2581,0.5985857142857143
2019-02-21 13:00:00,4.5842,0.5659,0.6003999999999999
2019-02-21 14:00:00,3.5695,0.4407,0.5454428571428572
2019-02-21 15:00:00,0.9694,0.1197,0.4276285714285714
2019-02-21 16:00:00,1.5893,0.1962,0.2842571428571429
2019-02-21 17:00:00,0.3243,0.04,0.08467142857142858
2019-02-21 18:00:00,0.0,0.0,0.0
2019-02-21 19:00:00,0.0,0.0,0.0
2019-02-21 20:00:00,0.0,0.0,0.0
2019-02-21 21:00:00,0.0,0.0,0.0
2019-02-21 22:00:00,0.0,0.0,0.0
2019-02-21 23:00:00,0.0,0.0,0.0
2019-02-22 00:00:00,0.0,0.0,0.0
2019-02-22 01:00:00,0.0,0.0,0.0
2019-02-22 02:00:00,0.0,0.0,0.0
2019-02-22 03:00:00,0.0,0.0,0.0
2019-02-22 04:00:00,0.0,0.0,0.0
2019-02-22 05:00:00,0.0,0.0,0.0
2019-02-22 06:00:00,0.0,0.0,0.0
2019-02-22 07:00:00,0.0,0.0,0.0
2019-02-22 08:00:00,0.3139,0.0388,0.019185714285714285
2019-02-22 09:00:00,0.598,0.0738,0.2327142857142857
2019-02-22 10:00:00,0.636,0.0785,0.42724285714285715
2019-02-22 11:00:00,0.7027,0.0867,0.5406285714285713
2019-02-22 12:00:00,0.6681,0.0825,0.5823714285714285
2019-02-22 13:00:00,0.5461,0.0674,0.5716571428571429
2019-02-22 14:00:00,1.7642,0.2178,0.5240571428571428
2019-02-22 15:00:00,1.7203,0.2124,0.4294571428571428
2019-02-22 16:00:00,1.4728,0.1818,0.2816714285714285
2019-02-22 17:00:00,0.1031,0.0127,0.09045714285714286
2019-02-22 18:00:00,0.0,0.0,0.0
2019-02-22 19:00:00,0.0,0.0,0.0
2019-02-22 20:00:00,0.0,0.0,0.0
2019-02-22 21:00:00,0.0,0.0,0.0
2019-02-22 22:00:00,0.0,0.0,0.0
2019-02-22 23:00:00,0.0,0.0,0.0
2019-02-23 00:00:00,0.0,0.0,0.0
2019-02-23 01:00:00,0.0,0.0,0.0
2019-02-23 02:00:00,0.0,0.0,0.0
2019-02-23 03:00:00,0.0,0.0,0.0
2019-02-23 04:00:00,0.0,0.0,0.0
2019-02-23 05:00:00,0.0,0.0,0.0
2019-02-23 06:00:00,0.0,0.0,0.0
2019-02-23 07:00:00,0.0,0.0,0.0
2019-02-23 08:00:00,0.7043,0.087,0.019028571428571426
2019-02-23 09:00:00,2.4626,0.304,0.2085428571428571
2019-02-23 10:00:00,3.9063,0.4823,0.3981857142857143
2019-02-23 11:00:00,4.8661,0.6008,0.48681428571428575
2019-02-23 12:00:00,5.416,0.6686,0.5304571428571428
2019-02-23 13:00:00,5.1695,0.6382,0.5616
2019-02-23 14:00:00,4.2983,0.5307,0.5078571428571429
2019-02-23 15:00:00,3.2015,0.3952,0.3804857142857143
2019-02-23 16:00:00,1.7396,0.2148,0.2656714285714286
2019-02-23 17:00:00,0.9022,0.1114,0.08325714285714285
2019-02-23 18:00:00,0.0,0.0,0.0
2019-02-23 19:00:00,0.0,0.0,0.0
2019-02-23 20:00:00,0.0,0.0,0.0
2019-02-23 21:00:00,0.0,0.0,0.0
2019-02-23 22:00:00,0.0,0.0,0.0
2019-02-23 23:00:00,0.0,0.0,0.0
2019-02-24 00:00:00,0.0,0.0,0.0
2019-02-24 01:00:00,0.0,0.0,0.0
2019-02-24 02:00:00,0.0,0.0,0.0
2019-02-24 03:00:00,0.0,0.0,0.0
2019-02-24 04:00:00,0.0,0.0,0.0
2019-02-24 05:00:00,0.0,0.0,0.0
2019-02-24 06:00:00,0.0,0.0,0.0
2019-02-24 07:00:00,0.0,0.0,0.0
2019-02-24 08:00:00,0.6445,0.0796,0.022342857142857143
2019-02-24 09:00:00,2.456,0.3032,0.1822
2019-02-24 10:00:00,3.8717,0.478,0.3458428571428572
2019-02-24 11:00:00,4.8012,0.5927,0.4191285714285714
2019-02-24 12:00:00,5.3199,0.6568,0.4533285714285714
2019-02-24 13:00:00,5.314,0.6561,0.4784857142857143
2019-02-24 14:00:00,4.9326,0.609,0.4559428571428571
2019-02-24 15:00:00,4.0959,0.5057,0.34378571428571425
2019-02-24 16:00:00,2.9087,0.3591,0.24698571428571428
2019-02-24 17:00:00,1.1621,0.1435,0.07365714285714285
2019-02-24 18:00:00,0.0,0.0,0.0
2019-02-24 19:00:00,0.0,0.0,0.0
2019-02-24 20:00:00,0.0,0.0,0.0
2019-02-24 21:00:00,0.0,0.0,0.0
2019-02-24 22:00:00,0.0,0.0,0.0
2019-02-24 23:00:00,0.0,0.0,0.0
2019-02-25 00:00:00,0.0,0.0,0.0
2019-02-25 01:00:00,0.0,0.0,0.0
2019-02-25 02:00:00,0.0,0.0,0.0
2019-02-25 03:00:00,0.0,0.0,0.0
2019-02-25 04:00:00,0.0,0.0,0.0
2019-02-25 05:00:00,0.0,0.0,0.0
2019-02-25 06:00:00,0.0,0.0,0.0
2019-02-25 07:00:00,0.0,0.0,0.0
2019-02-25 08:00:00,0.7086,0.0875,0.03194285714285714
2019-02-25 09:00:00,2.5775,0.3182,0.18867142857142857
2019-02-25 10:00:00,3.9419,0.4867,0.3514285714285714
2019-02-25 11:00:00,4.8378,0.5973,0.42382857142857144
2019-02-25 12:00:00,5.3243,0.6573,0.46031428571428573
2019-02-25 13:00:00,5.3215,0.657,0.47624285714285713
2019-02-25 14:00:00,4.9933,0.6165,0.44881428571428567
2019-02-25 15:00:00,4.1626,0.5139,0.3342142857142857
2019-02-25 16:00:00,2.893,0.3572,0.23514285714285713
2019-02-25 17:00:00,1.2111,0.1495,0.07845714285714286
2019-02-25 18:00:00,0.0,0.0,0.0
2019-02-25 19:00:00,0.0,0.0,0.0
2019-02-25 20:00:00,0.0,0.0,0.0
2019-02-25 21:00:00,0.0,0.0,0.0
2019-02-25 22:00:00,0.0,0.0,0.0
2019-02-25 23:00:00,0.0,0.0,0.0
2019-02-26 00:00:00,0.0,0.0,0.0
2019-02-26 01:00:00,0.0,0.0,0.0
2019-02-26 02:00:00,0.0,0.0,0.0
2019-02-26 03:00:00,0.0,0.0,0.0
2019-02-26 04:00:00,0.0,0.0,0.0
2019-02-26 05:00:00,0.0,0.0,0.0
2019-02-26 06:00:00,0.0,0.0,0.0
2019-02-26 07:00:00,0.0,0.0,0.0
2019-02-26 08:00:00,0.8687,0.1072,0.04195714285714286
2019-02-26 09:00:00,2.5841,0.319,0.21111428571428573
2019-02-26 10:00:00,3.9367,0.486,0.3656428571428572
2019-02-26 11:00:00,4.8266,0.5959,0.4350428571428572
2019-02-26 12:00:00,5.2883,0.6529,0.46808571428571427
2019-02-26 13:00:00,5.3177,0.6565,0.47909999999999997
2019-02-26 14:00:00,5.0128,0.6189,0.45354285714285714
2019-02-26 15:00:00,4.2005,0.5186,0.33817142857142857
2019-02-26 16:00:00,2.9601,0.3654,0.24217142857142854
2019-02-26 17:00:00,1.2178,0.1503,0.08655714285714286
2019-02-26 18:00:00,0.0,0.0,0.0
2019-02-26 19:00:00,0.0,0.0,0.0
2019-02-26 20:00:00,0.0,0.0,0.0
2019-02-26 21:00:00,0.0,0.0,0.0
2019-02-26 22:00:00,0.0,0.0,0.0
2019-02-26 23:00:00,0.0,0.0,0.0
2019-02-27 00:00:00,0.0,0.0,0.0
2019-02-27 01:00:00,0.0,0.0,0.0
2019-02-27 02:00:00,0.0,0.0,0.0
2019-02-27 03:00:00,0.0,0.0,0.0
2019-02-27 04:00:00,0.0,0.0,0.0
2019-02-27 05:00:00,0.0,0.0,0.0
2019-02-27 06:00:00,0.0,0.0,0.0
2019-02-27 07:00:00,0.0,0.0,0.0
2019-02-27 08:00:00,0.9188,0.1134,0.04964285714285715
2019-02-27 09:00:00,2.6676,0.3293,0.2187714285714286
2019-02-27 10:00:00,4.0145,0.4956,0.3704571428571429
2019-02-27 11:00:00,4.9569,0.612,0.4392571428571429
2019-02-27 12:00:00,5.4219,0.6694,0.47181428571428574
2019-02-27 13:00:00,5.2758,0.6513,0.47878571428571426
2019-02-27 14:00:00,5.0216,0.62,0.45647142857142853
2019-02-27 15:00:00,4.2155,0.5204,0.34498571428571434
2019-02-27 16:00:00,2.9855,0.3686,0.24754285714285715
2019-02-27 17:00:00,1.2998,0.1605,0.0973142857142857
2019-02-27 18:00:00,0.0,0.0,0.0
2019-02-27 19:00:00,0.0,0.0,0.0
2019-02-27 20:00:00,0.0,0.0,0.0
2019-02-27 21:00:00,0.0,0.0,0.0
2019-02-27 22:00:00,0.0,0.0,0.0
2019-02-27 23:00:00,0.0,0.0,0.0
2019-02-28 00:00:00,0.0,0.0,0.0
2019-02-28 01:00:00,0.0,0.0,0.0
2019-02-28 02:00:00,0.0,0.0,0.0
2019-02-28 03:00:00,0.0,0.0,0.0
2019-02-28 04:00:00,0.0,0.0,0.0
2019-02-28 05:00:00,0.0,0.0,0.0
2019-02-28 06:00:00,0.0,0.0,0.0
2019-02-28 07:00:00,0.0,0.0,0.0
2019-02-28 08:00:00,0.8398,0.1037,0.06328571428571429
2019-02-28 09:00:00,1.3459,0.1662,0.23484285714285713
2019-02-28 10:00:00,1.3766,0.17,0.3759142857142857
2019-02-28 11:00:00,2.6216,0.3236,0.4488
2019-02-28 12:00:00,5.4627,0.6744,0.47412857142857145
2019-02-28 13:00:00,0.7163,0.0884,0.5093142857142857
2019-02-28 14:00:00,0.4636,0.0572,0.4798857142857142
2019-02-28 15:00:00,0.5189,0.0641,0.36779999999999996
2019-02-28 16:00:00,0.3462,0.0427,0.26562857142857144
2019-02-28 17:00:00,0.2182,0.0269,0.0998
2019-02-28 18:00:00,0.0,0.0,0.0
2019-02-28 19:00:00,0.0,0.0,0.0
2019-02-28 20:00:00,0.0,0.0,0.0
2019-02-28 21:00:00,0.0,0.0,0.0
2019-02-28 22:00:00,0.0,0.0,0.0
2019-02-28 23:00:00,0.0,0.0,0.0
2019-03-01 00:00:00,0.0,0.0,0.0
2019-03-01 01:00:00,0.0,0.0,0.0
2019-03-01 02:00:00,0.0,0.0,0.0
2019-03-01 03:00:00,0.0,0.0,0.0
2019-03-01 04:00:00,0.0,0.0,0.0
2019-03-01 05:00:00,0.0,0.0,0.0
2019-03-01 06:00:00,0.0,0.0,0.0
2019-03-01 07:00:00,0.0,0.0,0.0
2019-03-01 08:00:00,0.001,0.0001,0.07337142857142857
2019-03-01 09:00:00,0.2569,0.0317,0.2468142857142857
2019-03-01 10:00:00,0.4561,0.0563,0.3918285714285714
2019-03-01 11:00:00,0.4767,0.0589,0.4665571428571429
2019-03-01 12:00:00,0.5314,0.0656,0.5208
2019-03-01 13:00:00,0.2708,0.0334,0.5560571428571429
2019-03-01 14:00:00,0.3947,0.0487,0.5219428571428572
2019-03-01 15:00:00,0.3259,0.0402,0.3979857142857143
2019-03-01 16:00:00,0.278,0.0343,0.29187142857142856
2019-03-01 17:00:00,0.1814,0.0224,0.1097
2019-03-01 18:00:00,0.0,0.0,0.0
2019-03-01 19:00:00,0.0,0.0,0.0
2019-03-01 20:00:00,0.0,0.0,0.0
2019-03-01 21:00:00,0.0,0.0,0.0
2019-03-01 22:00:00,0.0,0.0,0.0
2019-03-01 23:00:00,0.0,0.0,0.0
2019-03-02 00:00:00,0.0,0.0,0.0
2019-03-02 01:00:00,0.0,0.0,0.0
2019-03-02 02:00:00,0.0,0.0,0.0
2019-03-02 03:00:00,0.0,0.0,0.0
2019-03-02 04:00:00,0.0,0.0,0.0
2019-03-02 05:00:00,0.0,0.0,0.0
2019-03-02 06:00:00,0.0,0.0,0.0
2019-03-02 07:00:00,0.0,0.0,0.0
2019-03-02 08:00:00,0.324,0.04,0.08817142857142857
2019-03-02 09:00:00,0.2086,0.0258,0.2591
2019-03-02 10:00:00,0.8198,0.1012,0.38244285714285714
2019-03-02 11:00:00,1.6074,0.1984,0.487
2019-03-02 12:00:00,2.485,0.3068,0.5802714285714287
2019-03-02 13:00:00,1.5471,0.191,0.4878428571428572
2019-03-02 14:00:00,0.8531,0.1053,0.4671571428571428
2019-03-02 15:00:00,0.4038,0.0498,0.3900428571428571
2019-03-02 16:00:00,0.4998,0.0617,0.26994285714285715
2019-03-02 17:00:00,0.2413,0.0298,0.10782857142857141
2019-03-02 18:00:00,0.0,0.0,0.0
2019-03-02 19:00:00,0.0,0.0,0.0
2019-03-02 20:00:00,0.0,0.0,0.0
2019-03-02 21:00:00,0.0,0.0,0.0
2019-03-02 22:00:00,0.0,0.0,0.0
2019-03-02 23:00:00,0.0,0.0,0.0
2019-03-03 00:00:00,0.0,0.0,0.0
2019-03-03 01:00:00,0.0,0.0,0.0
2019-03-03 02:00:00,0.0,0.0,0.0
2019-03-03 03:00:00,0.0,0.0,0.0
2019-03-03 04:00:00,0.0,0.0,0.0
2019-03-03 05:00:00,0.0,0.0,0.0
2019-03-03 06:00:00,0.0,0.0,0.0
2019-03-03 07:00:00,0.0,0.0,0.0
2019-03-03 08:00:00,0.0351,0.0043,0.08264285714285714
2019-03-03 09:00:00,0.2067,0.0255,0.2530857142857143
2019-03-03 10:00:00,0.3564,0.044,0.3792714285714286
2019-03-03 11:00:00,0.5595,0.0691,0.4830285714285714
2019-03-03 12:00:00,0.7005,0.0865,0.5778571428571428
2019-03-03 13:00:00,0.4093,0.0505,0.4829857142857143
2019-03-03 14:00:00,0.3268,0.0403,0.443
2019-03-03 15:00:00,0.6429,0.0794,0.3654428571428571
2019-03-03 16:00:00,0.5894,0.0728,0.24887142857142858
2019-03-03 17:00:00,0.3352,0.0414,0.10921428571428571
2019-03-03 18:00:00,0.0,0.0,0.0
2019-03-03 19:00:00,0.0,0.0,0.0
2019-03-03 20:00:00,0.0,0.0,0.0
2019-03-03 21:00:00,0.0,0.0,0.0
2019-03-03 22:00:00,0.0,0.0,0.0
2019-03-03 23:00:00,0.0,0.0,0.0
2019-03-04 00:00:00,0.0,0.0,0.0
2019-03-04 01:00:00,0.0,0.0,0.0
2019-03-04 02:00:00,0.0,0.0,0.0
2019-03-04 03:00:00,0.0,0.0,0.0
2019-03-04 04:00:00,0.0,0.0,0.0
2019-03-04 05:00:00,0.0,0.0,0.0
2019-03-04 06:00:00,0.0,0.0,0.0
2019-03-04 07:00:00,0.0,0.0,0.0
2019-03-04 08:00:00,0.265,0.0327,0.07592857142857143
2019-03-04 09:00:00,2.4662,0.3045,0.2133428571428571
2019-03-04 10:00:00,0.1938,0.0239,0.3248285714285714
2019-03-04 11:00:00,0.8332,0.1029,0.42554285714285717
2019-03-04 12:00:00,0.8621,0.1064,0.5261714285714286
2019-03-04 13:00:00,0.4908,0.0606,0.4191
2019-03-04 14:00:00,1.567,0.1935,0.3822285714285715
2019-03-04 15:00:00,2.3164,0.286,0.3161
2019-03-04 16:00:00,2.254,0.2783,0.227
2019-03-04 17:00:00,1.2805,0.1581,0.09755714285714286
2019-03-04 18:00:00,0.0,0.0,0.0
2019-03-04 19:00:00,0.0,0.0,0.0
2019-03-04 20:00:00,0.0,0.0,0.0
2019-03-04 21:00:00,0.0,0.0,0.0
2019-03-04 22:00:00,0.0,0.0,0.0
2019-03-04 23:00:00,0.0,0.0,0.0
2019-03-05 00:00:00,0.0,0.0,0.0
2019-03-05 01:00:00,0.0,0.0,0.0
2019-03-05 02:00:00,0.0,0.0,0.0
2019-03-05 03:00:00,0.0,0.0,0.0
2019-03-05 04:00:00,0.0,0.0,0.0
2019-03-05 05:00:00,0.0,0.0,0.0
2019-03-05 06:00:00,0.0,0.0,0.0
2019-03-05 07:00:00,0.0,0.0,0.0
2019-03-05 08:00:00,0.1215,0.015,0.06517142857142857
2019-03-05 09:00:00,0.3245,0.0401,0.17367142857142856
2019-03-05 10:00:00,1.2662,0.1563,0.26282857142857147
2019-03-05 11:00:00,1.7775,0.2194,0.35074285714285713
2019-03-05 12:00:00,1.0136,0.1251,0.44470000000000004
2019-03-05 13:00:00,2.0118,0.2484,0.3325857142857142
2019-03-05 14:00:00,3.8034,0.4696,0.3009857142857143
2019-03-05 15:00:00,2.9535,0.3646,0.2552
2019-03-05 16:00:00,2.5929,0.3201,0.1861
2019-03-05 17:00:00,1.4692,0.1814,0.08297142857142857
2019-03-05 18:00:00,0.0,0.0,0.0
2019-03-05 19:00:00,0.0,0.0,0.0
2019-03-05 20:00:00,0.0,0.0,0.0
2019-03-05 21:00:00,0.0,0.0,0.0
2019-03-05 22:00:00,0.0,0.0,0.0
2019-03-05 23:00:00,0.0,0.0,0.0
2019-03-06 00:00:00,0.0,0.0,0.0
2019-03-06 01:00:00,0.0,0.0,0.0
2019-03-06 02:00:00,0.0,0.0,0.0
2019-03-06 03:00:00,0.0,0.0,0.0
2019-03-06 04:00:00,0.0,0.0,0.0
2019-03-06 05:00:00,0.0,0.0,0.0
2019-03-06 06:00:00,0.0,0.0,0.0
2019-03-06 07:00:00,0.0,0.0,0.0
2019-03-06 08:00:00,0.2982,0.0368,0.05734285714285715
2019-03-06 09:00:00,1.4884,0.1838,0.1717142857142857
2019-03-06 10:00:00,2.1399,0.2642,0.1967142857142857
2019-03-06 11:00:00,2.2439,0.277,0.2801142857142857
2019-03-06 12:00:00,1.2483,0.1541,0.366
2019-03-06 13:00:00,0.6507,0.0803,0.2473857142857143
2019-03-06 14:00:00,0.4745,0.0586,0.24055714285714286
2019-03-06 15:00:00,0.7348,0.0907,0.22264285714285714
2019-03-06 16:00:00,0.8762,0.1082,0.1748285714285714
2019-03-06 17:00:00,0.3608,0.0445,0.08420000000000001
2019-03-06 18:00:00,0.0,0.0,0.0
2019-03-06 19:00:00,0.0,0.0,0.0
2019-03-06 20:00:00,0.0,0.0,0.0
2019-03-06 21:00:00,0.0,0.0,0.0
2019-03-06 22:00:00,0.0,0.0,0.0
2019-03-06 23:00:00,0.0,0.0,0.0
2019-03-07 00:00:00,0.0,0.0,0.0
2019-03-07 01:00:00,0.0,0.0,0.0
2019-03-07 02:00:00,0.0,0.0,0.0
2019-03-07 03:00:00,0.0,0.0,0.0
2019-03-07 04:00:00,0.0,0.0,0.0
2019-03-07 05:00:00,0.0,0.0,0.0
2019-03-07 06:00:00,0.0,0.0,0.0
2019-03-07 07:00:00,0.0,0.0,0.0
2019-03-07 08:00:00,0.0217,0.0027,0.04417142857142858
2019-03-07 09:00:00,0.7412,0.0915,0.13187142857142858
2019-03-07 10:00:00,1.1234,0.1387,0.1496142857142857
2019-03-07 11:00:00,1.6252,0.2006,0.22632857142857143
2019-03-07 12:00:00,1.8016,0.2224,0.2906
2019-03-07 13:00:00,1.9236,0.2375,0.1890857142857143
2019-03-07 14:00:00,4.2294,0.5221,0.2192285714285714
2019-03-07 15:00:00,1.986,0.2452,0.20064285714285712
2019-03-07 16:00:00,3.0049,0.371,0.16835714285714284
2019-03-07 17:00:00,0.6951,0.0858,0.08864285714285715
2019-03-07 18:00:00,0.0,0.0,0.0
2019-03-07 19:00:00,0.0,0.0,0.0
2019-03-07 20:00:00,0.0,0.0,0.0
2019-03-07 21:00:00,0.0,0.0,0.0
2019-03-07 22:00:00,0.0,0.0,0.0
2019-03-07 23:00:00,0.0,0.0,0.0
2019-03-08 00:00:00,0.0,0.0,0.0
2019-03-08 01:00:00,0.0,0.0,0.0
2019-03-08 02:00:00,0.0,0.0,0.0
2019-03-08 03:00:00,0.0,0.0,0.0
2019-03-08 04:00:00,0.0,0.0,0.0
2019-03-08 05:00:00,0.0,0.0,0.0
2019-03-08 06:00:00,0.0,0.0,0.0
2019-03-08 07:00:00,0.0,0.0,0.0
2019-03-08 08:00:00,0.2449,0.0302,0.033228571428571434
2019-03-08 09:00:00,0.7523,0.0929,0.11108571428571427
2019-03-08 10:00:00,2.1449,0.2648,0.11655714285714285
2019-03-08 11:00:00,2.814,0.3474,0.1784714285714286
2019-03-08 12:00:00,1.1177,0.138,0.2169857142857143
2019-03-08 13:00:00,3.2448,0.4006,0.10751428571428572
2019-03-08 14:00:00,1.7315,0.2138,0.13902857142857145
2019-03-08 15:00:00,3.7765,0.4662,0.13925714285714283
2019-03-08 16:00:00,0.6423,0.0793,0.13115714285714283
2019-03-08 17:00:00,0.5953,0.0735,0.07207142857142856
2019-03-08 18:00:00,0.0,0.0,0.0
2019-03-08 19:00:00,0.0,0.0,0.0
2019-03-08 20:00:00,0.0,0.0,0.0
2019-03-08 21:00:00,0.0,0.0,0.0
2019-03-08 22:00:00,0.0,0.0,0.0
2019-03-08 23:00:00,0.0,0.0,0.0
2019-03-09 00:00:00,0.0,0.0,0.0
2019-03-09 01:00:00,0.0,0.0,0.0
2019-03-09 02:00:00,0.0,0.0,0.0
2019-03-09 03:00:00,0.0,0.0,0.0
2019-03-09 04:00:00,0.0,0.0,0.0
2019-03-09 05:00:00,0.0,0.0,0.0
2019-03-09 06:00:00,0.0,0.0,0.0
2019-03-09 07:00:00,0.0,0.0,0.0
2019-03-09 08:00:00,0.0286,0.0035,0.0188
2019-03-09 09:00:00,0.6305,0.0778,0.1004142857142857
2019-03-09 10:00:00,0.7589,0.0937,0.11208571428571427
2019-03-09 11:00:00,1.2665,0.1564,0.16090000000000002
2019-03-09 12:00:00,0.9997,0.1234,0.1524142857142857
2019-03-09 13:00:00,0.364,0.0449,0.12881428571428571
2019-03-09 14:00:00,0.2689,0.0332,0.20544285714285712
2019-03-09 15:00:00,0.4112,0.0508,0.16512857142857143
2019-03-09 16:00:00,1.8041,0.2227,0.17805714285714286
2019-03-09 17:00:00,0.1719,0.0212,0.08048571428571429
2019-03-09 18:00:00,0.0,0.0,0.0
2019-03-09 19:00:00,0.0,0.0,0.0
2019-03-09 20:00:00,0.0,0.0,0.0
2019-03-09 21:00:00,0.0,0.0,0.0
2019-03-09 22:00:00,0.0,0.0,0.0
2019-03-09 23:00:00,0.0,0.0,0.0
2019-03-10 00:00:00,0.0,0.0,0.0
2019-03-10 01:00:00,0.0,0.0,0.0
2019-03-10 02:00:00,0.0,0.0,0.0
2019-03-10 03:00:00,0.0,0.0,0.0
2019-03-10 04:00:00,0.0,0.0,0.0
2019-03-10 05:00:00,0.0,0.0,0.0
2019-03-10 06:00:00,0.0,0.0,0.0
2019-03-10 07:00:00,0.0,0.0,0.0
2019-03-10 08:00:00,0.5466,0.0675,0.023100000000000002
2019-03-10 09:00:00,1.1893,0.1468,0.10915714285714286
2019-03-10 10:00:00,0.423,0.0522,0.14187142857142857
2019-03-10 11:00:00,0.4845,0.0598,0.20211428571428572
2019-03-10 12:00:00,0.3211,0.0396,0.16275714285714285
2019-03-10 13:00:00,0.6664,0.0823,0.18127142857142856
2019-03-10 14:00:00,0.4305,0.0532,0.22902857142857144
2019-03-10 15:00:00,1.0843,0.1339,0.22598571428571426
2019-03-10 16:00:00,1.449,0.1789,0.18448571428571428
2019-03-10 17:00:00,0.4072,0.0503,0.08778571428571429
2019-03-10 18:00:00,0.0,0.0,0.0
2019-03-10 19:00:00,0.0,0.0,0.0
2019-03-10 20:00:00,0.0,0.0,0.0
2019-03-10 21:00:00,0.0,0.0,0.0
2019-03-10 22:00:00,0.0,0.0,0.0
2019-03-10 23:00:00,0.0,0.0,0.0
2019-03-11 00:00:00,0.0,0.0,0.0
2019-03-11 01:00:00,0.0,0.0,0.0
2019-03-11 02:00:00,0.0,0.0,0.0
2019-03-11 03:00:00,0.0,0.0,0.0
2019-03-11 04:00:00,0.0,0.0,0.0
2019-03-11 05:00:00,0.0,0.0,0.0
2019-03-11 06:00:00,0.0,0.0,0.0
2019-03-11 07:00:00,0.0,0.0,0.0
2019-03-11 08:00:00,0.4406,0.0544,0.017885714285714286
2019-03-11 09:00:00,0.136,0.0168,0.11658571428571428
2019-03-11 10:00:00,0.9603,0.1186,0.14079999999999998
2019-03-11 11:00:00,0.7388,0.0912,0.1961142857142857
2019-03-11 12:00:00,3.8273,0.4725,0.13655714285714285
2019-03-11 13:00:00,0.7333,0.0905,0.16040000000000001
2019-03-11 14:00:00,0.4512,0.0557,0.21872857142857144
2019-03-11 15:00:00,0.7582,0.0936,0.22612857142857143
2019-03-11 16:00:00,2.3044,0.2845,0.20748571428571427
2019-03-11 17:00:00,0.2098,0.0259,0.08655714285714286
2019-03-11 18:00:00,0.0,0.0,0.0
2019-03-11 19:00:00,0.0,0.0,0.0
2019-03-11 20:00:00,0.0,0.0,0.0
2019-03-11 21:00:00,0.0,0.0,0.0
2019-03-11 22:00:00,0.0,0.0,0.0
2019-03-11 23:00:00,0.0,0.0,0.0
2019-03-12 00:00:00,0.0,0.0,0.0
2019-03-12 01:00:00,0.0,0.0,0.0
2019-03-12 02:00:00,0.0,0.0,0.0
2019-03-12 03:00:00,0.0,0.0,0.0
2019-03-12 04:00:00,0.0,0.0,0.0
2019-03-12 05:00:00,0.0,0.0,0.0
2019-03-12 06:00:00,0.0,0.0,0.0
2019-03-12 07:00:00,0.0,0.0,0.0
2019-03-12 08:00:00,0.1837,0.0227,0.026914285714285717
2019-03-12 09:00:00,0.3913,0.0483,0.1339142857142857
2019-03-12 10:00:00,1.0041,0.124,0.14197142857142855
2019-03-12 11:00:00,2.4966,0.3082,0.19478571428571428
2019-03-12 12:00:00,3.2463,0.4008,0.12985714285714287
2019-03-12 13:00:00,2.3567,0.291,0.16494285714285714
2019-03-12 14:00:00,3.1153,0.3846,0.22057142857142858
2019-03-12 15:00:00,0.957,0.1182,0.2339142857142857
2019-03-12 16:00:00,0.5809,0.0717,0.22264285714285714
2019-03-12 17:00:00,0.2273,0.0281,0.08782857142857144
2019-03-12 18:00:00,0.0051,0.0006,0.0
2019-03-12 19:00:00,0.0,0.0,0.0
2019-03-12 20:00:00,0.0,0.0,0.0
2019-03-12 21:00:00,0.0,0.0,0.0
2019-03-12 22:00:00,0.0,0.0,0.0
2019-03-12 23:00:00,0.0,0.0,0.0
2019-03-13 00:00:00,0.0,0.0,0.0
2019-03-13 01:00:00,0.0,0.0,0.0
2019-03-13 02:00:00,0.0,0.0,0.0
2019-03-13 03:00:00,0.0,0.0,0.0
2019-03-13 04:00:00,0.0,0.0,0.0
2019-03-13 05:00:00,0.0,0.0,0.0
2019-03-13 06:00:00,0.0,0.0,0.0
2019-03-13 07:00:00,0.0,0.0,0.0
2019-03-13 08:00:00,0.0577,0.0071,0.030014285714285712
2019-03-13 09:00:00,0.2669,0.0329,0.09281428571428571
2019-03-13 10:00:00,1.6061,0.1983,0.1555
2019-03-13 11:00:00,1.008,0.1244,0.1931142857142857
2019-03-13 12:00:00,0.9986,0.1233,0.18215714285714285
2019-03-13 13:00:00,1.0723,0.1324,0.1692142857142857
2019-03-13 14:00:00,0.7026,0.0867,0.2008857142857143
2019-03-13 15:00:00,0.9588,0.1184,0.2064285714285714
2019-03-13 16:00:00,0.7319,0.0904,0.22352857142857138
2019-03-13 17:00:00,0.1193,0.0147,0.06894285714285714
2019-03-13 18:00:00,0.0456,0.0056,0.0
2019-03-13 19:00:00,0.0,0.0,0.0
2019-03-13 20:00:00,0.0,0.0,0.0
2019-03-13 21:00:00,0.0,0.0,0.0
2019-03-13 22:00:00,0.0,0.0,0.0
2019-03-13 23:00:00,0.0,0.0,0.0
2019-03-14 00:00:00,0.0,0.0,0.0
2019-03-14 01:00:00,0.0,0.0,0.0
2019-03-14 02:00:00,0.0,0.0,0.0
2019-03-14 03:00:00,0.0,0.0,0.0
2019-03-14 04:00:00,0.0,0.0,0.0
2019-03-14 05:00:00,0.0,0.0,0.0
2019-03-14 06:00:00,0.0,0.0,0.0
2019-03-14 07:00:00,0.0,0.0,0.0
2019-03-14 08:00:00,0.253,0.0312,0.031114285714285712
2019-03-14 09:00:00,0.357,0.0441,0.09398571428571427
2019-03-14 10:00:00,0.5088,0.0628,0.1508857142857143
2019-03-14 11:00:00,0.6051,0.0747,0.20579999999999998
2019-03-14 12:00:00,0.591,0.073,0.22154285714285712
2019-03-14 13:00:00,0.4452,0.055,0.1753
2019-03-14 14:00:00,0.5187,0.064,0.18874285714285716
2019-03-14 15:00:00,1.2999,0.1605,0.17122857142857145
2019-03-14 16:00:00,0.5487,0.0677,0.18804285714285712
2019-03-14 17:00:00,0.056,0.0069,0.04704285714285715
2019-03-14 18:00:00,0.1321,0.0163,8.571428571428571e-05
2019-03-14 19:00:00,0.0,0.0,0.0
2019-03-14 20:00:00,0.0,0.0,0.0
2019-03-14 21:00:00,0.0,0.0,0.0
2019-03-14 22:00:00,0.0,0.0,0.0
2019-03-14 23:00:00,0.0,0.0,0.0
2019-03-15 00:00:00,0.0,0.0,0.0
2019-03-15 01:00:00,0.0,0.0,0.0
2019-03-15 02:00:00,0.0,0.0,0.0
2019-03-15 03:00:00,0.0,0.0,0.0
2019-03-15 04:00:00,0.0,0.0,0.0
2019-03-15 05:00:00,0.0,0.0,0.0
2019-03-15 06:00:00,0.0,0.0,0.0
2019-03-15 07:00:00,0.0,0.0,0.0
2019-03-15 08:00:00,0.1326,0.0164,0.026871428571428574
2019-03-15 09:00:00,0.2897,0.0358,0.07242857142857143
2019-03-15 10:00:00,0.534,0.0659,0.14147142857142855
2019-03-15 11:00:00,0.6275,0.0775,0.184
2019-03-15 12:00:00,0.755,0.0932,0.21714285714285714
2019-03-15 13:00:00,0.6876,0.0849,0.18274285714285712
2019-03-15 14:00:00,0.4374,0.054,0.19275714285714288
2019-03-15 15:00:00,0.4714,0.0582,0.17518571428571428
2019-03-15 16:00:00,0.3357,0.0414,0.1855
2019-03-15 17:00:00,0.1992,0.0246,0.04278571428571428
2019-03-15 18:00:00,0.0211,0.0026,0.0008857142857142857
2019-03-15 19:00:00,0.0,0.0,0.0
2019-03-15 20:00:00,0.0,0.0,0.0
2019-03-15 21:00:00,0.0,0.0,0.0
2019-03-15 22:00:00,0.0,0.0,0.0
2019-03-15 23:00:00,0.0,0.0,0.0
2019-03-16 00:00:00,0.0,0.0,0.0
2019-03-16 01:00:00,0.0,0.0,0.0
2019-03-16 02:00:00,0.0,0.0,0.0
2019-03-16 03:00:00,0.0,0.0,0.0
2019-03-16 04:00:00,0.0,0.0,0.0
2019-03-16 05:00:00,0.0,0.0,0.0
2019-03-16 06:00:00,0.0,0.0,0.0
2019-03-16 07:00:00,0.0,0.0,0.0
2019-03-16 08:00:00,0.0628,0.0078,0.03094285714285714
2019-03-16 09:00:00,1.257,0.1552,0.06565714285714286
2019-03-16 10:00:00,1.0929,0.1349,0.1306285714285714
2019-03-16 11:00:00,3.0843,0.3808,0.1660142857142857
2019-03-16 12:00:00,0.9367,0.1156,0.1958
2019-03-16 13:00:00,0.7205,0.0889,0.15667142857142857
2019-03-16 14:00:00,0.6924,0.0855,0.1273142857142857
2019-03-16 15:00:00,0.8926,0.1102,0.16308571428571428
2019-03-16 16:00:00,1.0985,0.1356,0.14217142857142856
2019-03-16 17:00:00,1.2024,0.1484,0.03151428571428571
2019-03-16 18:00:00,0.1305,0.0161,0.0032142857142857142
2019-03-16 19:00:00,0.0,0.0,0.0
2019-03-16 20:00:00,0.0,0.0,0.0
2019-03-16 21:00:00,0.0,0.0,0.0
2019-03-16 22:00:00,0.0,0.0,0.0
2019-03-16 23:00:00,0.0,0.0,0.0
2019-03-17 00:00:00,0.0,0.0,0.0
2019-03-17 01:00:00,0.0,0.0,0.0
2019-03-17 02:00:00,0.0,0.0,0.0
2019-03-17 03:00:00,0.0,0.0,0.0
2019-03-17 04:00:00,0.0,0.0,0.0
2019-03-17 05:00:00,0.0,0.0,0.0
2019-03-17 06:00:00,0.0,0.0,0.0
2019-03-17 07:00:00,0.0,0.0,0.0
2019-03-17 08:00:00,0.0773,0.0095,0.028971428571428568
2019-03-17 09:00:00,0.6421,0.0793,0.057499999999999996
2019-03-17 10:00:00,1.0868,0.1342,0.10221428571428572
2019-03-17 11:00:00,3.772,0.4657,0.12745714285714285
2019-03-17 12:00:00,2.5218,0.3113,0.18939999999999999
2019-03-17 13:00:00,2.8749,0.3549,0.11157142857142856
2019-03-17 14:00:00,3.4455,0.4254,0.10448571428571429
2019-03-17 15:00:00,0.4952,0.0611,0.1048
2019-03-17 16:00:00,1.0844,0.1339,0.13675714285714283
2019-03-17 17:00:00,0.2439,0.0301,0.02452857142857143
2019-03-17 18:00:00,0.0,0.0,0.0035857142857142854
2019-03-17 19:00:00,0.0,0.0,0.0
2019-03-17 20:00:00,0.0,0.0,0.0
2019-03-17 21:00:00,0.0,0.0,0.0
2019-03-17 22:00:00,0.0,0.0,0.0
2019-03-17 23:00:00,0.0,0.0,0.0
2019-03-18 00:00:00,0.0,0.0,0.0
2019-03-18 01:00:00,0.0,0.0,0.0
2019-03-18 02:00:00,0.0,0.0,0.0
2019-03-18 03:00:00,0.0,0.0,0.0
2019-03-18 04:00:00,0.0,0.0,0.0
2019-03-18 05:00:00,0.0,0.0,0.0
2019-03-18 06:00:00,0.0,0.0,0.0
2019-03-18 07:00:00,0.0514,0.0063,0.0
2019-03-18 08:00:00,0.7578,0.0936,0.02958571428571428
2019-03-18 09:00:00,2.5338,0.3128,0.06855714285714286
2019-03-18 10:00:00,3.1073,0.3836,0.10809999999999999
2019-03-18 11:00:00,1.7659,0.218,0.15951428571428572
2019-03-18 12:00:00,0.6067,0.0749,0.1882857142857143
2019-03-18 13:00:00,3.6425,0.4497,0.11785714285714285
2019-03-18 14:00:00,1.637,0.2021,0.11195714285714287
2019-03-18 15:00:00,4.1397,0.5111,0.1132857142857143
2019-03-18 16:00:00,2.4013,0.2965,0.1243142857142857
2019-03-18 17:00:00,1.5811,0.1952,0.042699999999999995
2019-03-18 18:00:00,0.2147,0.0265,0.005885714285714286
2019-03-18 19:00:00,0.0,0.0,0.0
2019-03-18 20:00:00,0.0,0.0,0.0
2019-03-18 21:00:00,0.0,0.0,0.0
2019-03-18 22:00:00,0.0,0.0,0.0
2019-03-18 23:00:00,0.0,0.0,0.0
2019-03-19 00:00:00,0.0,0.0,0.0
2019-03-19 01:00:00,0.0,0.0,0.0
2019-03-19 02:00:00,0.0,0.0,0.0
2019-03-19 03:00:00,0.0,0.0,0.0
2019-03-19 04:00:00,0.0,0.0,0.0
2019-03-19 05:00:00,0.0,0.0,0.0
2019-03-19 06:00:00,0.0,0.0,0.0
2019-03-19 07:00:00,0.1217,0.015,0.0
2019-03-19 08:00:00,1.383,0.1707,0.021300000000000003
2019-03-19 09:00:00,3.365,0.4154,0.05891428571428571
2019-03-19 10:00:00,4.6393,0.5728,0.11981428571428572
2019-03-19 11:00:00,5.5684,0.6875,0.2175
2019-03-19 12:00:00,5.8641,0.724,0.2271
2019-03-19 13:00:00,5.3041,0.6548,0.1568
2019-03-19 14:00:00,3.5368,0.4366,0.16512857142857143
2019-03-19 15:00:00,3.0915,0.3817,0.10288571428571429
2019-03-19 16:00:00,1.4459,0.1785,0.11788571428571426
2019-03-19 17:00:00,0.6301,0.0778,0.03981428571428571
2019-03-19 18:00:00,0.1617,0.02,0.005885714285714286
2019-03-19 19:00:00,0.0,0.0,0.0
2019-03-19 20:00:00,0.0,0.0,0.0
2019-03-19 21:00:00,0.0,0.0,0.0
2019-03-19 22:00:00,0.0,0.0,0.0
2019-03-19 23:00:00,0.0,0.0,0.0
2019-03-20 00:00:00,0.0,0.0,0.0
2019-03-20 01:00:00,0.0,0.0,0.0
2019-03-20 02:00:00,0.0,0.0,0.0
2019-03-20 03:00:00,0.0,0.0,0.0
2019-03-20 04:00:00,0.0,0.0,0.0
2019-03-20 05:00:00,0.0,0.0,0.0
2019-03-20 06:00:00,0.0,0.0,0.0
2019-03-20 07:00:00,0.0369,0.0046,0.0009
2019-03-20 08:00:00,0.7481,0.0924,0.026900000000000004
2019-03-20 09:00:00,0.9668,0.1194,0.1012
2019-03-20 10:00:00,1.7853,0.2204,0.15767142857142855
2019-03-20 11:00:00,3.7359,0.4612,0.23561428571428572
2019-03-20 12:00:00,3.5367,0.4366,0.17029999999999998
2019-03-20 13:00:00,3.9502,0.4877,0.2081142857142857
2019-03-20 14:00:00,3.3846,0.4179,0.18604285714285718
2019-03-20 15:00:00,1.0947,0.1351,0.16252857142857144
2019-03-20 16:00:00,1.3603,0.1679,0.11959999999999997
2019-03-20 17:00:00,1.5041,0.1857,0.064
2019-03-20 18:00:00,0.2119,0.0262,0.00967142857142857
2019-03-20 19:00:00,0.0,0.0,0.0
2019-03-20 20:00:00,0.0,0.0,0.0
2019-03-20 21:00:00,0.0,0.0,0.0
2019-03-20 22:00:00,0.0,0.0,0.0
2019-03-20 23:00:00,0.0,0.0,0.0
2019-03-21 00:00:00,0.0,0.0,0.0
2019-03-21 01:00:00,0.0,0.0,0.0
2019-03-21 02:00:00,0.0,0.0,0.0
2019-03-21 03:00:00,0.0,0.0,0.0
2019-03-21 04:00:00,0.0,0.0,0.0
2019-03-21 05:00:00,0.0,0.0,0.0
2019-03-21 06:00:00,0.0,0.0,0.0
2019-03-21 07:00:00,0.1716,0.0212,0.0030428571428571427
2019-03-21 08:00:00,1.65,0.2037,0.048042857142857144
2019-03-21 09:00:00,3.2338,0.3992,0.15364285714285714
2019-03-21 10:00:00,4.4556,0.5501,0.22178571428571428
2019-03-21 11:00:00,5.2552,0.6488,0.2898
2019-03-21 12:00:00,5.6565,0.6983,0.21647142857142856
2019-03-21 13:00:00,5.5862,0.6897,0.2600857142857143
2019-03-21 14:00:00,5.2721,0.6509,0.19347142857142857
2019-03-21 15:00:00,4.4333,0.5473,0.20017142857142858
2019-03-21 16:00:00,3.2685,0.4035,0.13485714285714284
2019-03-21 17:00:00,1.7139,0.2116,0.0711
2019-03-21 18:00:00,0.2504,0.0309,0.012442857142857143
2019-03-21 19:00:00,0.0,0.0,0.0
2019-03-21 20:00:00,0.0,0.0,0.0
2019-03-21 21:00:00,0.0,0.0,0.0
2019-03-21 22:00:00,0.0,0.0,0.0
2019-03-21 23:00:00,0.0,0.0,0.0
2019-03-22 00:00:00,0.0,0.0,0.0
2019-03-22 01:00:00,0.0,0.0,0.0
2019-03-22 02:00:00,0.0,0.0,0.0
2019-03-22 03:00:00,0.0,0.0,0.0
2019-03-22 04:00:00,0.0,0.0,0.0
2019-03-22 05:00:00,0.0,0.0,0.0
2019-03-22 06:00:00,0.0,0.0,0.0
2019-03-22 07:00:00,0.2116,0.0261,0.0036999999999999997
2019-03-22 08:00:00,1.6702,0.2062,0.06022857142857142
2019-03-22 09:00:00,3.204,0.3956,0.166
2019-03-22 10:00:00,4.3468,0.5366,0.2249428571428571
2019-03-22 11:00:00,5.243,0.6473,0.3379142857142857
2019-03-22 12:00:00,5.6739,0.7005,0.2612285714285714
2019-03-22 13:00:00,5.5959,0.6909,0.31084285714285714
2019-03-22 14:00:00,5.3433,0.6597,0.2407857142857143
2019-03-22 15:00:00,4.4753,0.5525,0.20255714285714288
2019-03-22 16:00:00,3.2093,0.3962,0.1459285714285714
2019-03-22 17:00:00,1.7511,0.2162,0.09552857142857143
2019-03-22 18:00:00,0.2995,0.037,0.015385714285714286
2019-03-22 19:00:00,0.0,0.0,0.0
2019-03-22 20:00:00,0.0,0.0,0.0
2019-03-22 21:00:00,0.0,0.0,0.0
2019-03-22 22:00:00,0.0,0.0,0.0
2019-03-22 23:00:00,0.0,0.0,0.0
2019-03-23 00:00:00,0.0,0.0,0.0
2019-03-23 01:00:00,0.0,0.0,0.0
2019-03-23 02:00:00,0.0,0.0,0.0
2019-03-23 03:00:00,0.0,0.0,0.0
2019-03-23 04:00:00,0.0,0.0,0.0
2019-03-23 05:00:00,0.0,0.0,0.0
2019-03-23 06:00:00,0.0,0.0,0.0
2019-03-23 07:00:00,0.0,0.0,0.006728571428571429
2019-03-23 08:00:00,0.4737,0.0585,0.08487142857142857
2019-03-23 09:00:00,0.6123,0.0756,0.21672857142857144
2019-03-23 10:00:00,1.1699,0.1444,0.29455714285714285
2019-03-23 11:00:00,1.3133,0.1621,0.4199285714285715
2019-03-23 12:00:00,1.141,0.1409,0.35055714285714284
2019-03-23 13:00:00,1.0198,0.1259,0.4015142857142857
2019-03-23 14:00:00,0.7653,0.0945,0.32462857142857143
2019-03-23 15:00:00,0.7116,0.0878,0.2578142857142857
2019-03-23 16:00:00,0.8289,0.1023,0.1939
2019-03-23 17:00:00,0.4229,0.0522,0.12477142857142856
2019-03-23 18:00:00,0.0965,0.0119,0.017471428571428572
2019-03-23 19:00:00,0.0,0.0,0.0
2019-03-23 20:00:00,0.0,0.0,0.0
2019-03-23 21:00:00,0.0,0.0,0.0
2019-03-23 22:00:00,0.0,0.0,0.0
2019-03-23 23:00:00,0.0,0.0,0.0
2019-03-24 00:00:00,0.0,0.0,0.0
2019-03-24 01:00:00,0.0,0.0,0.0
2019-03-24 02:00:00,0.0,0.0,0.0
2019-03-24 03:00:00,0.0,0.0,0.0
2019-03-24 04:00:00,0.0,0.0,0.0
2019-03-24 05:00:00,0.0,0.0,0.0
2019-03-24 06:00:00,0.0,0.0,0.0
2019-03-24 07:00:00,0.0706,0.0087,0.010457142857142858
2019-03-24 08:00:00,0.4018,0.0496,0.11198571428571429
2019-03-24 09:00:00,1.0255,0.1266,0.26812857142857144
2019-03-24 10:00:00,1.4497,0.179,0.3618
2019-03-24 11:00:00,1.3719,0.1694,0.5013285714285715
2019-03-24 12:00:00,5.0378,0.622,0.43731428571428577
2019-03-24 13:00:00,2.8737,0.3548,0.4880857142857143
2019-03-24 14:00:00,2.4326,0.3003,0.41115714285714283
2019-03-24 15:00:00,4.0727,0.5028,0.3284285714285714
2019-03-24 16:00:00,3.5109,0.4334,0.24458571428571427
2019-03-24 17:00:00,1.9153,0.2365,0.15214285714285714
2019-03-24 18:00:00,0.3812,0.0471,0.022385714285714287
2019-03-24 19:00:00,0.0,0.0,0.0
2019-03-24 20:00:00,0.0,0.0,0.0
2019-03-24 21:00:00,0.0,0.0,0.0
2019-03-24 22:00:00,0.0,0.0,0.0
2019-03-24 23:00:00,0.0,0.0,0.0
2019-03-25 00:00:00,0.0,0.0,0.0
2019-03-25 01:00:00,0.0,0.0,0.0
2019-03-25 02:00:00,0.0,0.0,0.0
2019-03-25 03:00:00,0.0,0.0,0.0
2019-03-25 04:00:00,0.0,0.0,0.0
2019-03-25 05:00:00,0.0,0.0,0.0
2019-03-25 06:00:00,0.0,0.0,0.0
2019-03-25 07:00:00,0.3019,0.0373,0.010457142857142858
2019-03-25 08:00:00,0.7975,0.0985,0.11922857142857143
2019-03-25 09:00:00,1.2475,0.154,0.25675714285714285
2019-03-25 10:00:00,1.2065,0.149,0.36315714285714285
2019-03-25 11:00:00,3.9065,0.4823,0.4700857142857143
2019-03-25 12:00:00,1.3229,0.1633,0.44092857142857145
2019-03-25 13:00:00,2.3836,0.2943,0.4933714285714285
2019-03-25 14:00:00,4.0268,0.4971,0.4124428571428571
2019-03-25 15:00:00,2.6303,0.3247,0.3252285714285715
2019-03-25 16:00:00,2.3733,0.293,0.23982857142857142
2019-03-25 17:00:00,0.4895,0.0604,0.1384
2019-03-25 18:00:00,0.206,0.0254,0.021785714285714287
2019-03-25 19:00:00,0.0,0.0,0.0
2019-03-25 20:00:00,0.0,0.0,0.0
2019-03-25 21:00:00,0.0,0.0,0.0
2019-03-25 22:00:00,0.0,0.0,0.0
2019-03-25 23:00:00,0.0,0.0,0.0
2019-03-26 00:00:00,0.0,0.0,0.0
2019-03-26 01:00:00,0.0,0.0,0.0
2019-03-26 02:00:00,0.0,0.0,0.0
2019-03-26 03:00:00,0.0,0.0,0.0
2019-03-26 04:00:00,0.0,0.0,0.0
2019-03-26 05:00:00,0.0,0.0,0.0
2019-03-26 06:00:00,0.0,0.0,0.0
2019-03-26 07:00:00,0.2082,0.0257,0.0117
2019-03-26 08:00:00,0.9068,0.112,0.12495714285714285
2019-03-26 09:00:00,0.6253,0.0772,0.2635142857142857
2019-03-26 10:00:00,2.5959,0.3205,0.36955714285714286
2019-03-26 11:00:00,0.7925,0.0978,0.4277571428571429
2019-03-26 12:00:00,1.1862,0.1464,0.4853142857142857
2019-03-26 13:00:00,3.8945,0.4808,0.4933571428571429
2019-03-26 14:00:00,1.5383,0.1899,0.3945714285714285
2019-03-26 15:00:00,0.7261,0.0896,0.38832857142857147
2019-03-26 16:00:00,0.6984,0.0862,0.2826142857142857
2019-03-26 17:00:00,0.7574,0.0935,0.16788571428571428
2019-03-26 18:00:00,0.3472,0.0429,0.028514285714285714
2019-03-26 19:00:00,0.0,0.0,0.0
2019-03-26 20:00:00,0.0,0.0,0.0
2019-03-26 21:00:00,0.0,0.0,0.0
2019-03-26 22:00:00,0.0,0.0,0.0
2019-03-26 23:00:00,0.0,0.0,0.0
2019-03-27 00:00:00,0.0,0.0,0.0
2019-03-27 01:00:00,0.0,0.0,0.0
2019-03-27 02:00:00,0.0,0.0,0.0
2019-03-27 03:00:00,0.0,0.0,0.0
2019-03-27 04:00:00,0.0,0.0,0.0
2019-03-27 05:00:00,0.0,0.0,0.0
2019-03-27 06:00:00,0.0,0.0,0.0
2019-03-27 07:00:00,0.2765,0.0341,0.01612857142857143
2019-03-27 08:00:00,1.7182,0.2121,0.12565714285714286
2019-03-27 09:00:00,2.4787,0.306,0.24082857142857145
2019-03-27 10:00:00,3.2152,0.3969,0.3360428571428571
2019-03-27 11:00:00,1.8812,0.2322,0.4655142857142857
2019-03-27 12:00:00,1.6206,0.2001,0.49794285714285713
2019-03-27 13:00:00,1.6506,0.2038,0.4711571428571429
2019-03-27 14:00:00,2.6915,0.3323,0.4367142857142857
2019-03-27 15:00:00,2.1372,0.2639,0.3617
2019-03-27 16:00:00,1.0909,0.1347,0.2821142857142857
2019-03-27 17:00:00,1.0171,0.1256,0.14862857142857142
2019-03-27 18:00:00,0.185,0.0228,0.02835714285714286
2019-03-27 19:00:00,0.0,0.0,0.0
2019-03-27 20:00:00,0.0,0.0,0.0
2019-03-27 21:00:00,0.0,0.0,0.0
2019-03-27 22:00:00,0.0,0.0,0.0
2019-03-27 23:00:00,0.0,0.0,0.0
2019-03-28 00:00:00,0.0,0.0,0.0
2019-03-28 01:00:00,0.0,0.0,0.0
2019-03-28 02:00:00,0.0,0.0,0.0
2019-03-28 03:00:00,0.0,0.0,0.0
2019-03-28 04:00:00,0.0,0.0,0.0
2019-03-28 05:00:00,0.0,0.0,0.0
2019-03-28 06:00:00,0.0,0.0,0.0
2019-03-28 07:00:00,0.2815,0.0347,0.017657142857142857
2019-03-28 08:00:00,0.5136,0.0634,0.11727142857142857
2019-03-28 09:00:00,0.6837,0.0844,0.1925142857142857
2019-03-28 10:00:00,1.0206,0.126,0.3
2019-03-28 11:00:00,1.1494,0.1419,0.3812714285714286
2019-03-28 12:00:00,1.3098,0.1617,0.4154285714285715
2019-03-28 13:00:00,3.6337,0.4486,0.4463
2019-03-28 14:00:00,3.3954,0.4192,0.4014714285714286
2019-03-28 15:00:00,1.4897,0.1839,0.31997142857142863
2019-03-28 16:00:00,1.3147,0.1623,0.26892857142857146
2019-03-28 17:00:00,1.231,0.152,0.15087142857142857
2019-03-28 18:00:00,0.4019,0.0496,0.03162857142857143
2019-03-28 19:00:00,0.0,0.0,0.0
2019-03-28 20:00:00,0.0,0.0,0.0
2019-03-28 21:00:00,0.0,0.0,0.0
2019-03-28 22:00:00,0.0,0.0,0.0
2019-03-28 23:00:00,0.0,0.0,0.0
2019-03-29 00:00:00,0.0,0.0,0.0
2019-03-29 01:00:00,0.0,0.0,0.0
2019-03-29 02:00:00,0.0,0.0,0.0
2019-03-29 03:00:00,0.0,0.0,0.0
2019-03-29 04:00:00,0.0,0.0,0.0
2019-03-29 05:00:00,0.0,0.0,0.0
2019-03-29 06:00:00,0.0,0.0,0.0
2019-03-29 07:00:00,0.4697,0.058,0.02187142857142857
2019-03-29 08:00:00,2.0306,0.2507,0.13437142857142856
2019-03-29 09:00:00,3.6347,0.4487,0.21917142857142857
2019-03-29 10:00:00,4.8371,0.5972,0.32521428571428573
2019-03-29 11:00:00,5.6889,0.7023,0.3485571428571429
2019-03-29 12:00:00,6.1276,0.7565,0.3816428571428571
2019-03-29 13:00:00,6.0656,0.7488,0.4057428571428572
2019-03-29 14:00:00,5.5471,0.6848,0.3892428571428571
2019-03-29 15:00:00,4.8125,0.5941,0.3383714285714286
2019-03-29 16:00:00,3.5485,0.4381,0.2641857142857143
2019-03-29 17:00:00,1.9848,0.245,0.1422857142857143
2019-03-29 18:00:00,0.4542,0.0561,0.031142857142857142
2019-03-29 19:00:00,0.0,0.0,0.0
2019-03-29 20:00:00,0.0,0.0,0.0
2019-03-29 21:00:00,0.0,0.0,0.0
2019-03-29 22:00:00,0.0,0.0,0.0
2019-03-29 23:00:00,0.0,0.0,0.0
2019-03-30 00:00:00,0.0,0.0,0.0
2019-03-30 01:00:00,0.0,0.0,0.0
2019-03-30 02:00:00,0.0,0.0,0.0
2019-03-30 03:00:00,0.0,0.0,0.0
2019-03-30 04:00:00,0.0,0.0,0.0
2019-03-30 05:00:00,0.0,0.0,0.0
2019-03-30 06:00:00,0.0,0.0,0.0
2019-03-30 07:00:00,0.4767,0.0588,0.023799999999999998
2019-03-30 08:00:00,2.016,0.2489,0.11432857142857143
2019-03-30 09:00:00,3.6016,0.4446,0.1742
2019-03-30 10:00:00,4.8225,0.5954,0.26462857142857144
2019-03-30 11:00:00,5.6966,0.7033,0.27614285714285713
2019-03-30 12:00:00,6.1627,0.7608,0.3049857142857143
2019-03-30 13:00:00,6.1624,0.7608,0.3713
2019-03-30 14:00:00,5.6924,0.7028,0.3561428571428572
2019-03-30 15:00:00,4.8054,0.5933,0.28645714285714285
2019-03-30 16:00:00,3.4388,0.4245,0.22972857142857142
2019-03-30 17:00:00,1.9427,0.2398,0.13377142857142857
2019-03-30 18:00:00,0.4667,0.0576,0.03381428571428572
2019-03-30 19:00:00,0.0,0.0,0.0
2019-03-30 20:00:00,0.0,0.0,0.0
2019-03-30 21:00:00,0.0,0.0,0.0
2019-03-30 22:00:00,0.0,0.0,0.0
2019-03-30 23:00:00,0.0,0.0,0.0
2019-03-31 00:00:00,0.0,0.0,0.0
2019-03-31 01:00:00,0.0,0.0,0.0
2019-03-31 02:00:00,0.0,0.0,0.0
2019-03-31 03:00:00,0.0,0.0,0.0
2019-03-31 04:00:00,0.0,0.0,0.0
2019-03-31 05:00:00,0.0,0.0,0.0
2019-03-31 06:00:00,0.0,0.0,0.0
2019-03-31 07:00:00,0.4724,0.0583,0.02835714285714286
2019-03-31 08:00:00,1.8223,0.225,0.12068571428571429
2019-03-31 09:00:00,3.2536,0.4017,0.18178571428571427
2019-03-31 10:00:00,4.5326,0.5596,0.27328571428571424
2019-03-31 11:00:00,5.5172,0.6811,0.284
2019-03-31 12:00:00,6.0537,0.7474,0.3129857142857143
2019-03-31 13:00:00,6.1211,0.7557,0.37957142857142856
2019-03-31 14:00:00,5.5746,0.6882,0.35972857142857145
2019-03-31 15:00:00,4.6904,0.5791,0.29240000000000005
2019-03-31 16:00:00,3.1351,0.387,0.2357142857142857
2019-03-31 17:00:00,1.6602,0.205,0.13788571428571428
2019-03-31 18:00:00,0.4128,0.051,0.03654285714285715
2019-03-31 19:00:00,0.0,0.0,0.0
2019-03-31 20:00:00,0.0,0.0,0.0
2019-03-31 21:00:00,0.0,0.0,0.0
2019-03-31 22:00:00,0.0,0.0,0.0
2019-03-31 23:00:00,0.0,0.0,0.0
2019-04-01 00:00:00,0.0,0.0,0.0
2019-04-01 01:00:00,0.0,0.0,0.0
2019-04-01 02:00:00,0.0,0.0,0.0
2019-04-01 03:00:00,0.0,0.0,0.0
2019-04-01 04:00:00,0.0,0.0,0.0
2019-04-01 05:00:00,0.0,0.0,0.0
2019-04-01 06:00:00,0.0,0.0,0.0
2019-04-01 07:00:00,0.5141,0.0635,0.03675714285714286
2019-04-01 08:00:00,1.9918,0.2459,0.14788571428571426
2019-04-01 09:00:00,3.6112,0.4458,0.23449999999999996
2019-04-01 10:00:00,4.8689,0.6011,0.3377142857142857
2019-04-01 11:00:00,5.6139,0.6931,0.36131428571428575
2019-04-01 12:00:00,6.1248,0.7561,0.4015428571428572
2019-04-01 13:00:00,6.0104,0.742,0.47027142857142856
2019-04-01 14:00:00,5.5558,0.6859,0.44662857142857143
2019-04-01 15:00:00,4.7356,0.5846,0.36461428571428567
2019-04-01 16:00:00,3.4675,0.4281,0.28174285714285713
2019-04-01 17:00:00,1.9202,0.2371,0.1646857142857143
2019-04-01 18:00:00,0.4723,0.0583,0.04307142857142857
2019-04-01 19:00:00,0.0,0.0,0.0
2019-04-01 20:00:00,0.0,0.0,0.0
2019-04-01 21:00:00,0.0,0.0,0.0
2019-04-01 22:00:00,0.0,0.0,0.0
2019-04-01 23:00:00,0.0,0.0,0.0
2019-04-02 00:00:00,0.0,0.0,0.0
2019-04-02 01:00:00,0.0,0.0,0.0
2019-04-02 02:00:00,0.0,0.0,0.0
2019-04-02 03:00:00,0.0,0.0,0.0
2019-04-02 04:00:00,0.0,0.0,0.0
2019-04-02 05:00:00,0.0,0.0,0.0
2019-04-02 06:00:00,0.0,0.0,0.0
2019-04-02 07:00:00,0.3152,0.0389,0.04384285714285714
2019-04-02 08:00:00,1.6509,0.2038,0.17294285714285712
2019-04-02 09:00:00,0.5611,0.0693,0.2738
2019-04-02 10:00:00,1.1256,0.139,0.3920857142857143
2019-04-02 11:00:00,1.0533,0.13,0.43441428571428575
2019-04-02 12:00:00,0.8953,0.1105,0.41945714285714286
2019-04-02 13:00:00,1.031,0.1273,0.5275428571428572
2019-04-02 14:00:00,2.9528,0.3645,0.5020428571428571
2019-04-02 15:00:00,2.3112,0.2853,0.37551428571428574
2019-04-02 16:00:00,3.4381,0.4245,0.2751142857142857
2019-04-02 17:00:00,1.3598,0.1679,0.1601857142857143
2019-04-02 18:00:00,0.3581,0.0442,0.04362857142857142
2019-04-02 19:00:00,0.0,0.0,0.0
2019-04-02 20:00:00,0.0,0.0,0.0
2019-04-02 21:00:00,0.0,0.0,0.0
2019-04-02 22:00:00,0.0,0.0,0.0
2019-04-02 23:00:00,0.0,0.0,0.0
2019-04-03 00:00:00,0.0,0.0,0.0
2019-04-03 01:00:00,0.0,0.0,0.0
2019-04-03 02:00:00,0.0,0.0,0.0
2019-04-03 03:00:00,0.0,0.0,0.0
2019-04-03 04:00:00,0.0,0.0,0.0
2019-04-03 05:00:00,0.0,0.0,0.0
2019-04-03 06:00:00,0.0,0.0,0.0
2019-04-03 07:00:00,0.0707,0.0087,0.04758571428571429
2019-04-03 08:00:00,1.2082,0.1492,0.19399999999999998
2019-04-03 09:00:00,0.8931,0.1103,0.31548571428571426
2019-04-03 10:00:00,0.952,0.1175,0.45667142857142856
2019-04-03 11:00:00,2.0598,0.2543,0.4645285714285715
2019-04-03 12:00:00,1.5624,0.1929,0.5041428571428571
2019-04-03 13:00:00,1.2735,0.1572,0.5915
2019-04-03 14:00:00,1.4138,0.1745,0.5290142857142858
2019-04-03 15:00:00,1.1549,0.1426,0.4126428571428571
2019-04-03 16:00:00,0.5139,0.0634,0.29441428571428574
2019-04-03 17:00:00,0.3171,0.0392,0.18542857142857144
2019-04-03 18:00:00,0.1184,0.0146,0.04832857142857143
2019-04-03 19:00:00,0.0,0.0,0.0
2019-04-03 20:00:00,0.0,0.0,0.0
2019-04-03 21:00:00,0.0,0.0,0.0
2019-04-03 22:00:00,0.0,0.0,0.0
2019-04-03 23:00:00,0.0,0.0,0.0
2019-04-04 00:00:00,0.0,0.0,0.0
2019-04-04 01:00:00,0.0,0.0,0.0
2019-04-04 02:00:00,0.0,0.0,0.0
2019-04-04 03:00:00,0.0,0.0,0.0
2019-04-04 04:00:00,0.0,0.0,0.0
2019-04-04 05:00:00,0.0,0.0,0.0
2019-04-04 06:00:00,0.0,0.0,0.0
2019-04-04 07:00:00,0.4107,0.0507,0.04947142857142857
2019-04-04 08:00:00,0.5689,0.0702,0.20711428571428575
2019-04-04 09:00:00,1.0106,0.1248,0.31435714285714284
2019-04-04 10:00:00,1.168,0.1442,0.43074285714285715
2019-04-04 11:00:00,1.6464,0.2033,0.46912857142857145
2019-04-04 12:00:00,1.1053,0.1365,0.49901428571428574
2019-04-04 13:00:00,0.9174,0.1133,0.541
2019-04-04 14:00:00,0.8161,0.1008,0.5539571428571428
2019-04-04 15:00:00,0.3845,0.0475,0.4406
2019-04-04 16:00:00,1.9079,0.2355,0.3427428571428571
2019-04-04 17:00:00,0.8062,0.0995,0.19605714285714285
2019-04-04 18:00:00,0.3203,0.0395,0.04851428571428572
2019-04-04 19:00:00,0.0,0.0,0.0
2019-04-04 20:00:00,0.0,0.0,0.0
2019-04-04 21:00:00,0.0,0.0,0.0
2019-04-04 22:00:00,0.0,0.0,0.0
2019-04-04 23:00:00,0.0,0.0,0.0
2019-04-05 00:00:00,0.0,0.0,0.0
2019-04-05 01:00:00,0.0,0.0,0.0
2019-04-05 02:00:00,0.0,0.0,0.0
2019-04-05 03:00:00,0.0,0.0,0.0
2019-04-05 04:00:00,0.0,0.0,0.0
2019-04-05 05:00:00,0.0,0.0,0.0
2019-04-05 06:00:00,0.0,0.0,0.0
2019-04-05 07:00:00,0.6011,0.0742,0.04584285714285714
2019-04-05 08:00:00,2.1731,0.2683,0.19812857142857146
2019-04-05 09:00:00,3.7015,0.457,0.2864
2019-04-05 10:00:00,4.9234,0.6078,0.39082857142857147
2019-04-05 11:00:00,5.011,0.6186,0.4722857142857143
2019-04-05 12:00:00,4.47,0.5518,0.4979857142857143
2019-04-05 13:00:00,2.1816,0.2693,0.5343428571428571
2019-04-05 14:00:00,1.8185,0.2245,0.5314142857142857
2019-04-05 15:00:00,0.6498,0.0802,0.4232714285714286
2019-04-05 16:00:00,0.523,0.0646,0.33255714285714283
2019-04-05 17:00:00,0.6062,0.0748,0.18371428571428572
2019-04-05 18:00:00,0.3212,0.0397,0.047342857142857145
2019-04-05 19:00:00,0.0,0.0,0.0
2019-04-05 20:00:00,0.0,0.0,0.0
2019-04-05 21:00:00,0.0,0.0,0.0
2019-04-05 22:00:00,0.0,0.0,0.0
2019-04-05 23:00:00,0.0,0.0,0.0
2019-04-06 00:00:00,0.0,0.0,0.0
2019-04-06 01:00:00,0.0,0.0,0.0
2019-04-06 02:00:00,0.0,0.0,0.0
2019-04-06 03:00:00,0.0,0.0,0.0
2019-04-06 04:00:00,0.0,0.0,0.0
2019-04-06 05:00:00,0.0,0.0,0.0
2019-04-06 06:00:00,0.0,0.0,0.0
2019-04-06 07:00:00,0.4678,0.0578,0.04812857142857143
2019-04-06 08:00:00,0.9617,0.1187,0.1991
2019-04-06 09:00:00,1.859,0.2295,0.2921714285714286
2019-04-06 10:00:00,2.8412,0.3508,0.39342857142857135
2019-04-06 11:00:00,5.1223,0.6324,0.48105714285714285
2019-04-06 12:00:00,5.5383,0.6837,0.49438571428571426
2019-04-06 13:00:00,5.4078,0.6676,0.4864428571428571
2019-04-06 14:00:00,5.3383,0.659,0.48592857142857143
2019-04-06 15:00:00,4.333,0.5349,0.40378571428571425
2019-04-06 16:00:00,3.0954,0.3821,0.34301428571428566
2019-04-06 17:00:00,1.2791,0.1579,0.1762142857142857
2019-04-06 18:00:00,0.5108,0.0631,0.045899999999999996
2019-04-06 19:00:00,0.0,0.0,0.0
2019-04-06 20:00:00,0.0,0.0,0.0
2019-04-06 21:00:00,0.0,0.0,0.0
2019-04-06 22:00:00,0.0,0.0,0.0
2019-04-06 23:00:00,0.0,0.0,0.0
2019-04-07 00:00:00,0.0,0.0,0.0
2019-04-07 01:00:00,0.0,0.0,0.0
2019-04-07 02:00:00,0.0,0.0,0.0
2019-04-07 03:00:00,0.0,0.0,0.0
2019-04-07 04:00:00,0.0,0.0,0.0
2019-04-07 05:00:00,0.0,0.0,0.0
2019-04-07 06:00:00,0.0,0.0,0.0
2019-04-07 07:00:00,0.5064,0.0625,0.050442857142857137
2019-04-07 08:00:00,2.0749,0.2562,0.20161428571428572
2019-04-07 09:00:00,3.5765,0.4415,0.29335714285714287
2019-04-07 10:00:00,4.8467,0.5984,0.3949428571428571
2019-04-07 11:00:00,5.6013,0.6915,0.4691
2019-04-07 12:00:00,6.1063,0.7539,0.46514285714285714
2019-04-07 13:00:00,6.0158,0.7427,0.41794285714285717
2019-04-07 14:00:00,5.6092,0.6925,0.42017142857142853
2019-04-07 15:00:00,4.4886,0.5541,0.3303714285714286
2019-04-07 16:00:00,3.238,0.3998,0.2896571428571428
2019-04-07 17:00:00,1.8633,0.23,0.1519
2019-04-07 18:00:00,0.5674,0.07,0.04355714285714286
2019-04-07 19:00:00,0.0,0.0,0.0
2019-04-07 20:00:00,0.0,0.0,0.0
2019-04-07 21:00:00,0.0,0.0,0.0
2019-04-07 22:00:00,0.0,0.0,0.0
2019-04-07 23:00:00,0.0,0.0,0.0
2019-04-08 00:00:00,0.0,0.0,0.0
2019-04-08 01:00:00,0.0,0.0,0.0
2019-04-08 02:00:00,0.0,0.0,0.0
2019-04-08 03:00:00,0.0,0.0,0.0
2019-04-08 04:00:00,0.0,0.0,0.0
2019-04-08 05:00:00,0.0,0.0,0.0
2019-04-08 06:00:00,0.0,0.0,0.0
2019-04-08 07:00:00,0.2826,0.0349,0.050300000000000004
2019-04-08 08:00:00,0.9674,0.1194,0.1830142857142857
2019-04-08 09:00:00,1.8425,0.2275,0.26262857142857143
2019-04-08 10:00:00,2.9783,0.3677,0.36
2019-04-08 11:00:00,4.5792,0.5653,0.45897142857142853
2019-04-08 12:00:00,5.1828,0.6399,0.4541285714285714
2019-04-08 13:00:00,5.3147,0.6561,0.4046285714285714
2019-04-08 14:00:00,2.7348,0.3376,0.41391428571428573
2019-04-08 15:00:00,0.5577,0.0689,0.32202857142857144
2019-04-08 16:00:00,1.1581,0.143,0.28359999999999996
2019-04-08 17:00:00,0.5596,0.0691,0.14020000000000002
2019-04-08 18:00:00,0.2149,0.0265,0.04434285714285714
2019-04-08 19:00:00,0.0,0.0,0.0
2019-04-08 20:00:00,0.0,0.0,0.0
2019-04-08 21:00:00,0.0,0.0,0.0
2019-04-08 22:00:00,0.0,0.0,0.0
2019-04-08 23:00:00,0.0,0.0,0.0
2019-04-09 00:00:00,0.0,0.0,0.0
2019-04-09 01:00:00,0.0,0.0,0.0
2019-04-09 02:00:00,0.0,0.0,0.0
2019-04-09 03:00:00,0.0,0.0,0.0
2019-04-09 04:00:00,0.0,0.0,0.0
2019-04-09 05:00:00,0.0,0.0,0.0
2019-04-09 06:00:00,0.0,0.0,0.0
2019-04-09 07:00:00,0.385,0.0475,0.0509
2019-04-09 08:00:00,0.6204,0.0766,0.18747142857142857
2019-04-09 09:00:00,1.2938,0.1597,0.2683142857142857
2019-04-09 10:00:00,1.7098,0.2111,0.3655428571428571
2019-04-09 11:00:00,2.032,0.2509,0.4604571428571429
2019-04-09 12:00:00,1.6095,0.1987,0.45505714285714277
2019-04-09 13:00:00,1.7072,0.2108,0.40277142857142856
2019-04-09 14:00:00,1.4263,0.1761,0.4145285714285714
2019-04-09 15:00:00,1.0929,0.1349,0.3184571428571429
2019-04-09 16:00:00,0.9044,0.1117,0.2854285714285714
2019-04-09 17:00:00,0.2021,0.025,0.14377142857142858
2019-04-09 18:00:00,0.1891,0.0234,0.04705714285714286
2019-04-09 19:00:00,0.0,0.0,0.0
2019-04-09 20:00:00,0.0,0.0,0.0
2019-04-09 21:00:00,0.0,0.0,0.0
2019-04-09 22:00:00,0.0,0.0,0.0
2019-04-09 23:00:00,0.0,0.0,0.0
2019-04-10 00:00:00,0.0,0.0,0.0
2019-04-10 01:00:00,0.0,0.0,0.0
2019-04-10 02:00:00,0.0,0.0,0.0
2019-04-10 03:00:00,0.0,0.0,0.0
2019-04-10 04:00:00,0.0,0.0,0.0
2019-04-10 05:00:00,0.0,0.0,0.0
2019-04-10 06:00:00,0.0,0.0,0.0
2019-04-10 07:00:00,0.6329,0.0781,0.04681428571428571
2019-04-10 08:00:00,1.9964,0.2465,0.1694
2019-04-10 09:00:00,3.7388,0.4616,0.2371285714285714
2019-04-10 10:00:00,3.955,0.4883,0.3322
2019-04-10 11:00:00,4.5417,0.5607,0.4422
2019-04-10 12:00:00,4.5013,0.5557,0.4384571428571428
2019-04-10 13:00:00,4.4196,0.5456,0.39049999999999996
2019-04-10 14:00:00,5.009,0.6184,0.3647714285714286
2019-04-10 15:00:00,3.8715,0.478,0.24478571428571433
2019-04-10 16:00:00,2.4391,0.3011,0.24469999999999995
2019-04-10 17:00:00,1.726,0.2131,0.11977142857142857
2019-04-10 18:00:00,0.6033,0.0745,0.04251428571428572
2019-04-10 19:00:00,0.0,0.0,0.0
2019-04-10 20:00:00,0.0,0.0,0.0
2019-04-10 21:00:00,0.0,0.0,0.0
2019-04-10 22:00:00,0.0,0.0,0.0
2019-04-10 23:00:00,0.0,0.0,0.0
2019-04-11 00:00:00,0.0,0.0,0.0
2019-04-11 01:00:00,0.0,0.0,0.0
2019-04-11 02:00:00,0.0,0.0,0.0
2019-04-11 03:00:00,0.0,0.0,0.0
2019-04-11 04:00:00,0.0,0.0,0.0
2019-04-11 05:00:00,0.0,0.0,0.0
2019-04-11 06:00:00,0.0,0.0,0.0
2019-04-11 07:00:00,0.8443,0.1042,0.048042857142857144
2019-04-11 08:00:00,2.4741,0.3054,0.15122857142857143
2019-04-11 09:00:00,4.0843,0.5042,0.2500428571428572
2019-04-11 10:00:00,5.3149,0.6562,0.34249999999999997
2019-04-11 11:00:00,5.0808,0.6273,0.4594714285714286
2019-04-11 12:00:00,6.2343,0.7697,0.4510571428571429
2019-04-11 13:00:00,6.4349,0.7944,0.4024285714285714
2019-04-11 14:00:00,6.0823,0.7509,0.3378571428571429
2019-04-11 15:00:00,5.2094,0.6431,0.2233
2019-04-11 16:00:00,3.8533,0.4757,0.2000142857142857
2019-04-11 17:00:00,2.2107,0.2729,0.09935714285714288
2019-04-11 18:00:00,0.6602,0.0815,0.039542857142857143
2019-04-11 19:00:00,0.0,0.0,0.0
2019-04-11 20:00:00,0.0,0.0,0.0
2019-04-11 21:00:00,0.0,0.0,0.0
2019-04-11 22:00:00,0.0,0.0,0.0
2019-04-11 23:00:00,0.0,0.0,0.0
2019-04-12 00:00:00,0.0,0.0,0.0
2019-04-12 01:00:00,0.0,0.0,0.0
2019-04-12 02:00:00,0.0,0.0,0.0
2019-04-12 03:00:00,0.0,0.0,0.0
2019-04-12 04:00:00,0.0,0.0,0.0
2019-04-12 05:00:00,0.0,0.0,0.0
2019-04-12 06:00:00,0.0,0.0,0.0
2019-04-12 07:00:00,0.4753,0.0587,0.05795714285714287
2019-04-12 08:00:00,1.1723,0.1447,0.16512857142857143
2019-04-12 09:00:00,1.815,0.2241,0.3002285714285714
2019-04-12 10:00:00,2.0794,0.2567,0.3954714285714286
2019-04-12 11:00:00,1.2593,0.1555,0.5032428571428572
2019-04-12 12:00:00,1.7128,0.2115,0.5028857142857143
2019-04-12 13:00:00,1.7053,0.2105,0.4579142857142857
2019-04-12 14:00:00,3.5034,0.4325,0.40127142857142856
2019-04-12 15:00:00,0.8982,0.1109,0.2712142857142857
2019-04-12 16:00:00,1.3336,0.1646,0.23397142857142855
2019-04-12 17:00:00,0.8856,0.1093,0.1242
2019-04-12 18:00:00,0.3695,0.0456,0.0481
2019-04-12 19:00:00,0.0,0.0,0.0
2019-04-12 20:00:00,0.0,0.0,0.0
2019-04-12 21:00:00,0.0,0.0,0.0
2019-04-12 22:00:00,0.0,0.0,0.0
2019-04-12 23:00:00,0.0,0.0,0.0
2019-04-13 00:00:00,0.0,0.0,0.0
2019-04-13 01:00:00,0.0,0.0,0.0
2019-04-13 02:00:00,0.0,0.0,0.0
2019-04-13 03:00:00,0.0,0.0,0.0
2019-04-13 04:00:00,0.0,0.0,0.0
2019-04-13 05:00:00,0.0,0.0,0.0
2019-04-13 06:00:00,0.0073,0.0009,0.0
2019-04-13 07:00:00,0.6885,0.085,0.0656
2019-04-13 08:00:00,1.2594,0.1555,0.1987285714285714
2019-04-13 09:00:00,1.8493,0.2283,0.3544285714285714
2019-04-13 10:00:00,1.9984,0.2467,0.4686142857142857
2019-04-13 11:00:00,3.0074,0.3713,0.5638142857142857
2019-04-13 12:00:00,4.3775,0.5404,0.5933428571428572
2019-04-13 13:00:00,2.7109,0.3347,0.5552142857142857
2019-04-13 14:00:00,4.1357,0.5106,0.49414285714285716
2019-04-13 15:00:00,4.5623,0.5632,0.3563
2019-04-13 16:00:00,1.3852,0.171,0.2682857142857143
2019-04-13 17:00:00,0.6575,0.0812,0.14897142857142856
2019-04-13 18:00:00,0.6855,0.0846,0.0541
2019-04-13 19:00:00,0.0,0.0,0.0
2019-04-13 20:00:00,0.0,0.0,0.0
2019-04-13 21:00:00,0.0,0.0,0.0
2019-04-13 22:00:00,0.0,0.0,0.0
2019-04-13 23:00:00,0.0,0.0,0.0
2019-04-14 00:00:00,0.0,0.0,0.0
2019-04-14 01:00:00,0.0,0.0,0.0
2019-04-14 02:00:00,0.0,0.0,0.0
2019-04-14 03:00:00,0.0,0.0,0.0
2019-04-14 04:00:00,0.0,0.0,0.0
2019-04-14 05:00:00,0.0,0.0,0.0
2019-04-14 06:00:00,0.0,0.0,0.0
2019-04-14 07:00:00,0.6265,0.0773,0.0633857142857143
2019-04-14 08:00:00,0.5572,0.0688,0.18107142857142855
2019-04-14 09:00:00,1.9361,0.239,0.32115714285714286
2019-04-14 10:00:00,3.9398,0.4864,0.4184571428571429
2019-04-14 11:00:00,2.6853,0.3315,0.49765714285714285
2019-04-14 12:00:00,3.3488,0.4134,0.5447285714285715
2019-04-14 13:00:00,4.4206,0.5458,0.5468142857142857
2019-04-14 14:00:00,3.1781,0.3924,0.5238571428571429
2019-04-14 15:00:00,2.713,0.3349,0.3606857142857143
2019-04-14 16:00:00,2.7059,0.3341,0.2825714285714286
2019-04-14 17:00:00,1.9745,0.2438,0.15389999999999998
2019-04-14 18:00:00,0.6671,0.0824,0.05494285714285714
2019-04-14 19:00:00,0.0,0.0,0.0
2019-04-14 20:00:00,0.0,0.0,0.0
2019-04-14 21:00:00,0.0,0.0,0.0
2019-04-14 22:00:00,0.0,0.0,0.0
2019-04-14 23:00:00,0.0,0.0,0.0
2019-04-15 00:00:00,0.0,0.0,0.0
2019-04-15 01:00:00,0.0,0.0,0.0
2019-04-15 02:00:00,0.0,0.0,0.0
2019-04-15 03:00:00,0.0,0.0,0.0
2019-04-15 04:00:00,0.0,0.0,0.0
2019-04-15 05:00:00,0.0,0.0,0.0
2019-04-15 06:00:00,0.048,0.0059,0.00012857142857142858
2019-04-15 07:00:00,0.6779,0.0837,0.06727142857142857
2019-04-15 08:00:00,1.9448,0.2401,0.1863285714285714
2019-04-15 09:00:00,4.0514,0.5002,0.32098571428571426
2019-04-15 10:00:00,5.2028,0.6423,0.4035857142857143
2019-04-15 11:00:00,6.0317,0.7447,0.46035714285714285
2019-04-15 12:00:00,6.4665,0.7983,0.5242571428571429
2019-04-15 13:00:00,6.3314,0.7816,0.4992571428571429
2019-04-15 14:00:00,5.8535,0.7227,0.5026571428571429
2019-04-15 15:00:00,4.9069,0.6058,0.36472857142857146
2019-04-15 16:00:00,3.7144,0.4586,0.25241428571428565
2019-04-15 17:00:00,2.1803,0.2692,0.14294285714285712
2019-04-15 18:00:00,0.6849,0.0846,0.05801428571428572
2019-04-15 19:00:00,0.0,0.0,0.0
2019-04-15 20:00:00,0.0,0.0,0.0
2019-04-15 21:00:00,0.0,0.0,0.0
2019-04-15 22:00:00,0.0,0.0,0.0
2019-04-15 23:00:00,0.0,0.0,0.0
2019-04-16 00:00:00,0.0,0.0,0.0
2019-04-16 01:00:00,0.0,0.0,0.0
2019-04-16 02:00:00,0.0,0.0,0.0
2019-04-16 03:00:00,0.0,0.0,0.0
2019-04-16 04:00:00,0.0,0.0,0.0
2019-04-16 05:00:00,0.0,0.0,0.0
2019-04-16 06:00:00,0.0855,0.0106,0.00012857142857142858
2019-04-16 07:00:00,0.9438,0.1165,0.06938571428571429
2019-04-16 08:00:00,2.4993,0.3086,0.15955714285714281
2019-04-16 09:00:00,4.0053,0.4945,0.29205714285714285
2019-04-16 10:00:00,5.1715,0.6385,0.38758571428571426
2019-04-16 11:00:00,5.8943,0.7277,0.4089285714285714
2019-04-16 12:00:00,5.2765,0.6514,0.4756142857142857
2019-04-16 13:00:00,5.202,0.6422,0.4711285714285714
2019-04-16 14:00:00,3.0742,0.3795,0.4597857142857143
2019-04-16 15:00:00,1.9715,0.2434,0.3334142857142857
2019-04-16 16:00:00,2.1893,0.2703,0.2430285714285714
2019-04-16 17:00:00,0.6221,0.0768,0.14491428571428572
2019-04-16 18:00:00,0.2766,0.0341,0.05978571428571428
2019-04-16 19:00:00,0.0,0.0,0.0
2019-04-16 20:00:00,0.0,0.0,0.0
2019-04-16 21:00:00,0.0,0.0,0.0
2019-04-16 22:00:00,0.0,0.0,0.0
2019-04-16 23:00:00,0.0,0.0,0.0
2019-04-17 00:00:00,0.0,0.0,0.0
2019-04-17 01:00:00,0.0,0.0,0.0
2019-04-17 02:00:00,0.0,0.0,0.0
2019-04-17 03:00:00,0.0,0.0,0.0
2019-04-17 04:00:00,0.0,0.0,0.0
2019-04-17 05:00:00,0.0,0.0,0.0
2019-04-17 06:00:00,0.0051,0.0006,0.0009714285714285713
2019-04-17 07:00:00,0.7297,0.0901,0.07635714285714286
2019-04-17 08:00:00,1.4385,0.1776,0.1768
2019-04-17 09:00:00,1.2126,0.1497,0.3310142857142857
2019-04-17 10:00:00,1.4367,0.1774,0.4268142857142857
2019-04-17 11:00:00,2.4504,0.3025,0.43455714285714286
2019-04-17 12:00:00,0.8543,0.1055,0.4982428571428571
2019-04-17 13:00:00,4.148,0.5121,0.48905714285714286
2019-04-17 14:00:00,2.2888,0.2826,0.5148
2019-04-17 15:00:00,2.9561,0.3649,0.4101142857142857
2019-04-17 16:00:00,3.4848,0.4302,0.2881142857142857
2019-04-17 17:00:00,1.765,0.2179,0.1735
2019-04-17 18:00:00,0.5817,0.0718,0.06808571428571428
2019-04-17 19:00:00,0.0,0.0,0.0
2019-04-17 20:00:00,0.0,0.0,0.0
2019-04-17 21:00:00,0.0,0.0,0.0
2019-04-17 22:00:00,0.0,0.0,0.0
2019-04-17 23:00:00,0.0,0.0,0.0
2019-04-18 00:00:00,0.0,0.0,0.0
2019-04-18 01:00:00,0.0,0.0,0.0
2019-04-18 02:00:00,0.0,0.0,0.0
2019-04-18 03:00:00,0.0,0.0,0.0
2019-04-18 04:00:00,0.0,0.0,0.0
2019-04-18 05:00:00,0.0,0.0,0.0
2019-04-18 06:00:00,0.1239,0.0153,0.0024857142857142855
2019-04-18 07:00:00,0.9733,0.1202,0.08621428571428572
2019-04-18 08:00:00,2.5276,0.312,0.20994285714285713
2019-04-18 09:00:00,4.0178,0.496,0.37884285714285715
2019-04-18 10:00:00,5.1933,0.6411,0.48787142857142857
2019-04-18 11:00:00,5.9286,0.7319,0.5026714285714285
2019-04-18 12:00:00,6.361,0.7853,0.5629142857142857
2019-04-18 13:00:00,6.281,0.7754,0.5506857142857143
2019-04-18 14:00:00,5.8735,0.7251,0.5438571428571428
2019-04-18 15:00:00,4.976,0.6143,0.42561428571428567
2019-04-18 16:00:00,3.7299,0.4605,0.31077142857142853
2019-04-18 17:00:00,2.2298,0.2753,0.1809
2019-04-18 18:00:00,0.7089,0.0875,0.06961428571428571
2019-04-18 19:00:00,0.0294,0.0036,0.0
2019-04-18 20:00:00,0.0,0.0,0.0
2019-04-18 21:00:00,0.0,0.0,0.0
2019-04-18 22:00:00,0.0,0.0,0.0
2019-04-18 23:00:00,0.0,0.0,0.0
2019-04-19 00:00:00,0.0,0.0,0.0
2019-04-19 01:00:00,0.0,0.0,0.0
2019-04-19 02:00:00,0.0,0.0,0.0
2019-04-19 03:00:00,0.0,0.0,0.0
2019-04-19 04:00:00,0.0,0.0,0.0
2019-04-19 05:00:00,0.0,0.0,0.0
2019-04-19 06:00:00,0.1365,0.0168,0.0025714285714285717
2019-04-19 07:00:00,1.0026,0.1238,0.08792857142857143
2019-04-19 08:00:00,2.5566,0.3156,0.2001
2019-04-19 09:00:00,4.0599,0.5012,0.33428571428571424
2019-04-19 10:00:00,5.1796,0.6395,0.4434571428571429
2019-04-19 11:00:00,5.9198,0.7308,0.46578571428571436
2019-04-19 12:00:00,6.3014,0.778,0.4986
2019-04-19 13:00:00,6.2339,0.7696,0.5458999999999999
2019-04-19 14:00:00,5.805,0.7167,0.4958857142857143
2019-04-19 15:00:00,4.9464,0.6107,0.40945714285714285
2019-04-19 16:00:00,3.7017,0.457,0.32921428571428574
2019-04-19 17:00:00,2.2139,0.2733,0.18158571428571427
2019-04-19 18:00:00,0.7254,0.0896,0.06922857142857143
2019-04-19 19:00:00,0.0418,0.0052,0.0
2019-04-19 20:00:00,0.0,0.0,0.0
2019-04-19 21:00:00,0.0,0.0,0.0
2019-04-19 22:00:00,0.0,0.0,0.0
2019-04-19 23:00:00,0.0,0.0,0.0
2019-04-20 00:00:00,0.0,0.0,0.0
2019-04-20 01:00:00,0.0,0.0,0.0
2019-04-20 02:00:00,0.0,0.0,0.0
2019-04-20 03:00:00,0.0,0.0,0.0
2019-04-20 04:00:00,0.0,0.0,0.0
2019-04-20 05:00:00,0.0,0.0,0.0
2019-04-20 06:00:00,0.1582,0.0195,0.0047571428571428565
2019-04-20 07:00:00,1.051,0.1298,0.09021428571428572
2019-04-20 08:00:00,2.5997,0.321,0.2010428571428571
2019-04-20 09:00:00,4.0207,0.4964,0.3331142857142857
2019-04-20 10:00:00,5.1349,0.6339,0.4413
2019-04-20 11:00:00,5.8444,0.7215,0.4807285714285715
2019-04-20 12:00:00,6.2553,0.7723,0.5008285714285715
2019-04-20 13:00:00,6.2191,0.7678,0.5431857142857143
2019-04-20 14:00:00,5.7765,0.7131,0.4922
2019-04-20 15:00:00,4.9435,0.6103,0.40534285714285717
2019-04-20 16:00:00,3.7126,0.4583,0.32704285714285714
2019-04-20 17:00:00,2.2029,0.272,0.18192857142857144
2019-04-20 18:00:00,0.7288,0.09,0.07008571428571429
2019-04-20 19:00:00,0.0543,0.0067,0.0005142857142857143
2019-04-20 20:00:00,0.0,0.0,0.0
2019-04-20 21:00:00,0.0,0.0,0.0
2019-04-20 22:00:00,0.0,0.0,0.0
2019-04-20 23:00:00,0.0,0.0,0.0
2019-04-21 00:00:00,0.0,0.0,0.0
2019-04-21 01:00:00,0.0,0.0,0.0
2019-04-21 02:00:00,0.0,0.0,0.0
2019-04-21 03:00:00,0.0,0.0,0.0
2019-04-21 04:00:00,0.0,0.0,0.0
2019-04-21 05:00:00,0.0,0.0,0.0
2019-04-21 06:00:00,0.1714,0.0212,0.007157142857142857
2019-04-21 07:00:00,1.0719,0.1323,0.09951428571428571
2019-04-21 08:00:00,2.6156,0.3229,0.22545714285714286
2019-04-21 09:00:00,4.0494,0.4999,0.3727
2019-04-21 10:00:00,5.1566,0.6366,0.49598571428571425
2019-04-21 11:00:00,5.8832,0.7263,0.5629142857142857
2019-04-21 12:00:00,6.2945,0.7771,0.5817571428571429
2019-04-21 13:00:00,6.2061,0.7662,0.6230571428571429
2019-04-21 14:00:00,5.8107,0.7174,0.5328
2019-04-21 15:00:00,4.9672,0.6132,0.4767428571428572
2019-04-21 16:00:00,3.7379,0.4615,0.36881428571428565
2019-04-21 17:00:00,2.2522,0.278,0.20535714285714285
2019-04-21 18:00:00,0.7437,0.0918,0.07637142857142856
2019-04-21 19:00:00,0.0607,0.0075,0.001257142857142857
2019-04-21 20:00:00,0.0,0.0,0.0
2019-04-21 21:00:00,0.0,0.0,0.0
2019-04-21 22:00:00,0.0,0.0,0.0
2019-04-21 23:00:00,0.0,0.0,0.0
2019-04-22 00:00:00,0.0,0.0,0.0
2019-04-22 01:00:00,0.0,0.0,0.0
2019-04-22 02:00:00,0.0,0.0,0.0
2019-04-22 03:00:00,0.0,0.0,0.0
2019-04-22 04:00:00,0.0,0.0,0.0
2019-04-22 05:00:00,0.0,0.0,0.0
2019-04-22 06:00:00,0.1828,0.0226,0.009814285714285715
2019-04-22 07:00:00,1.082,0.1336,0.10591428571428571
2019-04-22 08:00:00,2.6107,0.3223,0.24910000000000002
2019-04-22 09:00:00,4.0847,0.5043,0.411
2019-04-22 10:00:00,5.2152,0.6439,0.5513
2019-04-22 11:00:00,5.8853,0.7266,0.6129428571428572
2019-04-22 12:00:00,6.3403,0.7828,0.6148857142857143
2019-04-22 13:00:00,5.8842,0.7264,0.6849285714285714
2019-04-22 14:00:00,5.5168,0.6811,0.5617285714285715
2019-04-22 15:00:00,4.8274,0.596,0.4834714285714286
2019-04-22 16:00:00,3.7157,0.4587,0.4098571428571428
2019-04-22 17:00:00,2.1557,0.2661,0.2326142857142857
2019-04-22 18:00:00,0.7142,0.0882,0.07714285714285714
2019-04-22 19:00:00,0.0,0.0,0.002214285714285714
2019-04-22 20:00:00,0.0,0.0,0.0
2019-04-22 21:00:00,0.0,0.0,0.0
2019-04-22 22:00:00,0.0,0.0,0.0
2019-04-22 23:00:00,0.0,0.0,0.0
2019-04-23 00:00:00,0.0,0.0,0.0
2019-04-23 01:00:00,0.0,0.0,0.0
2019-04-23 02:00:00,0.0,0.0,0.0
2019-04-23 03:00:00,0.0,0.0,0.0
2019-04-23 04:00:00,0.0,0.0,0.0
2019-04-23 05:00:00,0.0,0.0,0.0
2019-04-23 06:00:00,0.1228,0.0152,0.012842857142857144
2019-04-23 07:00:00,0.6785,0.0838,0.11377142857142857
2019-04-23 08:00:00,1.388,0.1714,0.28540000000000004
2019-04-23 09:00:00,1.8028,0.2226,0.4482714285714286
2019-04-23 10:00:00,3.3666,0.4156,0.572757142857143
2019-04-23 11:00:00,4.6737,0.577,0.6693428571428571
2019-04-23 12:00:00,5.6629,0.6991,0.6668428571428571
2019-04-23 13:00:00,5.3974,0.6663,0.7164142857142856
2019-04-23 14:00:00,4.8064,0.5934,0.6081571428571427
2019-04-23 15:00:00,3.7752,0.4661,0.5232285714285715
2019-04-23 16:00:00,2.0342,0.2511,0.42805714285714286
2019-04-23 17:00:00,1.5493,0.1913,0.23750000000000002
2019-04-23 18:00:00,0.6633,0.0819,0.07848571428571428
2019-04-23 19:00:00,0.0858,0.0106,0.0032857142857142855
2019-04-23 20:00:00,0.0,0.0,0.0
2019-04-23 21:00:00,0.0,0.0,0.0
2019-04-23 22:00:00,0.0,0.0,0.0
2019-04-23 23:00:00,0.0,0.0,0.0
2019-04-24 00:00:00,0.0,0.0,0.0
2019-04-24 01:00:00,0.0,0.0,0.0
2019-04-24 02:00:00,0.0,0.0,0.0
2019-04-24 03:00:00,0.0,0.0,0.0
2019-04-24 04:00:00,0.0,0.0,0.0
2019-04-24 05:00:00,0.0,0.0,0.0
2019-04-24 06:00:00,0.127,0.0157,0.015228571428571428
2019-04-24 07:00:00,0.58,0.0716,0.12090000000000001
2019-04-24 08:00:00,2.6336,0.3251,0.29714285714285715
2019-04-24 09:00:00,3.965,0.4895,0.4488571428571429
2019-04-24 10:00:00,3.4373,0.4244,0.5729857142857143
2019-04-24 11:00:00,5.969,0.7369,0.6667571428571428
2019-04-24 12:00:00,6.2744,0.7746,0.6646285714285715
2019-04-24 13:00:00,5.2539,0.6486,0.7085285714285715
2019-04-24 14:00:00,4.6611,0.5754,0.6022142857142858
2019-04-24 15:00:00,1.8747,0.2314,0.5218285714285714
2019-04-24 16:00:00,0.714,0.0881,0.4280714285714286
2019-04-24 17:00:00,0.3832,0.0473,0.23705714285714286
2019-04-24 18:00:00,0.1001,0.0124,0.07899999999999999
2019-04-24 19:00:00,0.0,0.0,0.0032857142857142855
2019-04-24 20:00:00,0.0,0.0,0.0
2019-04-24 21:00:00,0.0,0.0,0.0
2019-04-24 22:00:00,0.0,0.0,0.0
2019-04-24 23:00:00,0.0,0.0,0.0
2019-04-25 00:00:00,0.0,0.0,0.0
2019-04-25 01:00:00,0.0,0.0,0.0
2019-04-25 02:00:00,0.0,0.0,0.0
2019-04-25 03:00:00,0.0,0.0,0.0
2019-04-25 04:00:00,0.0,0.0,0.0
2019-04-25 05:00:00,0.0,0.0,0.0
2019-04-25 06:00:00,0.1812,0.0224,0.015885714285714284
2019-04-25 07:00:00,0.624,0.077,0.11622857142857143
2019-04-25 08:00:00,0.6719,0.083,0.27754285714285715
2019-04-25 09:00:00,1.8538,0.2289,0.4100142857142858
2019-04-25 10:00:00,4.6833,0.5782,0.5411428571428571
2019-04-25 11:00:00,5.0476,0.6232,0.6452285714285715
2019-04-25 12:00:00,5.9846,0.7388,0.6714428571428572
2019-04-25 13:00:00,6.0155,0.7427,0.7119714285714286
2019-04-25 14:00:00,1.5025,0.1855,0.6327714285714287
2019-04-25 15:00:00,1.1823,0.146,0.5536428571428572
2019-04-25 16:00:00,1.4317,0.1768,0.4253285714285714
2019-04-25 17:00:00,0.6255,0.0772,0.2534142857142857
2019-04-25 18:00:00,0.5748,0.071,0.08582857142857143
2019-04-25 19:00:00,0.0,0.0,0.0048
2019-04-25 20:00:00,0.0,0.0,0.0
2019-04-25 21:00:00,0.0,0.0,0.0
2019-04-25 22:00:00,0.0,0.0,0.0
2019-04-25 23:00:00,0.0,0.0,0.0
2019-04-26 00:00:00,0.0,0.0,0.0
2019-04-26 01:00:00,0.0,0.0,0.0
2019-04-26 02:00:00,0.0,0.0,0.0
2019-04-26 03:00:00,0.0,0.0,0.0
2019-04-26 04:00:00,0.0,0.0,0.0
2019-04-26 05:00:00,0.0,0.0,0.0
2019-04-26 06:00:00,0.0452,0.0056,0.01804285714285714
2019-04-26 07:00:00,0.2414,0.0298,0.11358571428571429
2019-04-26 08:00:00,0.7228,0.0892,0.2986142857142857
2019-04-26 09:00:00,1.4965,0.1848,0.4585571428571429
2019-04-26 10:00:00,1.971,0.2433,0.5764285714285714
2019-04-26 11:00:00,3.1352,0.3871,0.7072857142857142
2019-04-26 12:00:00,3.6791,0.4542,0.7670285714285715
2019-04-26 13:00:00,4.0661,0.502,0.7314714285714287
2019-04-26 14:00:00,4.0143,0.4956,0.6746
2019-04-26 15:00:00,3.7498,0.4629,0.5345714285714286
2019-04-26 16:00:00,1.4007,0.1729,0.3764571428571429
2019-04-26 17:00:00,2.114,0.261,0.22904285714285716
2019-04-26 18:00:00,0.8033,0.0992,0.07734285714285714
2019-04-26 19:00:00,0.0,0.0,0.0048
2019-04-26 20:00:00,0.0,0.0,0.0
2019-04-26 21:00:00,0.0,0.0,0.0
2019-04-26 22:00:00,0.0,0.0,0.0
2019-04-26 23:00:00,0.0,0.0,0.0
2019-04-27 00:00:00,0.0,0.0,0.0
2019-04-27 01:00:00,0.0,0.0,0.0
2019-04-27 02:00:00,0.0,0.0,0.0
2019-04-27 03:00:00,0.0,0.0,0.0
2019-04-27 04:00:00,0.0,0.0,0.0
2019-04-27 05:00:00,0.0,0.0,0.0
2019-04-27 06:00:00,0.2287,0.0282,0.019057142857142856
2019-04-27 07:00:00,0.8976,0.1108,0.1074142857142857
2019-04-27 08:00:00,1.6361,0.202,0.2659
2019-04-27 09:00:00,1.009,0.1246,0.4204
2019-04-27 10:00:00,1.0315,0.1273,0.5674428571428571
2019-04-27 11:00:00,1.3099,0.1617,0.6917571428571428
2019-04-27 12:00:00,1.1517,0.1422,0.7603857142857143
2019-04-27 13:00:00,6.4271,0.7935,0.7268
2019-04-27 14:00:00,0.9603,0.1186,0.5975142857142858
2019-04-27 15:00:00,0.3789,0.0468,0.46767142857142857
2019-04-27 16:00:00,2.1279,0.2627,0.33592857142857147
2019-04-27 17:00:00,1.898,0.2343,0.20074285714285714
2019-04-27 18:00:00,0.7661,0.0946,0.07498571428571428
2019-04-27 19:00:00,0.124,0.0153,0.004285714285714286
2019-04-27 20:00:00,0.0,0.0,0.0
2019-04-27 21:00:00,0.0,0.0,0.0
2019-04-27 22:00:00,0.0,0.0,0.0
2019-04-27 23:00:00,0.0,0.0,0.0
2019-04-28 00:00:00,0.0,0.0,0.0
2019-04-28 01:00:00,0.0,0.0,0.0
2019-04-28 02:00:00,0.0,0.0,0.0
2019-04-28 03:00:00,0.0,0.0,0.0
2019-04-28 04:00:00,0.0,0.0,0.0
2019-04-28 05:00:00,0.0,0.0,0.0
2019-04-28 06:00:00,0.2654,0.0328,0.017457142857142855
2019-04-28 07:00:00,0.8981,0.1109,0.0939857142857143
2019-04-28 08:00:00,0.5852,0.0722,0.23355714285714285
2019-04-28 09:00:00,1.0081,0.1245,0.37520000000000003
2019-04-28 10:00:00,1.6728,0.2065,0.5108428571428572
2019-04-28 11:00:00,3.2751,0.4043,0.6426571428571428
2019-04-28 12:00:00,4.9869,0.6157,0.7141285714285716
2019-04-28 13:00:00,2.4585,0.3035,0.6885714285714286
2019-04-28 14:00:00,3.4136,0.4214,0.5659285714285714
2019-04-28 15:00:00,1.2899,0.1592,0.4465571428571428
2019-04-28 16:00:00,0.2726,0.0337,0.2953428571428572
2019-04-28 17:00:00,0.8818,0.1089,0.1989857142857143
2019-04-28 18:00:00,0.6878,0.0849,0.07635714285714286
2019-04-28 19:00:00,0.1163,0.0144,0.003542857142857143
2019-04-28 20:00:00,0.0,0.0,0.0
2019-04-28 21:00:00,0.0,0.0,0.0
2019-04-28 22:00:00,0.0,0.0,0.0
2019-04-28 23:00:00,0.0,0.0,0.0
2019-04-29 00:00:00,0.0,0.0,0.0
2019-04-29 01:00:00,0.0,0.0,0.0
2019-04-29 02:00:00,0.0,0.0,0.0
2019-04-29 03:00:00,0.0,0.0,0.0
2019-04-29 04:00:00,0.0,0.0,0.0
2019-04-29 05:00:00,0.0,0.0,0.0
2019-04-29 06:00:00,0.1926,0.0238,0.0187
2019-04-29 07:00:00,1.1708,0.1445,0.09127142857142857
2019-04-29 08:00:00,2.7973,0.3454,0.21655714285714286
2019-04-29 09:00:00,4.2649,0.5265,0.32208571428571425
2019-04-29 10:00:00,5.231,0.6458,0.43847142857142857
2019-04-29 11:00:00,4.7398,0.5852,0.5626857142857143
2019-04-29 12:00:00,4.2862,0.5292,0.6241142857142857
2019-04-29 13:00:00,3.0176,0.3725,0.6922428571428572
2019-04-29 14:00:00,2.8728,0.3547,0.481
2019-04-29 15:00:00,3.5436,0.4375,0.3660571428571428
2019-04-29 16:00:00,2.3549,0.2907,0.26739999999999997
2019-04-29 17:00:00,1.1633,0.1436,0.19360000000000002
2019-04-29 18:00:00,0.2097,0.0259,0.07701428571428572
2019-04-29 19:00:00,0.0436,0.0054,0.004771428571428571
2019-04-29 20:00:00,0.0,0.0,0.0
2019-04-29 21:00:00,0.0,0.0,0.0
2019-04-29 22:00:00,0.0,0.0,0.0
2019-04-29 23:00:00,0.0,0.0,0.0
2019-04-30 00:00:00,0.0,0.0,0.0
2019-04-30 01:00:00,0.0,0.0,0.0
2019-04-30 02:00:00,0.0,0.0,0.0
2019-04-30 03:00:00,0.0,0.0,0.0
2019-04-30 04:00:00,0.0,0.0,0.0
2019-04-30 05:00:00,0.0,0.0,0.0
2019-04-30 06:00:00,0.1181,0.0146,0.02035714285714286
2019-04-30 07:00:00,0.7707,0.0952,0.08821428571428572
2019-04-30 08:00:00,1.3209,0.1631,0.18074285714285715
2019-04-30 09:00:00,2.0434,0.2523,0.26845714285714284
2019-04-30 10:00:00,2.5426,0.3139,0.37702857142857144
2019-04-30 11:00:00,3.3396,0.4123,0.5166857142857143
2019-04-30 12:00:00,6.3216,0.7804,0.6010571428571428
2019-04-30 13:00:00,6.4033,0.7905,0.626142857142857
2019-04-30 14:00:00,5.9337,0.7326,0.4387142857142857
2019-04-30 15:00:00,5.1099,0.6309,0.3012
2019-04-30 16:00:00,3.8718,0.478,0.20628571428571427
2019-04-30 17:00:00,2.369,0.2925,0.16944285714285717
2019-04-30 18:00:00,0.8489,0.1048,0.07602857142857143
2019-04-30 19:00:00,0.1402,0.0173,0.005757142857142857
2019-04-30 20:00:00,0.0,0.0,0.0
2019-04-30 21:00:00,0.0,0.0,0.0
2019-04-30 22:00:00,0.0,0.0,0.0
2019-04-30 23:00:00,0.0,0.0,0.0
2019-05-01 00:00:00,0.0,0.0,0.0
2019-05-01 01:00:00,0.0,0.0,0.0
2019-05-01 02:00:00,0.0,0.0,0.0
2019-05-01 03:00:00,0.0,0.0,0.0
2019-05-01 04:00:00,0.0,0.0,0.0
2019-05-01 05:00:00,0.0,0.0,0.0
2019-05-01 06:00:00,0.1403,0.0173,0.020528571428571427
2019-05-01 07:00:00,0.4614,0.057,0.08977142857142857
2019-05-01 08:00:00,0.7351,0.0908,0.18404285714285715
2019-05-01 09:00:00,0.9769,0.1206,0.2716285714285714
2019-05-01 10:00:00,1.2395,0.153,0.3773
2019-05-01 11:00:00,2.1397,0.2642,0.4964857142857143
2019-05-01 12:00:00,5.8453,0.7216,0.5648285714285715
2019-05-01 13:00:00,5.7905,0.7149,0.5755857142857143
2019-05-01 14:00:00,5.3682,0.6627,0.39208571428571426
2019-05-01 15:00:00,4.8149,0.5944,0.27855714285714284
2019-05-01 16:00:00,3.7,0.4568,0.18228571428571425
2019-05-01 17:00:00,2.168,0.2676,0.15194285714285716
2019-05-01 18:00:00,0.8608,0.1063,0.06712857142857143
2019-05-01 19:00:00,0.1139,0.0141,0.006528571428571428
2019-05-01 20:00:00,0.0,0.0,0.0
2019-05-01 21:00:00,0.0,0.0,0.0
2019-05-01 22:00:00,0.0,0.0,0.0
2019-05-01 23:00:00,0.0,0.0,0.0
2019-05-02 00:00:00,0.0,0.0,0.0
2019-05-02 01:00:00,0.0,0.0,0.0
2019-05-02 02:00:00,0.0,0.0,0.0
2019-05-02 03:00:00,0.0,0.0,0.0
2019-05-02 04:00:00,0.0,0.0,0.0
2019-05-02 05:00:00,0.0,0.0,0.0
2019-05-02 06:00:00,0.0783,0.0097,0.020442857142857145
2019-05-02 07:00:00,0.9488,0.1171,0.0914
2019-05-02 08:00:00,1.2249,0.1512,0.18285714285714286
2019-05-02 09:00:00,2.4528,0.3028,0.2758714285714286
2019-05-02 10:00:00,4.6759,0.5773,0.3627714285714286
2019-05-02 11:00:00,4.6789,0.5776,0.4729571428571429
2019-05-02 12:00:00,4.7701,0.5889,0.5764428571428571
2019-05-02 13:00:00,2.5041,0.3091,0.5933285714285714
2019-05-02 14:00:00,3.1075,0.3836,0.41197142857142854
2019-05-02 15:00:00,0.6734,0.0831,0.3021
2019-05-02 16:00:00,1.1013,0.136,0.21469999999999997
2019-05-02 17:00:00,0.6459,0.0797,0.16640000000000002
2019-05-02 18:00:00,0.1917,0.0237,0.0704
2019-05-02 19:00:00,0.0,0.0,0.007485714285714286
2019-05-02 20:00:00,0.0,0.0,0.0
2019-05-02 21:00:00,0.0,0.0,0.0
2019-05-02 22:00:00,0.0,0.0,0.0
2019-05-02 23:00:00,0.0,0.0,0.0
2019-05-03 00:00:00,0.0,0.0,0.0
2019-05-03 01:00:00,0.0,0.0,0.0
2019-05-03 02:00:00,0.0,0.0,0.0
2019-05-03 03:00:00,0.0,0.0,0.0
2019-05-03 04:00:00,0.0,0.0,0.0
2019-05-03 05:00:00,0.0,0.0,0.0
2019-05-03 06:00:00,0.1258,0.0155,0.020671428571428573
2019-05-03 07:00:00,0.3327,0.0411,0.08931428571428571
2019-05-03 08:00:00,0.6316,0.078,0.1493857142857143
2019-05-03 09:00:00,1.7679,0.2183,0.22317142857142858
2019-05-03 10:00:00,1.6525,0.204,0.324
2019-05-03 11:00:00,2.5151,0.3105,0.4054285714285714
2019-05-03 12:00:00,2.5198,0.3111,0.5688714285714286
2019-05-03 13:00:00,1.8032,0.2226,0.6028
2019-05-03 14:00:00,1.4644,0.1808,0.4244428571428571
2019-05-03 15:00:00,0.7949,0.0981,0.35395714285714286
2019-05-03 16:00:00,0.6837,0.0844,0.26737142857142854
2019-05-03 17:00:00,1.21,0.1494,0.19787142857142856
2019-05-03 18:00:00,0.3154,0.0389,0.08381428571428572
2019-05-03 19:00:00,0.2022,0.025,0.0095
2019-05-03 20:00:00,0.0,0.0,0.0
2019-05-03 21:00:00,0.0,0.0,0.0
2019-05-03 22:00:00,0.0,0.0,0.0
2019-05-03 23:00:00,0.0,0.0,0.0
2019-05-04 00:00:00,0.0,0.0,0.0
2019-05-04 01:00:00,0.0,0.0,0.0
2019-05-04 02:00:00,0.0,0.0,0.0
2019-05-04 03:00:00,0.0,0.0,0.0
2019-05-04 04:00:00,0.0,0.0,0.0
2019-05-04 05:00:00,0.0,0.0,0.0
2019-05-04 06:00:00,0.0512,0.0063,0.018857142857142857
2019-05-04 07:00:00,0.2405,0.0297,0.09504285714285714
2019-05-04 08:00:00,0.6557,0.081,0.15912857142857145
2019-05-04 09:00:00,2.2389,0.2764,0.23372857142857142
2019-05-04 10:00:00,2.8234,0.3486,0.3238714285714286
2019-05-04 11:00:00,5.0414,0.6224,0.39891428571428567
2019-05-04 12:00:00,0.806,0.0995,0.5474571428571429
2019-05-04 13:00:00,2.6459,0.3267,0.5408571428571428
2019-05-04 14:00:00,1.8397,0.2271,0.45274285714285717
2019-05-04 15:00:00,1.6241,0.2005,0.3449714285714286
2019-05-04 16:00:00,1.8148,0.224,0.26154285714285713
2019-05-04 17:00:00,0.8065,0.0996,0.19822857142857142
2019-05-04 18:00:00,0.9348,0.1154,0.07705714285714287
2019-05-04 19:00:00,0.2117,0.0261,0.0095
2019-05-04 20:00:00,0.0,0.0,0.0
2019-05-04 21:00:00,0.0,0.0,0.0
2019-05-04 22:00:00,0.0,0.0,0.0
2019-05-04 23:00:00,0.0,0.0,0.0
2019-05-05 00:00:00,0.0,0.0,0.0
2019-05-05 01:00:00,0.0,0.0,0.0
2019-05-05 02:00:00,0.0,0.0,0.0
2019-05-05 03:00:00,0.0,0.0,0.0
2019-05-05 04:00:00,0.0,0.0,0.0
2019-05-05 05:00:00,0.0,0.0,0.0
2019-05-05 06:00:00,0.2481,0.0306,0.020271428571428572
2019-05-05 07:00:00,1.1485,0.1418,0.09665714285714286
2019-05-05 08:00:00,0.9069,0.112,0.15752857142857143
2019-05-05 09:00:00,1.7061,0.2106,0.2385142857142857
2019-05-05 10:00:00,3.3745,0.4166,0.31825714285714285
2019-05-05 11:00:00,1.2838,0.1585,0.3879714285714285
2019-05-05 12:00:00,5.6895,0.7024,0.5270142857142857
2019-05-05 13:00:00,0.8807,0.1087,0.5009428571428571
2019-05-05 14:00:00,5.9628,0.7361,0.40777142857142856
2019-05-05 15:00:00,4.7341,0.5845,0.2928571428571428
2019-05-05 16:00:00,0.8003,0.0988,0.24889999999999995
2019-05-05 17:00:00,1.4148,0.1747,0.18228571428571425
2019-05-05 18:00:00,0.3512,0.0434,0.06844285714285714
2019-05-05 19:00:00,0.2303,0.0284,0.01307142857142857
2019-05-05 20:00:00,0.0,0.0,0.0
2019-05-05 21:00:00,0.0,0.0,0.0
2019-05-05 22:00:00,0.0,0.0,0.0
2019-05-05 23:00:00,0.0,0.0,0.0
2019-05-06 00:00:00,0.0,0.0,0.0
2019-05-06 01:00:00,0.0,0.0,0.0
2019-05-06 02:00:00,0.0,0.0,0.0
2019-05-06 03:00:00,0.0,0.0,0.0
2019-05-06 04:00:00,0.0,0.0,0.0
2019-05-06 05:00:00,0.0,0.0,0.0
2019-05-06 06:00:00,0.3782,0.0467,0.017142857142857144
2019-05-06 07:00:00,0.828,0.1022,0.08507142857142856
2019-05-06 08:00:00,1.6743,0.2067,0.14024285714285714
2019-05-06 09:00:00,2.4967,0.3082,0.2602
2019-05-06 10:00:00,3.5467,0.4379,0.34987142857142856
2019-05-06 11:00:00,0.974,0.1202,0.4537857142857143
2019-05-06 12:00:00,1.0772,0.133,0.5209142857142858
2019-05-06 13:00:00,0.7203,0.0889,0.43425714285714284
2019-05-06 14:00:00,3.6181,0.4467,0.42327142857142863
2019-05-06 15:00:00,2.5904,0.3198,0.3148142857142857
2019-05-06 16:00:00,0.4769,0.0589,0.24337142857142854
2019-05-06 17:00:00,0.2331,0.0288,0.16304285714285713
2019-05-06 18:00:00,0.4733,0.0584,0.07141428571428572
2019-05-06 19:00:00,0.078,0.0096,0.014614285714285715
2019-05-06 20:00:00,0.0,0.0,0.0
2019-05-06 21:00:00,0.0,0.0,0.0
2019-05-06 22:00:00,0.0,0.0,0.0
2019-05-06 23:00:00,0.0,0.0,0.0
2019-05-07 00:00:00,0.0,0.0,0.0
2019-05-07 01:00:00,0.0,0.0,0.0
2019-05-07 02:00:00,0.0,0.0,0.0
2019-05-07 03:00:00,0.0,0.0,0.0
2019-05-07 04:00:00,0.0,0.0,0.0
2019-05-07 05:00:00,0.0,0.0,0.0
2019-05-07 06:00:00,0.358,0.0442,0.01682857142857143
2019-05-07 07:00:00,0.9581,0.1183,0.08948571428571428
2019-05-07 08:00:00,1.639,0.2023,0.14592857142857144
2019-05-07 09:00:00,3.5087,0.4332,0.27249999999999996
2019-05-07 10:00:00,3.9186,0.4838,0.37988571428571427
2019-05-07 11:00:00,2.7495,0.3394,0.4186714285714285
2019-05-07 12:00:00,2.431,0.3001,0.5333
2019-05-07 13:00:00,2.9513,0.3644,0.4064285714285714
2019-05-07 14:00:00,1.4587,0.1801,0.4682285714285714
2019-05-07 15:00:00,3.1097,0.3839,0.37557142857142856
2019-05-07 16:00:00,3.299,0.4073,0.25267142857142855
2019-05-07 17:00:00,1.7248,0.2129,0.17244285714285712
2019-05-07 18:00:00,0.821,0.1014,0.06548571428571429
2019-05-07 19:00:00,0.1805,0.0223,0.016614285714285713
2019-05-07 20:00:00,0.0,0.0,0.0
2019-05-07 21:00:00,0.0,0.0,0.0
2019-05-07 22:00:00,0.0,0.0,0.0
2019-05-07 23:00:00,0.0,0.0,0.0
2019-05-08 00:00:00,0.0,0.0,0.0
2019-05-08 01:00:00,0.0,0.0,0.0
2019-05-08 02:00:00,0.0,0.0,0.0
2019-05-08 03:00:00,0.0,0.0,0.0
2019-05-08 04:00:00,0.0,0.0,0.0
2019-05-08 05:00:00,0.0,0.0,0.0
2019-05-08 06:00:00,0.3504,0.0433,0.0201
2019-05-08 07:00:00,0.8264,0.102,0.08344285714285715
2019-05-08 08:00:00,0.6023,0.0744,0.1261142857142857
2019-05-08 09:00:00,1.0559,0.1304,0.24131428571428568
2019-05-08 10:00:00,3.1128,0.3843,0.35018571428571427
2019-05-08 11:00:00,1.0085,0.1245,0.35224285714285714
2019-05-08 12:00:00,1.1199,0.1383,0.4767
2019-05-08 13:00:00,1.052,0.1299,0.3659142857142857
2019-05-08 14:00:00,0.6664,0.0823,0.4813714285714286
2019-05-08 15:00:00,0.6124,0.0756,0.3587571428571429
2019-05-08 16:00:00,0.8089,0.0999,0.2195571428571428
2019-05-08 17:00:00,0.4844,0.0598,0.15604285714285715
2019-05-08 18:00:00,0.5943,0.0734,0.07012857142857143
2019-05-08 19:00:00,0.0,0.0,0.017214285714285713
2019-05-08 20:00:00,0.0,0.0,0.0
2019-05-08 21:00:00,0.0,0.0,0.0
2019-05-08 22:00:00,0.0,0.0,0.0
2019-05-08 23:00:00,0.0,0.0,0.0
2019-05-09 00:00:00,0.0,0.0,0.0
2019-05-09 01:00:00,0.0,0.0,0.0
2019-05-09 02:00:00,0.0,0.0,0.0
2019-05-09 03:00:00,0.0,0.0,0.0
2019-05-09 04:00:00,0.0,0.0,0.0
2019-05-09 05:00:00,0.0,0.0,0.0
2019-05-09 06:00:00,0.4061,0.0501,0.02432857142857143
2019-05-09 07:00:00,1.361,0.168,0.08674285714285714
2019-05-09 08:00:00,2.6875,0.3318,0.13171428571428573
2019-05-09 09:00:00,2.1444,0.2647,0.2671571428571428
2019-05-09 10:00:00,1.6554,0.2044,0.3744571428571429
2019-05-09 11:00:00,0.8509,0.105,0.3418285714285714
2019-05-09 12:00:00,0.8035,0.0992,0.40808571428571433
2019-05-09 13:00:00,1.5358,0.1896,0.3050428571428571
2019-05-09 14:00:00,0.8269,0.1021,0.40244285714285716
2019-05-09 15:00:00,2.2033,0.272,0.3234714285714286
2019-05-09 16:00:00,3.285,0.4056,0.20945714285714281
2019-05-09 17:00:00,2.0362,0.2514,0.14467142857142856
2019-05-09 18:00:00,0.845,0.1043,0.06964285714285715
2019-05-09 19:00:00,0.0498,0.0061,0.01792857142857143
2019-05-09 20:00:00,0.0,0.0,0.0
2019-05-09 21:00:00,0.0,0.0,0.0
2019-05-09 22:00:00,0.0,0.0,0.0
2019-05-09 23:00:00,0.0,0.0,0.0
2019-05-10 00:00:00,0.0,0.0,0.0
2019-05-10 01:00:00,0.0,0.0,0.0
2019-05-10 02:00:00,0.0,0.0,0.0
2019-05-10 03:00:00,0.0,0.0,0.0
2019-05-10 04:00:00,0.0,0.0,0.0
2019-05-10 05:00:00,0.0,0.0,0.0
2019-05-10 06:00:00,0.0702,0.0087,0.028042857142857144
2019-05-10 07:00:00,0.6222,0.0768,0.09317142857142857
2019-05-10 08:00:00,1.3007,0.1606,0.12937142857142858
2019-05-10 09:00:00,0.9687,0.1196,0.2685571428571428
2019-05-10 10:00:00,1.8064,0.223,0.40750000000000003
2019-05-10 11:00:00,0.8895,0.1098,0.32187142857142853
2019-05-10 12:00:00,4.6495,0.574,0.32475714285714286
2019-05-10 13:00:00,3.1195,0.3851,0.22147142857142854
2019-05-10 14:00:00,3.5401,0.437,0.31952857142857144
2019-05-10 15:00:00,3.7988,0.469,0.24935714285714286
2019-05-10 16:00:00,3.571,0.4409,0.15847142857142857
2019-05-10 17:00:00,2.0372,0.2515,0.11498571428571427
2019-05-10 18:00:00,0.7845,0.0968,0.06494285714285715
2019-05-10 19:00:00,0.0889,0.011,0.015914285714285714
2019-05-10 20:00:00,0.0,0.0,0.0
2019-05-10 21:00:00,0.0,0.0,0.0
2019-05-10 22:00:00,0.0,0.0,0.0
2019-05-10 23:00:00,0.0,0.0,0.0
2019-05-11 00:00:00,0.0,0.0,0.0
2019-05-11 01:00:00,0.0,0.0,0.0
2019-05-11 02:00:00,0.0,0.0,0.0
2019-05-11 03:00:00,0.0,0.0,0.0
2019-05-11 04:00:00,0.0,0.0,0.0
2019-05-11 05:00:00,0.0,0.0,0.0
2019-05-11 06:00:00,0.3737,0.0461,0.03381428571428572
2019-05-11 07:00:00,0.1313,0.0162,0.10044285714285715
2019-05-11 08:00:00,0.3706,0.0458,0.15517142857142854
2019-05-11 09:00:00,0.9083,0.1121,0.2631142857142857
2019-05-11 10:00:00,1.4088,0.1739,0.35422857142857145
2019-05-11 11:00:00,2.2087,0.2727,0.25435714285714284
2019-05-11 12:00:00,3.0218,0.3731,0.25479999999999997
2019-05-11 13:00:00,3.0629,0.3781,0.20439999999999997
2019-05-11 14:00:00,0.431,0.0532,0.2793142857142857
2019-05-11 15:00:00,3.2606,0.4025,0.27634285714285717
2019-05-11 16:00:00,0.552,0.0681,0.19698571428571426
2019-05-11 17:00:00,1.8823,0.2324,0.13951428571428573
2019-05-11 18:00:00,0.9862,0.1218,0.07645714285714286
2019-05-11 19:00:00,0.2776,0.0343,0.016785714285714286
2019-05-11 20:00:00,0.0,0.0,0.0
2019-05-11 21:00:00,0.0,0.0,0.0
2019-05-11 22:00:00,0.0,0.0,0.0
2019-05-11 23:00:00,0.0,0.0,0.0
2019-05-12 00:00:00,0.0,0.0,0.0
2019-05-12 01:00:00,0.0,0.0,0.0
2019-05-12 02:00:00,0.0,0.0,0.0
2019-05-12 03:00:00,0.0,0.0,0.0
2019-05-12 04:00:00,0.0,0.0,0.0
2019-05-12 05:00:00,0.0,0.0,0.0
2019-05-12 06:00:00,0.4244,0.0524,0.03284285714285714
2019-05-12 07:00:00,1.3538,0.1671,0.10554285714285716
2019-05-12 08:00:00,2.5236,0.3116,0.16697142857142858
2019-05-12 09:00:00,3.4311,0.4236,0.2490142857142857
2019-05-12 10:00:00,4.0819,0.5039,0.3569428571428572
2019-05-12 11:00:00,4.9796,0.6148,0.22568571428571427
2019-05-12 12:00:00,5.479,0.6764,0.29235714285714287
2019-05-12 13:00:00,3.4625,0.4275,0.2276142857142857
2019-05-12 14:00:00,4.0051,0.4945,0.31591428571428576
2019-05-12 15:00:00,2.954,0.3647,0.3293285714285714
2019-05-12 16:00:00,2.1492,0.2653,0.2479142857142857
2019-05-12 17:00:00,0.992,0.1225,0.1541
2019-05-12 18:00:00,0.8699,0.1074,0.08472857142857142
2019-05-12 19:00:00,0.2201,0.0272,0.014785714285714286
2019-05-12 20:00:00,0.0,0.0,0.0
2019-05-12 21:00:00,0.0,0.0,0.0
2019-05-12 22:00:00,0.0,0.0,0.0
2019-05-12 23:00:00,0.0,0.0,0.0
2019-05-13 00:00:00,0.0,0.0,0.0
2019-05-13 01:00:00,0.0,0.0,0.0
2019-05-13 02:00:00,0.0,0.0,0.0
2019-05-13 03:00:00,0.0,0.0,0.0
2019-05-13 04:00:00,0.0,0.0,0.0
2019-05-13 05:00:00,0.0,0.0,0.0
2019-05-13 06:00:00,0.2899,0.0358,0.038528571428571426
2019-05-13 07:00:00,1.3263,0.1637,0.10361428571428573
2019-05-13 08:00:00,2.835,0.35,0.16194285714285714
2019-05-13 09:00:00,4.2986,0.5307,0.22554285714285713
2019-05-13 10:00:00,5.6729,0.7004,0.3319857142857143
2019-05-13 11:00:00,6.3972,0.7898,0.17572857142857143
2019-05-13 12:00:00,6.7155,0.8291,0.33144285714285715
2019-05-13 13:00:00,6.8017,0.8397,0.23495714285714284
2019-05-13 14:00:00,6.1651,0.7611,0.2910714285714286
2019-05-13 15:00:00,5.3612,0.6619,0.35818571428571433
2019-05-13 16:00:00,4.1669,0.5144,0.22564285714285712
2019-05-13 17:00:00,2.529,0.3122,0.17307142857142857
2019-05-13 18:00:00,1.0158,0.1254,0.08564285714285715
2019-05-13 19:00:00,0.245,0.0302,0.015957142857142857
2019-05-13 20:00:00,0.0,0.0,0.0
2019-05-13 21:00:00,0.0,0.0,0.0
2019-05-13 22:00:00,0.0,0.0,0.0
2019-05-13 23:00:00,0.0,0.0,0.0
2019-05-14 00:00:00,0.0,0.0,0.0
2019-05-14 01:00:00,0.0,0.0,0.0
2019-05-14 02:00:00,0.0,0.0,0.0
2019-05-14 03:00:00,0.0,0.0,0.0
2019-05-14 04:00:00,0.0,0.0,0.0
2019-05-14 05:00:00,0.0129,0.0016,0.0
2019-05-14 06:00:00,0.3291,0.0406,0.04164285714285714
2019-05-14 07:00:00,1.474,0.182,0.10722857142857142
2019-05-14 08:00:00,2.6854,0.3315,0.19045714285714285
2019-05-14 09:00:00,4.3818,0.541,0.25597142857142857
2019-05-14 10:00:00,5.4783,0.6763,0.34445714285714285
2019-05-14 11:00:00,6.1425,0.7583,0.2409142857142857
2019-05-14 12:00:00,6.1597,0.7605,0.3277285714285715
2019-05-14 13:00:00,6.3065,0.7786,0.28049999999999997
2019-05-14 14:00:00,5.792,0.7151,0.2565571428571429
2019-05-14 15:00:00,5.044,0.6227,0.3267857142857143
2019-05-14 16:00:00,3.8262,0.4724,0.2494285714285714
2019-05-14 17:00:00,2.3773,0.2935,0.16561428571428571
2019-05-14 18:00:00,1.0284,0.127,0.09478571428571428
2019-05-14 19:00:00,0.3032,0.0374,0.015785714285714285
2019-05-14 20:00:00,0.0,0.0,0.0
2019-05-14 21:00:00,0.0,0.0,0.0
2019-05-14 22:00:00,0.0,0.0,0.0
2019-05-14 23:00:00,0.0,0.0,0.0
2019-05-15 00:00:00,0.0,0.0,0.0
2019-05-15 01:00:00,0.0,0.0,0.0
2019-05-15 02:00:00,0.0,0.0,0.0
2019-05-15 03:00:00,0.0,0.0,0.0
2019-05-15 04:00:00,0.0,0.0,0.0
2019-05-15 05:00:00,0.0196,0.0024,0.0
2019-05-15 06:00:00,0.3186,0.0393,0.04008571428571428
2019-05-15 07:00:00,1.4914,0.1841,0.11601428571428572
2019-05-15 08:00:00,3.0524,0.3768,0.2109285714285714
2019-05-15 09:00:00,4.5578,0.5627,0.2877571428571429
2019-05-15 10:00:00,5.6691,0.6999,0.3819571428571429
2019-05-15 11:00:00,6.4003,0.7902,0.3365714285714286
2019-05-15 12:00:00,6.7316,0.8311,0.42717142857142854
2019-05-15 13:00:00,6.8211,0.8421,0.3877571428571428
2019-05-15 14:00:00,6.1802,0.763,0.30147142857142856
2019-05-15 15:00:00,5.3996,0.6666,0.37565714285714286
2019-05-15 16:00:00,4.2094,0.5197,0.31449999999999995
2019-05-15 17:00:00,2.5447,0.3142,0.2061
2019-05-15 18:00:00,1.0354,0.1278,0.10435714285714286
2019-05-15 19:00:00,0.2573,0.0318,0.018728571428571428
2019-05-15 20:00:00,0.0,0.0,0.0
2019-05-15 21:00:00,0.0,0.0,0.0
2019-05-15 22:00:00,0.0,0.0,0.0
2019-05-15 23:00:00,0.0,0.0,0.0
2019-05-16 00:00:00,0.0,0.0,0.0
2019-05-16 01:00:00,0.0,0.0,0.0
2019-05-16 02:00:00,0.0,0.0,0.0
2019-05-16 03:00:00,0.0,0.0,0.0
2019-05-16 04:00:00,0.0,0.0,0.0
2019-05-16 05:00:00,0.0,0.0,0.0002285714285714286
2019-05-16 06:00:00,0.3895,0.0481,0.03957142857142858
2019-05-16 07:00:00,1.4758,0.1822,0.1251142857142857
2019-05-16 08:00:00,2.9737,0.3671,0.22938571428571428
2019-05-16 09:00:00,4.4366,0.5477,0.30315714285714285
2019-05-16 10:00:00,4.6359,0.5723,0.40945714285714285
2019-05-16 11:00:00,3.8022,0.4694,0.3964142857142857
2019-05-16 12:00:00,5.4785,0.6764,0.49294285714285707
2019-05-16 13:00:00,4.05,0.5,0.4469285714285714
2019-05-16 14:00:00,6.0318,0.7447,0.37789999999999996
2019-05-16 15:00:00,5.262,0.6496,0.4097714285714286
2019-05-16 16:00:00,3.8317,0.473,0.3238
2019-05-16 17:00:00,0.9082,0.1121,0.2176142857142857
2019-05-16 18:00:00,1.0037,0.1239,0.10801428571428572
2019-05-16 19:00:00,0.2711,0.0335,0.020885714285714285
2019-05-16 20:00:00,0.0,0.0,0.0
2019-05-16 21:00:00,0.0,0.0,0.0
2019-05-16 22:00:00,0.0,0.0,0.0
2019-05-16 23:00:00,0.0,0.0,0.0
2019-05-17 00:00:00,0.0,0.0,0.0
2019-05-17 01:00:00,0.0,0.0,0.0
2019-05-17 02:00:00,0.0,0.0,0.0
2019-05-17 03:00:00,0.0,0.0,0.0
2019-05-17 04:00:00,0.0,0.0,0.0
2019-05-17 05:00:00,0.0,0.0,0.0005714285714285715
2019-05-17 06:00:00,0.1114,0.0138,0.039
2019-05-17 07:00:00,0.4806,0.0593,0.13684285714285713
2019-05-17 08:00:00,0.6898,0.0852,0.27258571428571426
2019-05-17 09:00:00,0.52,0.0642,0.3649142857142857
2019-05-17 10:00:00,1.3477,0.1664,0.45454285714285714
2019-05-17 11:00:00,0.8959,0.1106,0.4915142857142857
2019-05-17 12:00:00,0.925,0.1142,0.5919142857142857
2019-05-17 13:00:00,1.2464,0.1539,0.5486714285714286
2019-05-17 14:00:00,1.0208,0.126,0.4751428571428571
2019-05-17 15:00:00,0.7519,0.0928,0.4942000000000001
2019-05-17 16:00:00,0.7971,0.0984,0.38377142857142854
2019-05-17 17:00:00,0.5533,0.0683,0.2539571428571429
2019-05-17 18:00:00,0.5623,0.0694,0.1157857142857143
2019-05-17 19:00:00,0.2357,0.0291,0.02542857142857143
2019-05-17 20:00:00,0.0,0.0,0.0
2019-05-17 21:00:00,0.0,0.0,0.0
2019-05-17 22:00:00,0.0,0.0,0.0
2019-05-17 23:00:00,0.0,0.0,0.0
2019-05-18 00:00:00,0.0,0.0,0.0
2019-05-18 01:00:00,0.0,0.0,0.0
2019-05-18 02:00:00,0.0,0.0,0.0
2019-05-18 03:00:00,0.0,0.0,0.0
2019-05-18 04:00:00,0.0,0.0,0.0
2019-05-18 05:00:00,0.0,0.0,0.0005714285714285715
2019-05-18 06:00:00,0.1308,0.0161,0.038714285714285715
2019-05-18 07:00:00,1.3902,0.1716,0.1388714285714286
2019-05-18 08:00:00,1.9267,0.2379,0.2776285714285714
2019-05-18 09:00:00,2.0407,0.2519,0.4053428571428571
2019-05-18 10:00:00,2.6325,0.325,0.5071
2019-05-18 11:00:00,4.203,0.5189,0.5435714285714285
2019-05-18 12:00:00,2.9962,0.3699,0.6743714285714286
2019-05-18 13:00:00,0.7057,0.0871,0.5930142857142856
2019-05-18 14:00:00,1.1321,0.1398,0.5669428571428571
2019-05-18 15:00:00,2.3555,0.2908,0.5481428571428572
2019-05-18 16:00:00,1.0018,0.1237,0.3933999999999999
2019-05-18 17:00:00,0.3767,0.0465,0.23405714285714288
2019-05-18 18:00:00,0.2521,0.0311,0.1185857142857143
2019-05-18 19:00:00,0.0868,0.0107,0.029342857142857143
2019-05-18 20:00:00,0.0,0.0,0.0
2019-05-18 21:00:00,0.0,0.0,0.0
2019-05-18 22:00:00,0.0,0.0,0.0
2019-05-18 23:00:00,0.0,0.0,0.0
2019-05-19 00:00:00,0.0,0.0,0.0
2019-05-19 01:00:00,0.0,0.0,0.0
2019-05-19 02:00:00,0.0,0.0,0.0
2019-05-19 03:00:00,0.0,0.0,0.0
2019-05-19 04:00:00,0.0,0.0,0.0
2019-05-19 05:00:00,0.0,0.0,0.0005714285714285715
2019-05-19 06:00:00,0.2592,0.032,0.039442857142857134
2019-05-19 07:00:00,1.2124,0.1497,0.13637142857142856
2019-05-19 08:00:00,1.4441,0.1783,0.26685714285714285
2019-05-19 09:00:00,1.73,0.2136,0.39742857142857135
2019-05-19 10:00:00,3.6353,0.4488,0.49901428571428574
2019-05-19 11:00:00,4.1707,0.5149,0.5436857142857143
2019-05-19 12:00:00,2.9017,0.3582,0.6086857142857144
2019-05-19 13:00:00,0.7956,0.0982,0.5599857142857142
2019-05-19 14:00:00,1.296,0.16,0.5225142857142857
2019-05-19 15:00:00,0.3664,0.0452,0.49440000000000006
2019-05-19 16:00:00,1.2388,0.1529,0.34447142857142854
2019-05-19 17:00:00,1.8664,0.2304,0.20788571428571428
2019-05-19 18:00:00,0.6501,0.0803,0.11467142857142856
2019-05-19 19:00:00,0.2514,0.031,0.031928571428571424
2019-05-19 20:00:00,0.0,0.0,0.0
2019-05-19 21:00:00,0.0,0.0,0.0
2019-05-19 22:00:00,0.0,0.0,0.0
2019-05-19 23:00:00,0.0,0.0,0.0
2019-05-20 00:00:00,0.0,0.0,0.0
2019-05-20 01:00:00,0.0,0.0,0.0
2019-05-20 02:00:00,0.0,0.0,0.0
2019-05-20 03:00:00,0.0,0.0,0.0
2019-05-20 04:00:00,0.0,0.0,0.0
2019-05-20 05:00:00,0.0,0.0,0.0005714285714285715
2019-05-20 06:00:00,0.0479,0.0059,0.03515714285714285
2019-05-20 07:00:00,0.4733,0.0584,0.15857142857142856
2019-05-20 08:00:00,0.8281,0.1022,0.29429999999999995
2019-05-20 09:00:00,1.1621,0.1435,0.41739999999999994
2019-05-20 10:00:00,2.058,0.2541,0.5206
2019-05-20 11:00:00,1.1981,0.1479,0.5788571428571428
2019-05-20 12:00:00,2.3261,0.2872,0.6082285714285715
2019-05-20 13:00:00,1.8285,0.2257,0.5184142857142857
2019-05-20 14:00:00,0.8885,0.1097,0.5348857142857143
2019-05-20 15:00:00,0.6731,0.0831,0.4784428571428571
2019-05-20 16:00:00,0.5883,0.0726,0.3524142857142857
2019-05-20 17:00:00,0.3788,0.0468,0.18132857142857145
2019-05-20 18:00:00,0.107,0.0132,0.10171428571428572
2019-05-20 19:00:00,0.017,0.0021,0.028557142857142857
2019-05-20 20:00:00,0.0,0.0,0.0
2019-05-20 21:00:00,0.0,0.0,0.0
2019-05-20 22:00:00,0.0,0.0,0.0
2019-05-20 23:00:00,0.0,0.0,0.0
2019-05-21 00:00:00,0.0,0.0,0.0
2019-05-21 01:00:00,0.0,0.0,0.0
2019-05-21 02:00:00,0.0,0.0,0.0
2019-05-21 03:00:00,0.0,0.0,0.0
2019-05-21 04:00:00,0.0,0.0,0.0
2019-05-21 05:00:00,0.0116,0.0014,0.0005714285714285715
2019-05-21 06:00:00,0.0623,0.0077,0.03224285714285714
2019-05-21 07:00:00,1.0561,0.1304,0.1560857142857143
2019-05-21 08:00:00,0.0,0.0,0.27525714285714287
2019-05-21 09:00:00,0.3755,0.0464,0.38739999999999997
2019-05-21 10:00:00,0.6978,0.0861,0.5127285714285714
2019-05-21 11:00:00,0.7496,0.0925,0.5645857142857144
2019-05-21 12:00:00,0.6616,0.0817,0.5627714285714285
2019-05-21 13:00:00,0.6992,0.0863,0.47137142857142855
2019-05-21 14:00:00,0.6376,0.0787,0.4871
2019-05-21 15:00:00,0.6235,0.077,0.43279999999999996
2019-05-21 16:00:00,0.7483,0.0924,0.33635714285714285
2019-05-21 17:00:00,1.2266,0.1514,0.19674285714285714
2019-05-21 18:00:00,1.0679,0.1318,0.09784285714285715
2019-05-21 19:00:00,0.1336,0.0165,0.029100000000000004
2019-05-21 20:00:00,0.0,0.0,0.0
2019-05-21 21:00:00,0.0,0.0,0.0
2019-05-21 22:00:00,0.0,0.0,0.0
2019-05-21 23:00:00,0.0,0.0,0.0
2019-05-22 00:00:00,0.0,0.0,0.0
2019-05-22 01:00:00,0.0,0.0,0.0
2019-05-22 02:00:00,0.0,0.0,0.0
2019-05-22 03:00:00,0.0,0.0,0.0
2019-05-22 04:00:00,0.0,0.0,0.0
2019-05-22 05:00:00,0.0,0.0,0.0005714285714285715
2019-05-22 06:00:00,0.1527,0.0189,0.02797142857142857
2019-05-22 07:00:00,0.6701,0.0827,0.14104285714285714
2019-05-22 08:00:00,0.0,0.0,0.23985714285714285
2019-05-22 09:00:00,3.5517,0.4385,0.33208571428571426
2019-05-22 10:00:00,5.1337,0.6338,0.4489714285714285
2019-05-22 11:00:00,6.0986,0.7529,0.4728857142857143
2019-05-22 12:00:00,6.2908,0.7766,0.48535714285714276
2019-05-22 13:00:00,6.1091,0.7542,0.38365714285714286
2019-05-22 14:00:00,4.6909,0.5791,0.3940428571428572
2019-05-22 15:00:00,1.4173,0.175,0.3501142857142857
2019-05-22 16:00:00,3.1025,0.383,0.27324285714285707
2019-05-22 17:00:00,2.0705,0.2556,0.1588285714285714
2019-05-22 18:00:00,1.0888,0.1344,0.08181428571428571
2019-05-22 19:00:00,0.3735,0.0461,0.025085714285714288
2019-05-22 20:00:00,0.0,0.0,0.0
2019-05-22 21:00:00,0.0,0.0,0.0
2019-05-22 22:00:00,0.0,0.0,0.0
2019-05-22 23:00:00,0.0,0.0,0.0
2019-05-23 00:00:00,0.0,0.0,0.0
2019-05-23 01:00:00,0.0,0.0,0.0
2019-05-23 02:00:00,0.0,0.0,0.0
2019-05-23 03:00:00,0.0,0.0,0.0
2019-05-23 04:00:00,0.0,0.0,0.0
2019-05-23 05:00:00,0.0846,0.0104,0.0005428571428571428
2019-05-23 06:00:00,0.491,0.0606,0.02327142857142857
2019-05-23 07:00:00,1.4744,0.182,0.13367142857142858
2019-05-23 08:00:00,2.8073,0.3466,0.19250000000000003
2019-05-23 09:00:00,3.7747,0.466,0.26142857142857145
2019-05-23 10:00:00,4.1156,0.5081,0.36465714285714285
2019-05-23 11:00:00,5.1246,0.6327,0.3777714285714286
2019-05-23 12:00:00,6.2,0.7654,0.3883857142857142
2019-05-23 13:00:00,6.1784,0.7628,0.2847571428571429
2019-05-23 14:00:00,5.8486,0.722,0.30312857142857147
2019-05-23 15:00:00,5.0591,0.6246,0.2721571428571429
2019-05-23 16:00:00,3.7727,0.4658,0.21895714285714282
2019-05-23 17:00:00,2.2098,0.2728,0.13852857142857142
2019-05-23 18:00:00,1.0734,0.1325,0.0825
2019-05-23 19:00:00,0.3008,0.0371,0.0221
2019-05-23 20:00:00,0.0,0.0,0.0
2019-05-23 21:00:00,0.0,0.0,0.0
2019-05-23 22:00:00,0.0,0.0,0.0
2019-05-23 23:00:00,0.0,0.0,0.0
2019-05-24 00:00:00,0.0,0.0,0.0
2019-05-24 01:00:00,0.0,0.0,0.0
2019-05-24 02:00:00,0.0,0.0,0.0
2019-05-24 03:00:00,0.0,0.0,0.0
2019-05-24 04:00:00,0.0,0.0,0.0
2019-05-24 05:00:00,0.0906,0.0112,0.00019999999999999993
2019-05-24 06:00:00,0.5384,0.0665,0.02035714285714286
2019-05-24 07:00:00,1.2498,0.1543,0.1191857142857143
2019-05-24 08:00:00,2.3598,0.2913,0.13867142857142858
2019-05-24 09:00:00,4.2166,0.5206,0.24368571428571428
2019-05-24 10:00:00,5.2227,0.6448,0.3552142857142857
2019-05-24 11:00:00,5.8109,0.7174,0.37244285714285713
2019-05-24 12:00:00,6.1478,0.759,0.3806
2019-05-24 13:00:00,5.6768,0.7008,0.27220000000000005
2019-05-24 14:00:00,5.0077,0.6182,0.27685714285714286
2019-05-24 15:00:00,0.0,0.0,0.20192857142857143
2019-05-24 16:00:00,3.2339,0.3992,0.19942857142857137
2019-05-24 17:00:00,1.5592,0.1925,0.13015714285714286
2019-05-24 18:00:00,0.8254,0.1019,0.08344285714285714
2019-05-24 19:00:00,0.3822,0.0472,0.024142857142857143
2019-05-24 20:00:00,0.0,0.0,0.0
2019-05-24 21:00:00,0.0,0.0,0.0
2019-05-24 22:00:00,0.0,0.0,0.0
2019-05-24 23:00:00,0.0,0.0,0.0
2019-05-25 00:00:00,0.0,0.0,0.0
2019-05-25 01:00:00,0.0,0.0,0.0
2019-05-25 02:00:00,0.0,0.0,0.0
2019-05-25 03:00:00,0.0,0.0,0.0
2019-05-25 04:00:00,0.0,0.0,0.0
2019-05-25 05:00:00,0.105,0.013,0.0016857142857142856
2019-05-25 06:00:00,0.4548,0.0562,0.02214285714285714
2019-05-25 07:00:00,1.511,0.1865,0.11915714285714285
2019-05-25 08:00:00,2.9765,0.3675,0.13574285714285714
2019-05-25 09:00:00,3.1972,0.3947,0.23201428571428573
2019-05-25 10:00:00,5.2449,0.6475,0.34604285714285715
2019-05-25 11:00:00,5.3794,0.6641,0.3957714285714286
2019-05-25 12:00:00,2.5719,0.3175,0.39331428571428567
2019-05-25 13:00:00,3.6904,0.4556,0.30974285714285715
2019-05-25 14:00:00,3.1898,0.3938,0.2736142857142857
2019-05-25 15:00:00,3.5164,0.4341,0.19835714285714287
2019-05-25 16:00:00,1.7399,0.2148,0.19839999999999997
2019-05-25 17:00:00,1.383,0.1707,0.15311428571428573
2019-05-25 18:00:00,0.8501,0.105,0.08467142857142858
2019-05-25 19:00:00,0.3733,0.0461,0.024657142857142857
2019-05-25 20:00:00,0.0,0.0,0.0
2019-05-25 21:00:00,0.0,0.0,0.0
2019-05-25 22:00:00,0.0,0.0,0.0
2019-05-25 23:00:00,0.0,0.0,0.0
2019-05-26 00:00:00,0.0,0.0,0.0
2019-05-26 01:00:00,0.0,0.0,0.0
2019-05-26 02:00:00,0.0,0.0,0.0
2019-05-26 03:00:00,0.0,0.0,0.0
2019-05-26 04:00:00,0.0,0.0,0.0
2019-05-26 05:00:00,0.0967,0.0119,0.0032857142857142855
2019-05-26 06:00:00,0.5436,0.0671,0.02967142857142857
2019-05-26 07:00:00,1.475,0.1821,0.13272857142857142
2019-05-26 08:00:00,2.4651,0.3043,0.16518571428571427
2019-05-26 09:00:00,4.356,0.5378,0.2972142857142857
2019-05-26 10:00:00,5.1139,0.6313,0.4143857142857143
2019-05-26 11:00:00,2.9214,0.3607,0.48245714285714286
2019-05-26 12:00:00,3.6173,0.4466,0.4854285714285714
2019-05-26 13:00:00,3.3425,0.4127,0.3878714285714286
2019-05-26 14:00:00,0.4404,0.0544,0.3439285714285714
2019-05-26 15:00:00,0.8169,0.1009,0.18510000000000001
2019-05-26 16:00:00,0.8294,0.1024,0.24137142857142854
2019-05-26 17:00:00,0.9124,0.1126,0.17085714285714285
2019-05-26 18:00:00,1.1059,0.1365,0.08931428571428571
2019-05-26 19:00:00,0.0226,0.0028,0.02724285714285715
2019-05-26 20:00:00,0.0,0.0,0.0
2019-05-26 21:00:00,0.0,0.0,0.0
2019-05-26 22:00:00,0.0,0.0,0.0
2019-05-26 23:00:00,0.0,0.0,0.0
2019-05-27 00:00:00,0.0,0.0,0.0
2019-05-27 01:00:00,0.0,0.0,0.0
2019-05-27 02:00:00,0.0,0.0,0.0
2019-05-27 03:00:00,0.0,0.0,0.0
2019-05-27 04:00:00,0.0,0.0,0.0
2019-05-27 05:00:00,0.0,0.0,0.005142857142857143
2019-05-27 06:00:00,0.1419,0.0175,0.0354
2019-05-27 07:00:00,0.4503,0.0556,0.13485714285714284
2019-05-27 08:00:00,0.8281,0.1022,0.1837
2019-05-27 09:00:00,2.545,0.3142,0.31761428571428574
2019-05-27 10:00:00,2.774,0.3425,0.46045714285714284
2019-05-27 11:00:00,2.3142,0.2857,0.5032
2019-05-27 12:00:00,2.6701,0.3296,0.47794285714285717
2019-05-27 13:00:00,4.3844,0.5413,0.44051428571428575
2019-05-27 14:00:00,3.8523,0.4756,0.38021428571428567
2019-05-27 15:00:00,2.99,0.3691,0.20557142857142857
2019-05-27 16:00:00,2.0843,0.2573,0.25438571428571427
2019-05-27 17:00:00,1.0009,0.1236,0.18860000000000002
2019-05-27 18:00:00,1.0014,0.1236,0.09987142857142857
2019-05-27 19:00:00,0.3476,0.0429,0.0323
2019-05-27 20:00:00,0.0,0.0,0.0
2019-05-27 21:00:00,0.0,0.0,0.0
2019-05-27 22:00:00,0.0,0.0,0.0
2019-05-27 23:00:00,0.0,0.0,0.0
2019-05-28 00:00:00,0.0,0.0,0.0
2019-05-28 01:00:00,0.0,0.0,0.0
2019-05-28 02:00:00,0.0,0.0,0.0
2019-05-28 03:00:00,0.0,0.0,0.0
2019-05-28 04:00:00,0.0,0.0,0.0
2019-05-28 05:00:00,0.1228,0.0152,0.006842857142857143
2019-05-28 06:00:00,0.5052,0.0624,0.040414285714285715
2019-05-28 07:00:00,1.138,0.1405,0.1394857142857143
2019-05-28 08:00:00,0.7729,0.0954,0.20170000000000002
2019-05-28 09:00:00,3.3462,0.4131,0.36392857142857143
2019-05-28 10:00:00,2.0658,0.255,0.4865285714285714
2019-05-28 11:00:00,0.7479,0.0923,0.48117142857142864
2019-05-28 12:00:00,1.8766,0.2317,0.4905714285714286
2019-05-28 13:00:00,3.2864,0.4057,0.4854428571428572
2019-05-28 14:00:00,0.5537,0.0684,0.3651285714285714
2019-05-28 15:00:00,2.3814,0.294,0.21352857142857143
2019-05-28 16:00:00,2.4173,0.2984,0.24717142857142854
2019-05-28 17:00:00,0.8568,0.1058,0.1717714285714286
2019-05-28 18:00:00,0.7639,0.0943,0.10790000000000001
2019-05-28 19:00:00,0.4191,0.0517,0.028271428571428576
2019-05-28 20:00:00,0.0,0.0,0.0
2019-05-28 21:00:00,0.0,0.0,0.0
2019-05-28 22:00:00,0.0,0.0,0.0
2019-05-28 23:00:00,0.0,0.0,0.0
2019-05-29 00:00:00,0.0,0.0,0.0
2019-05-29 01:00:00,0.0,0.0,0.0
2019-05-29 02:00:00,0.0,0.0,0.0
2019-05-29 03:00:00,0.0,0.0,0.0
2019-05-29 04:00:00,0.0,0.0,0.0
2019-05-29 05:00:00,0.1188,0.0147,0.006842857142857143
2019-05-29 06:00:00,0.3946,0.0487,0.04207142857142858
2019-05-29 07:00:00,1.5569,0.1922,0.13908571428571428
2019-05-29 08:00:00,3.0785,0.3801,0.2017
2019-05-29 09:00:00,4.2068,0.5194,0.3883142857142857
2019-05-29 10:00:00,4.6782,0.5776,0.49915714285714285
2019-05-29 11:00:00,5.6819,0.7015,0.5008571428571429
2019-05-29 12:00:00,5.6957,0.7032,0.4966285714285714
2019-05-29 13:00:00,5.724,0.7067,0.5305285714285715
2019-05-29 14:00:00,5.0019,0.6175,0.41739999999999994
2019-05-29 15:00:00,4.8708,0.6013,0.25438571428571427
2019-05-29 16:00:00,4.1336,0.5103,0.27355714285714283
2019-05-29 17:00:00,2.6197,0.3234,0.18274285714285715
2019-05-29 18:00:00,1.0706,0.1322,0.12367142857142856
2019-05-29 19:00:00,0.0807,0.01,0.034100000000000005
2019-05-29 20:00:00,0.0,0.0,0.0
2019-05-29 21:00:00,0.0,0.0,0.0
2019-05-29 22:00:00,0.0,0.0,0.0
2019-05-29 23:00:00,0.0,0.0,0.0
2019-05-30 00:00:00,0.0,0.0,0.0
2019-05-30 01:00:00,0.0,0.0,0.0
2019-05-30 02:00:00,0.0,0.0,0.0
2019-05-30 03:00:00,0.0,0.0,0.0
2019-05-30 04:00:00,0.0,0.0,0.0
2019-05-30 05:00:00,0.0,0.0,0.008814285714285715
2019-05-30 06:00:00,0.135,0.0167,0.04988571428571429
2019-05-30 07:00:00,0.7762,0.0958,0.14052857142857142
2019-05-30 08:00:00,1.6312,0.2014,0.21532857142857145
2019-05-30 09:00:00,1.0406,0.1285,0.44070000000000004
2019-05-30 10:00:00,2.0237,0.2498,0.5232857142857144
2019-05-30 11:00:00,1.5,0.1852,0.5008285714285714
2019-05-30 12:00:00,1.8429,0.2275,0.5180571428571429
2019-05-30 13:00:00,1.7943,0.2215,0.5761571428571429
2019-05-30 14:00:00,1.6243,0.2005,0.41592857142857137
2019-05-30 15:00:00,1.6098,0.1987,0.2853857142857143
2019-05-30 16:00:00,2.2487,0.2776,0.30298571428571425
2019-05-30 17:00:00,2.1012,0.2594,0.17622857142857143
2019-05-30 18:00:00,1.1071,0.1367,0.11831428571428572
2019-05-30 19:00:00,0.3515,0.0434,0.039128571428571436
2019-05-30 20:00:00,0.0,0.0,0.0
2019-05-30 21:00:00,0.0,0.0,0.0
2019-05-30 22:00:00,0.0,0.0,0.0
2019-05-30 23:00:00,0.0,0.0,0.0
2019-05-31 00:00:00,0.0,0.0,0.0
2019-05-31 01:00:00,0.0,0.0,0.0
2019-05-31 02:00:00,0.0,0.0,0.0
2019-05-31 03:00:00,0.0,0.0,0.0
2019-05-31 04:00:00,0.0,0.0,0.0
2019-05-31 05:00:00,0.1348,0.0166,0.010914285714285713
2019-05-31 06:00:00,0.3554,0.0439,0.054142857142857145
2019-05-31 07:00:00,1.506,0.1859,0.15617142857142857
2019-05-31 08:00:00,2.9725,0.367,0.26962857142857144
2019-05-31 09:00:00,4.369,0.5394,0.45225714285714286
2019-05-31 10:00:00,5.2868,0.6527,0.5152571428571429
2019-05-31 11:00:00,3.0078,0.3713,0.4934857142857143
2019-05-31 12:00:00,4.3248,0.5339,0.5075714285714287
2019-05-31 13:00:00,5.9995,0.7407,0.5693714285714285
2019-05-31 14:00:00,5.6237,0.6943,0.4214142857142857
2019-05-31 15:00:00,3.6698,0.4531,0.34628571428571425
2019-05-31 16:00:00,2.3898,0.295,0.32117142857142855
2019-05-31 17:00:00,1.7942,0.2215,0.18591428571428573
2019-05-31 18:00:00,1.1369,0.1404,0.118
2019-05-31 19:00:00,0.4235,0.0523,0.033971428571428576
2019-05-31 20:00:00,0.0034,0.0004,0.0
2019-05-31 21:00:00,0.0,0.0,0.0
2019-05-31 22:00:00,0.0,0.0,0.0
2019-05-31 23:00:00,0.0,0.0,0.0
2019-06-01 00:00:00,0.0,0.0,0.0
2019-06-01 01:00:00,0.0,0.0,0.0
2019-06-01 02:00:00,0.0,0.0,0.0
2019-06-01 03:00:00,0.0,0.0,0.0
2019-06-01 04:00:00,0.0,0.0,0.0
2019-06-01 05:00:00,0.1279,0.0158,0.009428571428571427
2019-06-01 06:00:00,0.4801,0.0593,0.04787142857142858
2019-06-01 07:00:00,1.4855,0.1834,0.14385714285714288
2019-06-01 08:00:00,2.9098,0.3592,0.2488857142857143
2019-06-01 09:00:00,4.0831,0.5041,0.40404285714285715
2019-06-01 10:00:00,4.8866,0.6033,0.47835714285714287
2019-06-01 11:00:00,5.4783,0.6763,0.42955714285714286
2019-06-01 12:00:00,5.9632,0.7362,0.43072857142857146
2019-06-01 13:00:00,5.8998,0.7284,0.49204285714285717
2019-06-01 14:00:00,5.3576,0.6614,0.3469142857142857
2019-06-01 15:00:00,4.6851,0.5784,0.2854428571428571
2019-06-01 16:00:00,3.7513,0.4631,0.2942857142857142
2019-06-01 17:00:00,2.4561,0.3032,0.184
2019-06-01 18:00:00,1.1127,0.1374,0.11860000000000001
2019-06-01 19:00:00,0.3661,0.0452,0.034871428571428574
2019-06-01 20:00:00,0.0213,0.0026,0.0
2019-06-01 21:00:00,0.0,0.0,0.0
2019-06-01 22:00:00,0.0,0.0,0.0
2019-06-01 23:00:00,0.0,0.0,0.0
2019-06-02 00:00:00,0.0,0.0,0.0
2019-06-02 01:00:00,0.0,0.0,0.0
2019-06-02 02:00:00,0.0,0.0,0.0
2019-06-02 03:00:00,0.0,0.0,0.0
2019-06-02 04:00:00,0.0,0.0,0.0
2019-06-02 05:00:00,0.1315,0.0162,0.010199999999999999
2019-06-02 06:00:00,0.354,0.0437,0.04464285714285715
2019-06-02 07:00:00,1.4758,0.1822,0.14837142857142857
2019-06-02 08:00:00,2.9197,0.3605,0.2597
2019-06-02 09:00:00,4.1835,0.5165,0.40672857142857133
2019-06-02 10:00:00,5.1699,0.6383,0.47948571428571424
2019-06-02 11:00:00,5.8055,0.7167,0.38011428571428574
2019-06-02 12:00:00,6.1134,0.7547,0.3985714285714286
2019-06-02 13:00:00,5.9031,0.7288,0.49774285714285715
2019-06-02 14:00:00,5.6899,0.7025,0.3577857142857143
2019-06-02 15:00:00,4.9765,0.6144,0.3501714285714285
2019-06-02 16:00:00,3.8509,0.4754,0.2793999999999999
2019-06-02 17:00:00,2.543,0.3139,0.18814285714285714
2019-06-02 18:00:00,1.1175,0.138,0.1241
2019-06-02 19:00:00,0.34,0.042,0.03560000000000001
2019-06-02 20:00:00,0.0396,0.0049,5.714285714285715e-05
2019-06-02 21:00:00,0.0,0.0,0.0
2019-06-02 22:00:00,0.0,0.0,0.0
2019-06-02 23:00:00,0.0,0.0,0.0
2019-06-03 00:00:00,0.0,0.0,0.0
2019-06-03 01:00:00,0.0,0.0,0.0
2019-06-03 02:00:00,0.0,0.0,0.0
2019-06-03 03:00:00,0.0,0.0,0.0
2019-06-03 04:00:00,0.0,0.0,0.0
2019-06-03 05:00:00,0.0481,0.0059,0.0106
2019-06-03 06:00:00,0.1851,0.0229,0.045085714285714285
2019-06-03 07:00:00,1.3181,0.1627,0.14792857142857144
2019-06-03 08:00:00,2.4766,0.3057,0.2585142857142857
2019-06-03 09:00:00,1.8414,0.2273,0.4223571428571428
2019-06-03 10:00:00,4.1792,0.5159,0.4731714285714285
2019-06-03 11:00:00,2.2954,0.2834,0.38185714285714284
2019-06-03 12:00:00,3.0379,0.3751,0.4583857142857143
2019-06-03 13:00:00,2.4914,0.3076,0.5367142857142857
2019-06-03 14:00:00,3.2606,0.4025,0.3960142857142857
2019-06-03 15:00:00,1.7079,0.2109,0.3707857142857143
2019-06-03 16:00:00,1.0994,0.1357,0.3148714285714286
2019-06-03 17:00:00,1.7757,0.2192,0.20707142857142857
2019-06-03 18:00:00,0.7998,0.0987,0.12872857142857144
2019-06-03 19:00:00,0.418,0.0516,0.03547142857142857
2019-06-03 20:00:00,0.0,0.0,0.0004285714285714286
2019-06-03 21:00:00,0.0,0.0,0.0
2019-06-03 22:00:00,0.0,0.0,0.0
2019-06-03 23:00:00,0.0,0.0,0.0
2019-06-04 00:00:00,0.0,0.0,0.0
2019-06-04 01:00:00,0.0,0.0,0.0
2019-06-04 02:00:00,0.0,0.0,0.0
2019-06-04 03:00:00,0.0,0.0,0.0
2019-06-04 04:00:00,0.0,0.0,0.0
2019-06-04 05:00:00,0.0233,0.0029,0.011214285714285715
2019-06-04 06:00:00,0.5343,0.066,0.041742857142857144
2019-06-04 07:00:00,1.4416,0.178,0.14794285714285715
2019-06-04 08:00:00,2.7421,0.3385,0.26654285714285714
2019-06-04 09:00:00,3.9196,0.4839,0.4193142857142857
2019-06-04 10:00:00,3.4725,0.4287,0.4741714285714286
2019-06-04 11:00:00,4.8681,0.601,0.4327142857142857
2019-06-04 12:00:00,3.9918,0.4928,0.5024000000000001
2019-06-04 13:00:00,4.5529,0.5621,0.5818714285714286
2019-06-04 14:00:00,5.2589,0.6493,0.48860000000000003
2019-06-04 15:00:00,3.835,0.4735,0.44414285714285706
2019-06-04 16:00:00,1.0468,0.1292,0.3681571428571428
2019-06-04 17:00:00,2.037,0.2515,0.23582857142857144
2019-06-04 18:00:00,0.8989,0.111,0.12894285714285714
2019-06-04 19:00:00,0.388,0.0479,0.04107142857142857
2019-06-04 20:00:00,0.0019,0.0002,0.0011285714285714287
2019-06-04 21:00:00,0.0,0.0,0.0
2019-06-04 22:00:00,0.0,0.0,0.0
2019-06-04 23:00:00,0.0,0.0,0.0
2019-06-05 00:00:00,0.0,0.0,0.0
2019-06-05 01:00:00,0.0,0.0,0.0
2019-06-05 02:00:00,0.0,0.0,0.0
2019-06-05 03:00:00,0.0,0.0,0.0
2019-06-05 04:00:00,0.0,0.0,0.0
2019-06-05 05:00:00,0.106,0.0131,0.012057142857142858
2019-06-05 06:00:00,0.4682,0.0578,0.04251428571428571
2019-06-05 07:00:00,1.4199,0.1753,0.16324285714285716
2019-06-05 08:00:00,2.0468,0.2527,0.2956142857142857
2019-06-05 09:00:00,0.8707,0.1075,0.40689999999999993
2019-06-05 10:00:00,2.571,0.3174,0.49894285714285713
2019-06-05 11:00:00,1.2046,0.1487,0.43238571428571426
2019-06-05 12:00:00,4.3648,0.5389,0.5089
2019-06-05 13:00:00,4.009,0.4949,0.5484857142857144
2019-06-05 14:00:00,2.9342,0.3622,0.4781571428571429
2019-06-05 15:00:00,4.3058,0.5316,0.4215428571428571
2019-06-05 16:00:00,3.6212,0.4471,0.35078571428571426
2019-06-05 17:00:00,2.4279,0.2997,0.24948571428571428
2019-06-05 18:00:00,0.9585,0.1183,0.1253857142857143
2019-06-05 19:00:00,0.4462,0.0551,0.042314285714285714
2019-06-05 20:00:00,0.0,0.0,0.0011285714285714287
2019-06-05 21:00:00,0.0,0.0,0.0
2019-06-05 22:00:00,0.0,0.0,0.0
2019-06-05 23:00:00,0.0,0.0,0.0
2019-06-06 00:00:00,0.0,0.0,0.0
2019-06-06 01:00:00,0.0,0.0,0.0
2019-06-06 02:00:00,0.0,0.0,0.0
2019-06-06 03:00:00,0.0,0.0,0.0
2019-06-06 04:00:00,0.0,0.0,0.0
2019-06-06 05:00:00,0.0572,0.0071,0.0103
2019-06-06 06:00:00,0.2255,0.0278,0.04302857142857143
2019-06-06 07:00:00,0.4148,0.0512,0.1686
2019-06-06 08:00:00,1.8734,0.2313,0.3303428571428571
2019-06-06 09:00:00,2.6008,0.3211,0.41701428571428567
2019-06-06 10:00:00,3.1739,0.3918,0.5237571428571429
2019-06-06 11:00:00,4.2396,0.5234,0.5050571428571429
2019-06-06 12:00:00,3.2091,0.3962,0.5462
2019-06-06 13:00:00,2.1419,0.2644,0.5708285714285715
2019-06-06 14:00:00,1.7808,0.2198,0.5611428571428572
2019-06-06 15:00:00,1.7319,0.2138,0.44718571428571424
2019-06-06 16:00:00,2.9588,0.3653,0.3266142857142857
2019-06-06 17:00:00,2.5674,0.317,0.27030000000000004
2019-06-06 18:00:00,1.2014,0.1483,0.12777142857142856
2019-06-06 19:00:00,0.4675,0.0577,0.04177142857142857
2019-06-06 20:00:00,0.0491,0.0061,0.001157142857142857
2019-06-06 21:00:00,0.0,0.0,0.0
2019-06-06 22:00:00,0.0,0.0,0.0
2019-06-06 23:00:00,0.0,0.0,0.0
2019-06-07 00:00:00,0.0,0.0,0.0
2019-06-07 01:00:00,0.0,0.0,0.0
2019-06-07 02:00:00,0.0,0.0,0.0
2019-06-07 03:00:00,0.0,0.0,0.0
2019-06-07 04:00:00,0.0,0.0,0.0
2019-06-07 05:00:00,0.0962,0.0119,0.01007142857142857
2019-06-07 06:00:00,0.5546,0.0685,0.04432857142857143
2019-06-07 07:00:00,1.4561,0.1798,0.1661857142857143
2019-06-07 08:00:00,2.9214,0.3607,0.31214285714285717
2019-06-07 09:00:00,4.3042,0.5314,0.3581714285714286
2019-06-07 10:00:00,5.3826,0.6645,0.4865857142857143
2019-06-07 11:00:00,6.037,0.7453,0.4260857142857143
2019-06-07 12:00:00,6.2965,0.7774,0.5227285714285714
2019-06-07 13:00:00,3.4439,0.4252,0.5405714285714286
2019-06-07 14:00:00,4.3512,0.5372,0.5246714285714286
2019-06-07 15:00:00,0.656,0.081,0.4372285714285714
2019-06-07 16:00:00,0.5366,0.0662,0.31758571428571425
2019-06-07 17:00:00,1.7601,0.2173,0.26691428571428577
2019-06-07 18:00:00,0.3002,0.0371,0.12578571428571428
2019-06-07 19:00:00,0.0934,0.0115,0.048214285714285716
2019-06-07 20:00:00,0.0,0.0,0.001157142857142857
2019-06-07 21:00:00,0.0,0.0,0.0
2019-06-07 22:00:00,0.0,0.0,0.0
2019-06-07 23:00:00,0.0,0.0,0.0
2019-06-08 00:00:00,0.0,0.0,0.0
2019-06-08 01:00:00,0.0,0.0,0.0
2019-06-08 02:00:00,0.0,0.0,0.0
2019-06-08 03:00:00,0.0,0.0,0.0
2019-06-08 04:00:00,0.0,0.0,0.0
2019-06-08 05:00:00,0.1478,0.0182,0.011085714285714286
2019-06-08 06:00:00,0.1158,0.0143,0.045914285714285706
2019-06-08 07:00:00,0.3525,0.0435,0.15981428571428571
2019-06-08 08:00:00,1.1975,0.1478,0.3164142857142857
2019-06-08 09:00:00,2.9419,0.3632,0.38568571428571424
2019-06-08 10:00:00,1.2609,0.1557,0.5068714285714285
2019-06-08 11:00:00,1.0293,0.1271,0.47440000000000004
2019-06-08 12:00:00,2.6651,0.329,0.5468285714285714
2019-06-08 13:00:00,4.9941,0.6166,0.5467000000000001
2019-06-08 14:00:00,5.1539,0.6363,0.5274285714285715
2019-06-08 15:00:00,4.5033,0.556,0.43938571428571427
2019-06-08 16:00:00,4.0835,0.5041,0.3301142857142857
2019-06-08 17:00:00,0.9598,0.1185,0.2751428571428572
2019-06-08 18:00:00,1.2383,0.1529,0.12744285714285716
2019-06-08 19:00:00,0.1201,0.0148,0.050257142857142854
2019-06-08 20:00:00,0.0748,0.0092,0.0020285714285714286
2019-06-08 21:00:00,0.0,0.0,0.0
2019-06-08 22:00:00,0.0,0.0,0.0
2019-06-08 23:00:00,0.0,0.0,0.0
2019-06-09 00:00:00,0.0,0.0,0.0
2019-06-09 01:00:00,0.0,0.0,0.0
2019-06-09 02:00:00,0.0,0.0,0.0
2019-06-09 03:00:00,0.0,0.0,0.0
2019-06-09 04:00:00,0.0,0.0,0.0
2019-06-09 05:00:00,0.1032,0.0127,0.010414285714285714
2019-06-09 06:00:00,0.5672,0.07,0.049428571428571426
2019-06-09 07:00:00,1.5148,0.187,0.15894285714285714
2019-06-09 08:00:00,2.9433,0.3634,0.31551428571428575
2019-06-09 09:00:00,4.2733,0.5276,0.3845428571428572
2019-06-09 10:00:00,5.1851,0.6401,0.5085571428571428
2019-06-09 11:00:00,5.4475,0.6725,0.5278285714285714
2019-06-09 12:00:00,3.5207,0.4347,0.5816142857142858
2019-06-09 13:00:00,3.0608,0.3779,0.5016285714285714
2019-06-09 14:00:00,1.8482,0.2282,0.5049857142857143
2019-06-09 15:00:00,2.6502,0.3272,0.3862285714285714
2019-06-09 16:00:00,1.7686,0.2183,0.29742857142857143
2019-06-09 17:00:00,1.4707,0.1816,0.27454285714285714
2019-06-09 18:00:00,0.603,0.0744,0.11268571428571428
2019-06-09 19:00:00,0.2116,0.0261,0.04442857142857143
2019-06-09 20:00:00,0.0,0.0,0.0019714285714285715
2019-06-09 21:00:00,0.0,0.0,0.0
2019-06-09 22:00:00,0.0,0.0,0.0
2019-06-09 23:00:00,0.0,0.0,0.0
2019-06-10 00:00:00,0.0,0.0,0.0
2019-06-10 01:00:00,0.0,0.0,0.0
2019-06-10 02:00:00,0.0,0.0,0.0
2019-06-10 03:00:00,0.0,0.0,0.0
2019-06-10 04:00:00,0.0,0.0,0.0
2019-06-10 05:00:00,0.1604,0.0198,0.010757142857142857
2019-06-10 06:00:00,0.5322,0.0657,0.043000000000000003
2019-06-10 07:00:00,1.1111,0.1372,0.13895714285714286
2019-06-10 08:00:00,1.5947,0.1969,0.28531428571428574
2019-06-10 09:00:00,3.8343,0.4734,0.3644142857142857
2019-06-10 10:00:00,3.3803,0.4173,0.4446142857142857
2019-06-10 11:00:00,2.6798,0.3308,0.4493714285714286
2019-06-10 12:00:00,3.064,0.3783,0.5234428571428572
2019-06-10 13:00:00,3.8622,0.4768,0.4856571428571429
2019-06-10 14:00:00,2.6934,0.3325,0.5014
2019-06-10 15:00:00,2.6702,0.3296,0.38302857142857144
2019-06-10 16:00:00,1.3555,0.1673,0.30328571428571427
2019-06-10 17:00:00,0.5513,0.0681,0.24815714285714288
2019-06-10 18:00:00,0.2823,0.0348,0.1149
2019-06-10 19:00:00,0.0653,0.0081,0.04008571428571429
2019-06-10 20:00:00,0.0,0.0,0.002914285714285714
2019-06-10 21:00:00,0.0,0.0,0.0
2019-06-10 22:00:00,0.0,0.0,0.0
2019-06-10 23:00:00,0.0,0.0,0.0
2019-06-11 00:00:00,0.0,0.0,0.0
2019-06-11 01:00:00,0.0,0.0,0.0
2019-06-11 02:00:00,0.0,0.0,0.0
2019-06-11 03:00:00,0.0,0.0,0.0
2019-06-11 04:00:00,0.0,0.0,0.0
2019-06-11 05:00:00,0.0,0.0,0.010257142857142857
2019-06-11 06:00:00,0.2505,0.0309,0.046757142857142865
2019-06-11 07:00:00,1.4072,0.1737,0.13964285714285712
2019-06-11 08:00:00,2.908,0.359,0.28572857142857144
2019-06-11 09:00:00,3.939,0.4863,0.366
2019-06-11 10:00:00,4.4807,0.5532,0.4448714285714286
2019-06-11 11:00:00,5.7952,0.7155,0.44305714285714287
2019-06-11 12:00:00,5.7773,0.7132,0.47772857142857145
2019-06-11 13:00:00,4.4186,0.5455,0.43552857142857143
2019-06-11 14:00:00,0.5507,0.068,0.4336428571428571
2019-06-11 15:00:00,0.8426,0.104,0.342
2019-06-11 16:00:00,0.9548,0.1179,0.2665571428571428
2019-06-11 17:00:00,0.2325,0.0287,0.22925714285714285
2019-06-11 18:00:00,0.6292,0.0777,0.10581428571428572
2019-06-11 19:00:00,0.4674,0.0577,0.03781428571428571
2019-06-11 20:00:00,0.0102,0.0013,0.002214285714285714
2019-06-11 21:00:00,0.0,0.0,0.0
2019-06-11 22:00:00,0.0,0.0,0.0
2019-06-11 23:00:00,0.0,0.0,0.0
2019-06-12 00:00:00,0.0,0.0,0.0
2019-06-12 01:00:00,0.0,0.0,0.0
2019-06-12 02:00:00,0.0,0.0,0.0
2019-06-12 03:00:00,0.0,0.0,0.0
2019-06-12 04:00:00,0.0,0.0,0.0
2019-06-12 05:00:00,0.0,0.0,0.012242857142857142
2019-06-12 06:00:00,0.0679,0.0084,0.052871428571428576
2019-06-12 07:00:00,0.2702,0.0334,0.13599999999999998
2019-06-12 08:00:00,0.8655,0.1068,0.2701857142857143
2019-06-12 09:00:00,0.0,0.0,0.4011571428571429
2019-06-12 10:00:00,0.5925,0.0731,0.43078571428571427
2019-06-12 11:00:00,0.4681,0.0578,0.4498285714285714
2019-06-12 12:00:00,3.8727,0.4781,0.4781857142857143
2019-06-12 13:00:00,5.8975,0.7281,0.45970000000000005
2019-06-12 14:00:00,5.0583,0.6245,0.42364285714285715
2019-06-12 15:00:00,4.9,0.6049,0.35895714285714286
2019-06-12 16:00:00,3.9137,0.4832,0.2710714285714285
2019-06-12 17:00:00,1.7483,0.2158,0.20767142857142856
2019-06-12 18:00:00,1.2325,0.1522,0.09668571428571428
2019-06-12 19:00:00,0.4854,0.0599,0.0316
2019-06-12 20:00:00,0.0933,0.0115,0.002214285714285714
2019-06-12 21:00:00,0.0,0.0,0.0
2019-06-12 22:00:00,0.0,0.0,0.0
2019-06-12 23:00:00,0.0,0.0,0.0
2019-06-13 00:00:00,0.0,0.0,0.0
2019-06-13 01:00:00,0.0,0.0,0.0
2019-06-13 02:00:00,0.0,0.0,0.0
2019-06-13 03:00:00,0.0,0.0,0.0
2019-06-13 04:00:00,0.0,0.0,0.0
2019-06-13 05:00:00,0.1544,0.0191,0.011828571428571428
2019-06-13 06:00:00,0.3672,0.0453,0.04785714285714286
2019-06-13 07:00:00,1.5288,0.1887,0.13538571428571428
2019-06-13 08:00:00,2.8779,0.3553,0.2731142857142857
2019-06-13 09:00:00,3.4869,0.4305,0.4015
2019-06-13 10:00:00,4.9232,0.6078,0.4485714285714285
2019-06-13 11:00:00,4.7655,0.5883,0.4661857142857143
2019-06-13 12:00:00,3.2324,0.3991,0.5096714285714286
2019-06-13 13:00:00,3.9198,0.4839,0.4573285714285715
2019-06-13 14:00:00,4.0208,0.4964,0.34060000000000007
2019-06-13 15:00:00,4.8398,0.5975,0.30617142857142854
2019-06-13 16:00:00,3.8093,0.4703,0.26945714285714284
2019-06-13 17:00:00,1.9213,0.2372,0.17584285714285713
2019-06-13 18:00:00,1.2601,0.1556,0.09192857142857143
2019-06-13 19:00:00,0.4871,0.0601,0.033
2019-06-13 20:00:00,0.0931,0.0115,0.0023714285714285716
2019-06-13 21:00:00,0.0,0.0,0.0
2019-06-13 22:00:00,0.0,0.0,0.0
2019-06-13 23:00:00,0.0,0.0,0.0
2019-06-14 00:00:00,0.0,0.0,0.0
2019-06-14 01:00:00,0.0,0.0,0.0
2019-06-14 02:00:00,0.0,0.0,0.0
2019-06-14 03:00:00,0.0,0.0,0.0
2019-06-14 04:00:00,0.0,0.0,0.0
2019-06-14 05:00:00,0.0699,0.0086,0.009957142857142857
2019-06-14 06:00:00,0.4199,0.0518,0.0408
2019-06-14 07:00:00,1.4334,0.177,0.11511428571428571
2019-06-14 08:00:00,3.0086,0.3714,0.2522714285714286
2019-06-14 09:00:00,3.401,0.4199,0.3861428571428572
2019-06-14 10:00:00,1.5073,0.1861,0.4136714285714286
2019-06-14 11:00:00,5.8664,0.7242,0.45319999999999994
2019-06-14 12:00:00,6.0601,0.7482,0.5009857142857143
2019-06-14 13:00:00,5.9819,0.7385,0.4906428571428572
2019-06-14 14:00:00,4.9252,0.6081,0.37807142857142856
2019-06-14 15:00:00,3.4852,0.4303,0.3166428571428571
2019-06-14 16:00:00,2.7123,0.3349,0.2746142857142857
2019-06-14 17:00:00,2.1738,0.2684,0.16385714285714287
2019-06-14 18:00:00,0.6283,0.0776,0.09677142857142858
2019-06-14 19:00:00,0.1155,0.0143,0.033685714285714284
2019-06-14 20:00:00,0.0,0.0,0.004014285714285714
2019-06-14 21:00:00,0.0,0.0,0.0
2019-06-14 22:00:00,0.0,0.0,0.0
2019-06-14 23:00:00,0.0,0.0,0.0
2019-06-15 00:00:00,0.0,0.0,0.0
2019-06-15 01:00:00,0.0,0.0,0.0
2019-06-15 02:00:00,0.0,0.0,0.0
2019-06-15 03:00:00,0.0,0.0,0.0
2019-06-15 04:00:00,0.0,0.0,0.0
2019-06-15 05:00:00,0.1511,0.0187,0.01167142857142857
2019-06-15 06:00:00,0.0731,0.009,0.043300000000000005
2019-06-15 07:00:00,1.1743,0.145,0.13475714285714285
2019-06-15 08:00:00,1.8219,0.2249,0.2699857142857143
2019-06-15 09:00:00,4.0427,0.4991,0.4017714285714286
2019-06-15 10:00:00,1.6863,0.2082,0.44452857142857144
2019-06-15 11:00:00,2.2354,0.276,0.4624714285714286
2019-06-15 12:00:00,4.0947,0.5055,0.5014000000000001
2019-06-15 13:00:00,4.7113,0.5816,0.522
2019-06-15 14:00:00,4.9275,0.6083,0.4175857142857143
2019-06-15 15:00:00,4.3925,0.5423,0.3714571428571429
2019-06-15 16:00:00,3.8298,0.4728,0.2896142857142857
2019-06-15 17:00:00,2.2312,0.2755,0.15245714285714287
2019-06-15 18:00:00,1.0654,0.1315,0.09781428571428571
2019-06-15 19:00:00,0.454,0.056,0.03402857142857143
2019-06-15 20:00:00,0.0541,0.0067,0.004785714285714286
2019-06-15 21:00:00,0.0,0.0,0.0
2019-06-15 22:00:00,0.0,0.0,0.0
2019-06-15 23:00:00,0.0,0.0,0.0
2019-06-16 00:00:00,0.0,0.0,0.0
2019-06-16 01:00:00,0.0,0.0,0.0
2019-06-16 02:00:00,0.0,0.0,0.0
2019-06-16 03:00:00,0.0,0.0,0.0
2019-06-16 04:00:00,0.0,0.0,0.0
2019-06-16 05:00:00,0.1596,0.0197,0.0112
2019-06-16 06:00:00,0.363,0.0448,0.040914285714285716
2019-06-16 07:00:00,1.4958,0.1847,0.13435714285714287
2019-06-16 08:00:00,2.9368,0.3626,0.2715142857142857
2019-06-16 09:00:00,3.5751,0.4414,0.3858428571428571
2019-06-16 10:00:00,4.7161,0.5822,0.37618571428571423
2019-06-16 11:00:00,2.3419,0.2891,0.45945714285714284
2019-06-16 12:00:00,3.7155,0.4587,0.4972285714285714
2019-06-16 13:00:00,5.0633,0.6251,0.5667571428571428
2019-06-16 14:00:00,2.4148,0.2981,0.42771428571428566
2019-06-16 15:00:00,4.5792,0.5653,0.4213571428571429
2019-06-16 16:00:00,3.9306,0.4853,0.32799999999999996
2019-06-16 17:00:00,2.5365,0.3131,0.15975714285714288
2019-06-16 18:00:00,1.2562,0.1551,0.10360000000000001
2019-06-16 19:00:00,0.4899,0.0605,0.034428571428571426
2019-06-16 20:00:00,0.1047,0.0129,0.004785714285714286
2019-06-16 21:00:00,0.0,0.0,0.0
2019-06-16 22:00:00,0.0,0.0,0.0
2019-06-16 23:00:00,0.0,0.0,0.0
2019-06-17 00:00:00,0.0,0.0,0.0
2019-06-17 01:00:00,0.0,0.0,0.0
2019-06-17 02:00:00,0.0,0.0,0.0
2019-06-17 03:00:00,0.0,0.0,0.0
2019-06-17 04:00:00,0.0,0.0,0.0
2019-06-17 05:00:00,0.161,0.0199,0.011271428571428571
2019-06-17 06:00:00,0.3676,0.0454,0.04015714285714285
2019-06-17 07:00:00,1.4752,0.1821,0.14885714285714283
2019-06-17 08:00:00,2.843,0.351,0.2825285714285714
2019-06-17 09:00:00,4.0649,0.5018,0.40525714285714287
2019-06-17 10:00:00,4.8993,0.6048,0.3836857142857143
2019-06-17 11:00:00,4.3932,0.5424,0.48072857142857145
2019-06-17 12:00:00,5.1402,0.6346,0.5224428571428571
2019-06-17 13:00:00,4.3992,0.5431,0.5617571428571428
2019-06-17 14:00:00,4.1912,0.5174,0.42371428571428577
2019-06-17 15:00:00,4.2144,0.5203,0.4194
2019-06-17 16:00:00,3.5787,0.4418,0.32352857142857144
2019-06-17 17:00:00,1.9031,0.2349,0.1821857142857143
2019-06-17 18:00:00,1.2274,0.1515,0.10054285714285714
2019-06-17 19:00:00,0.4905,0.0606,0.04031428571428571
2019-06-17 20:00:00,0.0964,0.0119,0.004428571428571428
2019-06-17 21:00:00,0.0,0.0,0.0
2019-06-17 22:00:00,0.0,0.0,0.0
2019-06-17 23:00:00,0.0,0.0,0.0
2019-06-18 00:00:00,0.0,0.0,0.0
2019-06-18 01:00:00,0.0,0.0,0.0
2019-06-18 02:00:00,0.0,0.0,0.0
2019-06-18 03:00:00,0.0,0.0,0.0
2019-06-18 04:00:00,0.0,0.0,0.0
2019-06-18 05:00:00,0.1659,0.0205,0.012271428571428572
2019-06-18 06:00:00,0.4328,0.0534,0.03655714285714286
2019-06-18 07:00:00,1.4529,0.1794,0.1485285714285714
2019-06-18 08:00:00,2.7027,0.3337,0.28241428571428573
2019-06-18 09:00:00,3.4129,0.4213,0.39294285714285715
2019-06-18 10:00:00,5.0981,0.6294,0.3754142857142857
2019-06-18 11:00:00,4.9938,0.6165,0.42595714285714287
2019-06-18 12:00:00,5.1194,0.632,0.5258714285714285
2019-06-18 13:00:00,2.9381,0.3627,0.5970714285714286
2019-06-18 14:00:00,2.8631,0.3535,0.4337
2019-06-18 15:00:00,2.7849,0.3438,0.4534142857142857
2019-06-18 16:00:00,2.56,0.316,0.36167142857142853
2019-06-18 17:00:00,1.0446,0.129,0.20097142857142858
2019-06-18 18:00:00,1.206,0.1489,0.11207142857142857
2019-06-18 19:00:00,0.4645,0.0573,0.04522857142857143
2019-06-18 20:00:00,0.1015,0.0125,0.006271428571428571
2019-06-18 21:00:00,0.0,0.0,0.0
2019-06-18 22:00:00,0.0,0.0,0.0
2019-06-18 23:00:00,0.0,0.0,0.0
2019-06-19 00:00:00,0.0,0.0,0.0
2019-06-19 01:00:00,0.0,0.0,0.0
2019-06-19 02:00:00,0.0,0.0,0.0
2019-06-19 03:00:00,0.0,0.0,0.0
2019-06-19 04:00:00,0.0,0.0,0.0
2019-06-19 05:00:00,0.1625,0.0201,0.012285714285714285
2019-06-19 06:00:00,0.4342,0.0536,0.033657142857142865
2019-06-19 07:00:00,1.4275,0.1762,0.15494285714285713
2019-06-19 08:00:00,2.5921,0.32,0.3044285714285714
2019-06-19 09:00:00,4.0733,0.5029,0.39699999999999996
2019-06-19 10:00:00,4.704,0.5807,0.4022
2019-06-19 11:00:00,5.1984,0.6418,0.45618571428571425
2019-06-19 12:00:00,3.0253,0.3735,0.5624857142857144
2019-06-19 13:00:00,1.3301,0.1642,0.6065428571428572
2019-06-19 14:00:00,4.5899,0.5667,0.46011428571428564
2019-06-19 15:00:00,4.988,0.6158,0.48065714285714284
2019-06-19 16:00:00,4.0539,0.5005,0.40088571428571423
2019-06-19 17:00:00,1.2064,0.1489,0.22479999999999997
2019-06-19 18:00:00,0.1995,0.0246,0.12874285714285713
2019-06-19 19:00:00,0.0514,0.0064,0.05272857142857142
2019-06-19 20:00:00,0.0,0.0,0.007971428571428572
2019-06-19 21:00:00,0.0,0.0,0.0
2019-06-19 22:00:00,0.0,0.0,0.0
2019-06-19 23:00:00,0.0,0.0,0.0
2019-06-20 00:00:00,0.0,0.0,0.0
2019-06-20 01:00:00,0.0,0.0,0.0
2019-06-20 02:00:00,0.0,0.0,0.0
2019-06-20 03:00:00,0.0,0.0,0.0
2019-06-20 04:00:00,0.0,0.0,0.0
2019-06-20 05:00:00,0.0168,0.0021,0.015214285714285713
2019-06-20 06:00:00,0.3804,0.047,0.03687142857142857
2019-06-20 07:00:00,1.1354,0.1402,0.15575714285714287
2019-06-20 08:00:00,1.9865,0.2452,0.30081428571428576
2019-06-20 09:00:00,2.7565,0.3403,0.3877142857142858
2019-06-20 10:00:00,1.4194,0.1752,0.4130857142857143
2019-06-20 11:00:00,3.9983,0.4936,0.4420428571428571
2019-06-20 12:00:00,1.7268,0.2132,0.5508857142857143
2019-06-20 13:00:00,1.2302,0.1519,0.5804285714285714
2019-06-20 14:00:00,1.8452,0.2278,0.5009
2019-06-20 15:00:00,3.3913,0.4187,0.5149142857142858
2019-06-20 16:00:00,2.6962,0.3329,0.4291857142857142
2019-06-20 17:00:00,2.3809,0.2939,0.2391285714285714
2019-06-20 18:00:00,1.2549,0.1549,0.1389142857142857
2019-06-20 19:00:00,0.4972,0.0614,0.05267142857142858
2019-06-20 20:00:00,0.0,0.0,0.009571428571428573
2019-06-20 21:00:00,0.0,0.0,0.0
2019-06-20 22:00:00,0.0,0.0,0.0
2019-06-20 23:00:00,0.0,0.0,0.0
2019-06-21 00:00:00,0.0,0.0,0.0
2019-06-21 01:00:00,0.0,0.0,0.0
2019-06-21 02:00:00,0.0,0.0,0.0
2019-06-21 03:00:00,0.0,0.0,0.0
2019-06-21 04:00:00,0.0,0.0,0.0
2019-06-21 05:00:00,0.1677,0.0207,0.018085714285714285
2019-06-21 06:00:00,0.364,0.0449,0.04332857142857143
2019-06-21 07:00:00,1.5003,0.1852,0.17615714285714285
2019-06-21 08:00:00,2.9928,0.3695,0.3312714285714286
2019-06-21 09:00:00,4.3467,0.5366,0.4595571428571429
2019-06-21 10:00:00,5.3672,0.6626,0.4856
2019-06-21 11:00:00,5.8022,0.7163,0.5254714285714286
2019-06-21 12:00:00,4.2141,0.5203,0.5359428571428572
2019-06-21 13:00:00,4.3343,0.5351,0.4998714285714286
2019-06-21 14:00:00,3.4718,0.4286,0.49264285714285716
2019-06-21 15:00:00,4.5239,0.5585,0.5164714285714286
2019-06-21 16:00:00,3.5083,0.4331,0.43165714285714285
2019-06-21 17:00:00,2.0011,0.247,0.22957142857142857
2019-06-21 18:00:00,1.315,0.1624,0.12068571428571429
2019-06-21 19:00:00,0.465,0.0574,0.04502857142857143
2019-06-21 20:00:00,0.0099,0.0012,0.007928571428571429
2019-06-21 21:00:00,0.0,0.0,0.0
2019-06-21 22:00:00,0.0,0.0,0.0
2019-06-21 23:00:00,0.0,0.0,0.0
2019-06-22 00:00:00,0.0,0.0,0.0
2019-06-22 01:00:00,0.0,0.0,0.0
2019-06-22 02:00:00,0.0,0.0,0.0
2019-06-22 03:00:00,0.0,0.0,0.0
2019-06-22 04:00:00,0.0,0.0,0.0
2019-06-22 05:00:00,0.1608,0.0199,0.015657142857142856
2019-06-22 06:00:00,0.4831,0.0596,0.04357142857142857
2019-06-22 07:00:00,1.4664,0.181,0.16922857142857145
2019-06-22 08:00:00,2.7911,0.3446,0.3155428571428572
2019-06-22 09:00:00,3.8127,0.4707,0.44667142857142855
2019-06-22 10:00:00,5.0034,0.6177,0.4238
2019-06-22 11:00:00,5.7242,0.7067,0.5119428571428571
2019-06-22 12:00:00,5.2361,0.6464,0.5093857142857142
2019-06-22 13:00:00,5.8123,0.7176,0.45244285714285715
2019-06-22 14:00:00,5.2748,0.6512,0.45427142857142855
2019-06-22 15:00:00,4.956,0.6119,0.49092857142857144
2019-06-22 16:00:00,3.9824,0.4917,0.4120285714285714
2019-06-22 17:00:00,2.6711,0.3298,0.2376714285714286
2019-06-22 18:00:00,1.2843,0.1586,0.12058571428571428
2019-06-22 19:00:00,0.3792,0.0468,0.045214285714285714
2019-06-22 20:00:00,0.1036,0.0128,0.006285714285714285
2019-06-22 21:00:00,0.0,0.0,0.0
2019-06-22 22:00:00,0.0,0.0,0.0
2019-06-22 23:00:00,0.0,0.0,0.0
2019-06-23 00:00:00,0.0,0.0,0.0
2019-06-23 01:00:00,0.0,0.0,0.0
2019-06-23 02:00:00,0.0,0.0,0.0
2019-06-23 03:00:00,0.0,0.0,0.0
2019-06-23 04:00:00,0.0,0.0,0.0
2019-06-23 05:00:00,0.1587,0.0196,0.017385714285714286
2019-06-23 06:00:00,0.3929,0.0485,0.04258571428571429
2019-06-23 07:00:00,1.4206,0.1754,0.17040000000000002
2019-06-23 08:00:00,2.8227,0.3485,0.3152714285714286
2019-06-23 09:00:00,4.1278,0.5096,0.46334285714285717
2019-06-23 10:00:00,5.0979,0.6294,0.4918714285714286
2019-06-23 11:00:00,5.7389,0.7085,0.5108142857142858
2019-06-23 12:00:00,5.2139,0.6437,0.47682857142857143
2019-06-23 13:00:00,5.6335,0.6955,0.4233857142857143
2019-06-23 14:00:00,4.3278,0.5343,0.42862857142857136
2019-06-23 15:00:00,3.3957,0.4192,0.5092428571428572
2019-06-23 16:00:00,3.0107,0.3717,0.4260571428571428
2019-06-23 17:00:00,1.9793,0.2444,0.23461428571428572
2019-06-23 18:00:00,0.8999,0.1111,0.13269999999999998
2019-06-23 19:00:00,0.4939,0.061,0.051371428571428575
2019-06-23 20:00:00,0.0457,0.0056,0.006457142857142857
2019-06-23 21:00:00,0.0,0.0,0.0
2019-06-23 22:00:00,0.0,0.0,0.0
2019-06-23 23:00:00,0.0,0.0,0.0
2019-06-24 00:00:00,0.0,0.0,0.0
2019-06-24 01:00:00,0.0,0.0,0.0
2019-06-24 02:00:00,0.0,0.0,0.0
2019-06-24 03:00:00,0.0,0.0,0.0
2019-06-24 04:00:00,0.0,0.0,0.0
2019-06-24 05:00:00,0.1425,0.0176,0.017557142857142858
2019-06-24 06:00:00,0.3735,0.0461,0.049814285714285714
2019-06-24 07:00:00,1.4121,0.1743,0.17554285714285714
2019-06-24 08:00:00,2.7352,0.3377,0.3323714285714286
2019-06-24 09:00:00,3.9781,0.4911,0.45928571428571424
2019-06-24 10:00:00,4.9296,0.6086,0.5503714285714285
2019-06-24 11:00:00,5.5899,0.6901,0.5723428571428572
2019-06-24 12:00:00,5.8307,0.7198,0.4969571428571428
2019-06-24 13:00:00,5.683,0.7016,0.44281428571428577
2019-06-24 14:00:00,5.4033,0.6671,0.43475714285714284
2019-06-24 15:00:00,3.8418,0.4743,0.5191857142857143
2019-06-24 16:00:00,3.6207,0.447,0.4287571428571428
2019-06-24 17:00:00,2.1316,0.2632,0.24237142857142854
2019-06-24 18:00:00,1.2231,0.151,0.13657142857142857
2019-06-24 19:00:00,0.2978,0.0368,0.050057142857142856
2019-06-24 20:00:00,0.112,0.0138,0.007328571428571428
2019-06-24 21:00:00,0.0,0.0,0.0
2019-06-24 22:00:00,0.0,0.0,0.0
2019-06-24 23:00:00,0.0,0.0,0.0
2019-06-25 00:00:00,0.0,0.0,0.0
2019-06-25 01:00:00,0.0,0.0,0.0
2019-06-25 02:00:00,0.0,0.0,0.0
2019-06-25 03:00:00,0.0,0.0,0.0
2019-06-25 04:00:00,0.0,0.0,0.0
2019-06-25 05:00:00,0.1533,0.0189,0.017542857142857145
2019-06-25 06:00:00,0.1488,0.0184,0.05034285714285714
2019-06-25 07:00:00,1.3085,0.1615,0.17421428571428568
2019-06-25 08:00:00,2.7277,0.3368,0.33035714285714285
2019-06-25 09:00:00,3.96,0.4889,0.4690285714285714
2019-06-25 10:00:00,4.9174,0.6071,0.5571142857142857
2019-06-25 11:00:00,5.5124,0.6805,0.632257142857143
2019-06-25 12:00:00,5.8024,0.7163,0.5233857142857142
2019-06-25 13:00:00,5.789,0.7147,0.4528714285714286
2019-06-25 14:00:00,3.2314,0.3989,0.4685
2019-06-25 15:00:00,4.4033,0.5436,0.4983142857142857
2019-06-25 16:00:00,2.9363,0.3625,0.4125285714285714
2019-06-25 17:00:00,2.4629,0.3041,0.23255714285714285
2019-06-25 18:00:00,1.2137,0.1498,0.13028571428571428
2019-06-25 19:00:00,0.3807,0.047,0.050128571428571425
2019-06-25 20:00:00,0.0746,0.0092,0.006285714285714286
2019-06-25 21:00:00,0.0,0.0,0.0
2019-06-25 22:00:00,0.0,0.0,0.0
2019-06-25 23:00:00,0.0,0.0,0.0
2019-06-26 00:00:00,0.0,0.0,0.0
2019-06-26 01:00:00,0.0,0.0,0.0
2019-06-26 02:00:00,0.0,0.0,0.0
2019-06-26 03:00:00,0.0,0.0,0.0
2019-06-26 04:00:00,0.0,0.0,0.0
2019-06-26 05:00:00,0.1356,0.0167,0.017214285714285713
2019-06-26 06:00:00,0.5351,0.0661,0.050442857142857137
2019-06-26 07:00:00,1.3406,0.1655,0.1731
2019-06-26 08:00:00,2.5965,0.3205,0.32845714285714284
2019-06-26 09:00:00,3.8553,0.476,0.46749999999999997
2019-06-26 10:00:00,4.7974,0.5923,0.5576571428571429
2019-06-26 11:00:00,5.4144,0.6684,0.6533571428571429
2019-06-26 12:00:00,5.7041,0.7042,0.5355571428571428
2019-06-26 13:00:00,5.7365,0.7082,0.4755142857142857
2019-06-26 14:00:00,5.3315,0.6582,0.4898857142857143
2019-06-26 15:00:00,4.6692,0.5764,0.49174285714285715
2019-06-26 16:00:00,3.677,0.454,0.4132714285714285
2019-06-26 17:00:00,2.4656,0.3044,0.2366
2019-06-26 18:00:00,1.229,0.1517,0.1302142857142857
2019-06-26 19:00:00,0.4539,0.056,0.04672857142857143
2019-06-26 20:00:00,0.0698,0.0086,0.006557142857142858
2019-06-26 21:00:00,0.0,0.0,0.0
2019-06-26 22:00:00,0.0,0.0,0.0
2019-06-26 23:00:00,0.0,0.0,0.0
2019-06-27 00:00:00,0.0,0.0,0.0
2019-06-27 01:00:00,0.0,0.0,0.0
2019-06-27 02:00:00,0.0,0.0,0.0
2019-06-27 03:00:00,0.0,0.0,0.0
2019-06-27 04:00:00,0.0,0.0,0.0
2019-06-27 05:00:00,0.1123,0.0139,0.016985714285714288
2019-06-27 06:00:00,0.2726,0.0337,0.04544285714285714
2019-06-27 07:00:00,0.6338,0.0783,0.17054285714285713
2019-06-27 08:00:00,1.6045,0.1981,0.3289
2019-06-27 09:00:00,3.9198,0.4839,0.4771571428571429
2019-06-27 10:00:00,5.1721,0.6385,0.5544714285714286
2019-06-27 11:00:00,5.8531,0.7226,0.6625
2019-06-27 12:00:00,6.1323,0.7571,0.5476
2019-06-27 13:00:00,6.1444,0.7586,0.5258
2019-06-27 14:00:00,5.7289,0.7073,0.4963714285714285
2019-06-27 15:00:00,5.0634,0.6251,0.5202857142857142
2019-06-27 16:00:00,3.9793,0.4913,0.41991428571428563
2019-06-27 17:00:00,2.7178,0.3355,0.26161428571428574
2019-06-27 18:00:00,1.2809,0.1581,0.13034285714285715
2019-06-27 19:00:00,0.3067,0.0379,0.045257142857142864
2019-06-27 20:00:00,0.1155,0.0143,0.0060857142857142854
2019-06-27 21:00:00,0.0,0.0,0.0
2019-06-27 22:00:00,0.0,0.0,0.0
2019-06-27 23:00:00,0.0,0.0,0.0
2019-06-28 00:00:00,0.0,0.0,0.0
2019-06-28 01:00:00,0.0,0.0,0.0
2019-06-28 02:00:00,0.0,0.0,0.0
2019-06-28 03:00:00,0.0,0.0,0.0
2019-06-28 04:00:00,0.0,0.0,0.0
2019-06-28 05:00:00,0.1465,0.0181,0.016499999999999997
2019-06-28 06:00:00,0.3581,0.0442,0.04722857142857143
2019-06-28 07:00:00,1.4399,0.1778,0.16901428571428573
2019-06-28 08:00:00,2.919,0.3604,0.3289714285714286
2019-06-28 09:00:00,4.2437,0.5239,0.4733142857142857
2019-06-28 10:00:00,5.2315,0.6459,0.5561285714285714
2019-06-28 11:00:00,5.8896,0.7271,0.6663
2019-06-28 12:00:00,6.1587,0.7603,0.5948428571428571
2019-06-28 13:00:00,6.2041,0.7659,0.6035142857142858
2019-06-28 14:00:00,5.7885,0.7146,0.5094428571428571
2019-06-28 15:00:00,5.0886,0.6282,0.5146571428571428
2019-06-28 16:00:00,4.026,0.497,0.4132714285714285
2019-06-28 17:00:00,2.7253,0.3365,0.28382857142857143
2019-06-28 18:00:00,1.2927,0.1596,0.14850000000000002
2019-06-28 19:00:00,0.2867,0.0354,0.05234285714285714
2019-06-28 20:00:00,0.1147,0.0142,0.007314285714285713
2019-06-28 21:00:00,0.0,0.0,0.0
2019-06-28 22:00:00,0.0,0.0,0.0
2019-06-28 23:00:00,0.0,0.0,0.0
2019-06-29 00:00:00,0.0,0.0,0.0
2019-06-29 01:00:00,0.0,0.0,0.0
2019-06-29 02:00:00,0.0,0.0,0.0
2019-06-29 03:00:00,0.0,0.0,0.0
2019-06-29 04:00:00,0.0,0.0,0.0
2019-06-29 05:00:00,0.1392,0.0172,0.018185714285714284
2019-06-29 06:00:00,0.3518,0.0434,0.04532857142857143
2019-06-29 07:00:00,1.4136,0.1745,0.16017142857142858
2019-06-29 08:00:00,2.837,0.3502,0.32224285714285716
2019-06-29 09:00:00,4.1502,0.5124,0.4938285714285714
2019-06-29 10:00:00,5.082,0.6274,0.6223142857142857
2019-06-29 11:00:00,5.7444,0.7092,0.6990142857142858
2019-06-29 12:00:00,5.999,0.7406,0.6725428571428572
2019-06-29 13:00:00,5.99,0.7395,0.6901857142857143
2019-06-29 14:00:00,5.5936,0.6906,0.5779428571428572
2019-06-29 15:00:00,4.9539,0.6116,0.5441428571428572
2019-06-29 16:00:00,3.9456,0.4871,0.4358999999999999
2019-06-29 17:00:00,2.7025,0.3336,0.28977142857142857
2019-06-29 18:00:00,1.2728,0.1571,0.14895714285714284
2019-06-29 19:00:00,0.2786,0.0344,0.048985714285714285
2019-06-29 20:00:00,0.1118,0.0138,0.009357142857142857
2019-06-29 21:00:00,0.0,0.0,0.0
2019-06-29 22:00:00,0.0,0.0,0.0
2019-06-29 23:00:00,0.0,0.0,0.0
2019-06-30 00:00:00,0.0,0.0,0.0
2019-06-30 01:00:00,0.0,0.0,0.0
2019-06-30 02:00:00,0.0,0.0,0.0
2019-06-30 03:00:00,0.0,0.0,0.0
2019-06-30 04:00:00,0.0,0.0,0.0
2019-06-30 05:00:00,0.1394,0.0172,0.017814285714285717
2019-06-30 06:00:00,0.3938,0.0486,0.04522857142857143
2019-06-30 07:00:00,1.3503,0.1667,0.15911428571428574
2019-06-30 08:00:00,2.6736,0.3301,0.32094285714285714
2019-06-30 09:00:00,3.9806,0.4914,0.49201428571428574
2019-06-30 10:00:00,4.9394,0.6098,0.6199285714285715
2019-06-30 11:00:00,5.555,0.6858,0.7005571428571429
2019-06-30 12:00:00,5.3265,0.6576,0.7068285714285716
2019-06-30 13:00:00,5.8529,0.7226,0.7231571428571428
2019-06-30 14:00:00,4.8882,0.6035,0.6188
2019-06-30 15:00:00,4.8029,0.5929,0.5540999999999999
2019-06-30 16:00:00,3.9045,0.482,0.4450285714285714
2019-06-30 17:00:00,1.7347,0.2142,0.30255714285714286
2019-06-30 18:00:00,1.2338,0.1523,0.14855714285714286
2019-06-30 19:00:00,0.4726,0.0583,0.04584285714285714
2019-06-30 20:00:00,0.0146,0.0018,0.011214285714285713
2019-06-30 21:00:00,0.0,0.0,0.0
2019-06-30 22:00:00,0.0,0.0,0.0
2019-06-30 23:00:00,0.0,0.0,0.0
2019-07-01 00:00:00,0.0,0.0,0.0
2019-07-01 01:00:00,0.0,0.0,0.0
2019-07-01 02:00:00,0.0,0.0,0.0
2019-07-01 03:00:00,0.0,0.0,0.0
2019-07-01 04:00:00,0.0,0.0,0.0
2019-07-01 05:00:00,0.0,0.0,0.01742857142857143
2019-07-01 06:00:00,0.3632,0.0448,0.04291428571428572
2019-07-01 07:00:00,1.367,0.1688,0.1581857142857143
2019-07-01 08:00:00,2.0122,0.2484,0.32174285714285716
2019-07-01 09:00:00,3.4339,0.4239,0.49797142857142856
2019-07-01 10:00:00,3.5669,0.4404,0.6213142857142857
2019-07-01 11:00:00,4.217,0.5206,0.7009142857142858
2019-07-01 12:00:00,5.006,0.618,0.7202857142857144
2019-07-01 13:00:00,4.3549,0.5376,0.7262857142857142
2019-07-01 14:00:00,3.2073,0.396,0.6244285714285714
2019-07-01 15:00:00,3.9101,0.4827,0.5540571428571429
2019-07-01 16:00:00,3.4576,0.4269,0.44437142857142853
2019-07-01 17:00:00,2.6565,0.328,0.30310000000000004
2019-07-01 18:00:00,1.2923,0.1595,0.14834285714285714
2019-07-01 19:00:00,0.5097,0.0629,0.044071428571428574
2019-07-01 20:00:00,0.1101,0.0136,0.011357142857142857
2019-07-01 21:00:00,0.0,0.0,0.0
2019-07-01 22:00:00,0.0,0.0,0.0
2019-07-01 23:00:00,0.0,0.0,0.0
2019-07-02 00:00:00,0.0,0.0,0.0
2019-07-02 01:00:00,0.0,0.0,0.0
2019-07-02 02:00:00,0.0,0.0,0.0
2019-07-02 03:00:00,0.0,0.0,0.0
2019-07-02 04:00:00,0.0,0.0,0.0
2019-07-02 05:00:00,0.1345,0.0166,0.017085714285714287
2019-07-02 06:00:00,0.2973,0.0367,0.04292857142857143
2019-07-02 07:00:00,1.4078,0.1738,0.15694285714285713
2019-07-02 08:00:00,0.0,0.0,0.31911428571428574
2019-07-02 09:00:00,2.967,0.3663,0.4953714285714286
2019-07-02 10:00:00,3.849,0.4752,0.6185142857142857
2019-07-02 11:00:00,3.536,0.4365,0.6976714285714286
2019-07-02 12:00:00,2.493,0.3078,0.7222714285714285
2019-07-02 13:00:00,1.3598,0.1679,0.730157142857143
2019-07-02 14:00:00,1.6625,0.2052,0.6343142857142857
2019-07-02 15:00:00,1.3253,0.1636,0.5788714285714285
2019-07-02 16:00:00,2.7004,0.3334,0.4601285714285714
2019-07-02 17:00:00,2.286,0.2822,0.29878571428571427
2019-07-02 18:00:00,1.3247,0.1635,0.1542285714285714
2019-07-02 19:00:00,0.2893,0.0357,0.043685714285714286
2019-07-02 20:00:00,0.1168,0.0144,0.010814285714285712
2019-07-02 21:00:00,0.0,0.0,0.0
2019-07-02 22:00:00,0.0,0.0,0.0
2019-07-02 23:00:00,0.0,0.0,0.0
2019-07-03 00:00:00,0.0,0.0,0.0
2019-07-03 01:00:00,0.0,0.0,0.0
2019-07-03 02:00:00,0.0,0.0,0.0
2019-07-03 03:00:00,0.0,0.0,0.0
2019-07-03 04:00:00,0.0,0.0,0.0
2019-07-03 05:00:00,0.1345,0.0166,0.014571428571428572
2019-07-03 06:00:00,0.3193,0.0394,0.04274285714285714
2019-07-03 07:00:00,1.4154,0.1747,0.15615714285714286
2019-07-03 08:00:00,0.0,0.0,0.30635714285714283
2019-07-03 09:00:00,3.8485,0.4751,0.4857714285714286
2019-07-03 10:00:00,2.9088,0.3591,0.5944857142857144
2019-07-03 11:00:00,2.7993,0.3456,0.6734571428571429
2019-07-03 12:00:00,3.4512,0.4261,0.7077285714285715
2019-07-03 13:00:00,4.7217,0.5829,0.7067285714285714
2019-07-03 14:00:00,5.0622,0.625,0.5955857142857143
2019-07-03 15:00:00,4.1558,0.5131,0.5800714285714286
2019-07-03 16:00:00,3.7035,0.4572,0.45725714285714286
2019-07-03 17:00:00,2.5838,0.319,0.3080428571428571
2019-07-03 18:00:00,1.3276,0.1639,0.15544285714285713
2019-07-03 19:00:00,0.2675,0.033,0.04741428571428571
2019-07-03 20:00:00,0.1114,0.0138,0.010785714285714286
2019-07-03 21:00:00,0.0,0.0,0.0
2019-07-03 22:00:00,0.0,0.0,0.0
2019-07-03 23:00:00,0.0,0.0,0.0
2019-07-04 00:00:00,0.0,0.0,0.0
2019-07-04 01:00:00,0.0,0.0,0.0
2019-07-04 02:00:00,0.0,0.0,0.0
2019-07-04 03:00:00,0.0,0.0,0.0
2019-07-04 04:00:00,0.0,0.0,0.0
2019-07-04 05:00:00,0.1354,0.0167,0.014242857142857142
2019-07-04 06:00:00,0.2998,0.037,0.04535714285714286
2019-07-04 07:00:00,1.413,0.1744,0.1579142857142857
2019-07-04 08:00:00,2.8934,0.3572,0.25824285714285716
2019-07-04 09:00:00,4.2347,0.5228,0.46825714285714287
2019-07-04 10:00:00,5.26,0.6494,0.5756428571428572
2019-07-04 11:00:00,5.8748,0.7253,0.6386000000000001
2019-07-04 12:00:00,6.2409,0.7705,0.6493714285714286
2019-07-04 13:00:00,6.2252,0.7685,0.6286142857142858
2019-07-04 14:00:00,5.8692,0.7246,0.5679142857142857
2019-07-04 15:00:00,5.0514,0.6236,0.5257857142857143
2019-07-04 16:00:00,4.053,0.5004,0.45309999999999995
2019-07-04 17:00:00,2.7195,0.3357,0.3049142857142857
2019-07-04 18:00:00,1.3173,0.1626,0.15739999999999998
2019-07-04 19:00:00,0.2814,0.0347,0.0458
2019-07-04 20:00:00,0.1097,0.0135,0.011528571428571428
2019-07-04 21:00:00,0.0,0.0,0.0
2019-07-04 22:00:00,0.0,0.0,0.0
2019-07-04 23:00:00,0.0,0.0,0.0
2019-07-05 00:00:00,0.0,0.0,0.0
2019-07-05 01:00:00,0.0,0.0,0.0
2019-07-05 02:00:00,0.0,0.0,0.0
2019-07-05 03:00:00,0.0,0.0,0.0
2019-07-05 04:00:00,0.0,0.0,0.0
2019-07-05 05:00:00,0.0561,0.0069,0.014228571428571427
2019-07-05 06:00:00,0.4607,0.0569,0.041542857142857145
2019-07-05 07:00:00,1.2433,0.1535,0.15922857142857144
2019-07-05 08:00:00,2.6202,0.3235,0.21245714285714287
2019-07-05 09:00:00,2.8392,0.3505,0.4681285714285715
2019-07-05 10:00:00,5.0546,0.624,0.5423285714285714
2019-07-05 11:00:00,5.696,0.7032,0.5924857142857143
2019-07-05 12:00:00,5.8507,0.7223,0.6096428571428572
2019-07-05 13:00:00,6.0306,0.7445,0.6107142857142858
2019-07-05 14:00:00,5.5323,0.683,0.5631714285714285
2019-07-05 15:00:00,4.9848,0.6154,0.5167428571428571
2019-07-05 16:00:00,3.5419,0.4373,0.4535571428571429
2019-07-05 17:00:00,2.2234,0.2745,0.307
2019-07-05 18:00:00,0.9344,0.1154,0.15914285714285717
2019-07-05 19:00:00,0.3772,0.0466,0.04251428571428572
2019-07-05 20:00:00,0.0774,0.0095,0.012271428571428572
2019-07-05 21:00:00,0.0,0.0,0.0
2019-07-05 22:00:00,0.0,0.0,0.0
2019-07-05 23:00:00,0.0,0.0,0.0
2019-07-06 00:00:00,0.0,0.0,0.0
2019-07-06 01:00:00,0.0,0.0,0.0
2019-07-06 02:00:00,0.0,0.0,0.0
2019-07-06 03:00:00,0.0,0.0,0.0
2019-07-06 04:00:00,0.0,0.0,0.0
2019-07-06 05:00:00,0.0172,0.0021,0.014628571428571427
2019-07-06 06:00:00,0.2876,0.0355,0.04201428571428572
2019-07-06 07:00:00,1.3482,0.1664,0.17295714285714286
2019-07-06 08:00:00,2.8051,0.3463,0.23518571428571428
2019-07-06 09:00:00,4.0849,0.5043,0.47368571428571427
2019-07-06 10:00:00,5.0371,0.6219,0.5438857142857143
2019-07-06 11:00:00,5.4138,0.6684,0.5928714285714286
2019-07-06 12:00:00,5.3861,0.6649,0.6115571428571428
2019-07-06 13:00:00,5.9659,0.7365,0.6121285714285714
2019-07-06 14:00:00,5.4864,0.6773,0.5656428571428571
2019-07-06 15:00:00,4.3006,0.5309,0.5165285714285714
2019-07-06 16:00:00,2.5084,0.3097,0.45485714285714274
2019-07-06 17:00:00,1.796,0.2217,0.30702857142857143
2019-07-06 18:00:00,1.2427,0.1534,0.15978571428571428
2019-07-06 19:00:00,0.2388,0.0295,0.04205714285714286
2019-07-06 20:00:00,0.0,0.0,0.012157142857142856
2019-07-06 21:00:00,0.0,0.0,0.0
2019-07-06 22:00:00,0.0,0.0,0.0
2019-07-06 23:00:00,0.0,0.0,0.0
2019-07-07 00:00:00,0.0,0.0,0.0
2019-07-07 01:00:00,0.0,0.0,0.0
2019-07-07 02:00:00,0.0,0.0,0.0
2019-07-07 03:00:00,0.0,0.0,0.0
2019-07-07 04:00:00,0.0,0.0,0.0
2019-07-07 05:00:00,0.0,0.0,0.013028571428571428
2019-07-07 06:00:00,0.2225,0.0275,0.043828571428571425
2019-07-07 07:00:00,0.9736,0.1202,0.1694857142857143
2019-07-07 08:00:00,1.8535,0.2288,0.22991428571428574
2019-07-07 09:00:00,2.8491,0.3517,0.44891428571428577
2019-07-07 10:00:00,3.4048,0.4203,0.5407571428571428
2019-07-07 11:00:00,4.4923,0.5546,0.5894571428571428
2019-07-07 12:00:00,4.48,0.5531,0.6061285714285713
2019-07-07 13:00:00,4.9929,0.6164,0.6090714285714285
2019-07-07 14:00:00,4.5551,0.5624,0.5611285714285714
2019-07-07 15:00:00,3.3505,0.4136,0.5147
2019-07-07 16:00:00,3.1637,0.3906,0.4463285714285714
2019-07-07 17:00:00,1.7886,0.2208,0.2981714285714286
2019-07-07 18:00:00,1.1201,0.1383,0.15347142857142856
2019-07-07 19:00:00,0.4537,0.056,0.04365714285714285
2019-07-07 20:00:00,0.0,0.0,0.011485714285714283
2019-07-07 21:00:00,0.0,0.0,0.0
2019-07-07 22:00:00,0.0,0.0,0.0
2019-07-07 23:00:00,0.0,0.0,0.0
2019-07-08 00:00:00,0.0,0.0,0.0
2019-07-08 01:00:00,0.0,0.0,0.0
2019-07-08 02:00:00,0.0,0.0,0.0
2019-07-08 03:00:00,0.0,0.0,0.0
2019-07-08 04:00:00,0.0,0.0,0.0
2019-07-08 05:00:00,0.1037,0.0128,0.010871428571428572
2019-07-08 06:00:00,0.1306,0.0161,0.0427
2019-07-08 07:00:00,0.6819,0.0842,0.1683285714285714
2019-07-08 08:00:00,0.7941,0.098,0.22935714285714287
2019-07-08 09:00:00,2.4643,0.3042,0.44775714285714285
2019-07-08 10:00:00,2.4424,0.3015,0.5399714285714285
2019-07-08 11:00:00,1.081,0.1335,0.5836285714285714
2019-07-08 12:00:00,1.8128,0.2238,0.5953142857142858
2019-07-08 13:00:00,2.0582,0.2541,0.6086428571428572
2019-07-08 14:00:00,1.3875,0.1713,0.5592285714285714
2019-07-08 15:00:00,1.6873,0.2083,0.5031714285714285
2019-07-08 16:00:00,1.4717,0.1817,0.42098571428571424
2019-07-08 17:00:00,0.6397,0.079,0.28218571428571426
2019-07-08 18:00:00,1.0991,0.1357,0.15294285714285713
2019-07-08 19:00:00,0.4093,0.0505,0.04295714285714286
2019-07-08 20:00:00,0.0939,0.0116,0.009514285714285713
2019-07-08 21:00:00,0.0,0.0,0.0
2019-07-08 22:00:00,0.0,0.0,0.0
2019-07-08 23:00:00,0.0,0.0,0.0
2019-07-09 00:00:00,0.0,0.0,0.0
2019-07-09 01:00:00,0.0,0.0,0.0
2019-07-09 02:00:00,0.0,0.0,0.0
2019-07-09 03:00:00,0.0,0.0,0.0
2019-07-09 04:00:00,0.0,0.0,0.0
2019-07-09 05:00:00,0.0381,0.0047,0.008414285714285714
2019-07-09 06:00:00,0.5298,0.0654,0.03968571428571428
2019-07-09 07:00:00,1.3674,0.1688,0.1616857142857143
2019-07-09 08:00:00,2.176,0.2686,0.2148857142857143
2019-07-09 09:00:00,3.6855,0.455,0.4278
2019-07-09 10:00:00,3.4926,0.4312,0.5129
2019-07-09 11:00:00,4.4125,0.5448,0.5648857142857142
2019-07-09 12:00:00,4.8142,0.5944,0.5803857142857142
2019-07-09 13:00:00,4.4288,0.5468,0.5934714285714285
2019-07-09 14:00:00,4.3425,0.5361,0.5533571428571429
2019-07-09 15:00:00,4.1585,0.5134,0.4775571428571429
2019-07-09 16:00:00,3.8605,0.4766,0.40792857142857136
2019-07-09 17:00:00,2.1865,0.2699,0.28312857142857145
2019-07-09 18:00:00,1.3172,0.1626,0.15094285714285713
2019-07-09 19:00:00,0.4751,0.0587,0.042628571428571425
2019-07-09 20:00:00,0.0925,0.0114,0.009257142857142856
2019-07-09 21:00:00,0.0,0.0,0.0
2019-07-09 22:00:00,0.0,0.0,0.0
2019-07-09 23:00:00,0.0,0.0,0.0
2019-07-10 00:00:00,0.0,0.0,0.0
2019-07-10 01:00:00,0.0,0.0,0.0
2019-07-10 02:00:00,0.0,0.0,0.0
2019-07-10 03:00:00,0.0,0.0,0.0
2019-07-10 04:00:00,0.0,0.0,0.0
2019-07-10 05:00:00,0.1038,0.0128,0.010242857142857142
2019-07-10 06:00:00,0.4021,0.0496,0.03558571428571429
2019-07-10 07:00:00,1.3303,0.1642,0.1496
2019-07-10 08:00:00,2.7411,0.3384,0.19340000000000002
2019-07-10 09:00:00,3.9123,0.483,0.41069999999999995
2019-07-10 10:00:00,4.9795,0.6148,0.49305714285714286
2019-07-10 11:00:00,5.6974,0.7034,0.5095857142857143
2019-07-10 12:00:00,6.0972,0.7527,0.5240714285714285
2019-07-10 13:00:00,5.2094,0.6431,0.5529714285714286
2019-07-10 14:00:00,4.468,0.5516,0.5212571428571429
2019-07-10 15:00:00,3.7615,0.4644,0.4383571428571429
2019-07-10 16:00:00,3.5036,0.4325,0.37289999999999995
2019-07-10 17:00:00,2.0531,0.2535,0.24755714285714286
2019-07-10 18:00:00,1.1282,0.1393,0.14754285714285714
2019-07-10 19:00:00,0.4159,0.0513,0.04085714285714286
2019-07-10 20:00:00,0.0674,0.0083,0.008971428571428571
2019-07-10 21:00:00,0.0,0.0,0.0
2019-07-10 22:00:00,0.0,0.0,0.0
2019-07-10 23:00:00,0.0,0.0,0.0
2019-07-11 00:00:00,0.0,0.0,0.0
2019-07-11 01:00:00,0.0,0.0,0.0
2019-07-11 02:00:00,0.0,0.0,0.0
2019-07-11 03:00:00,0.0,0.0,0.0
2019-07-11 04:00:00,0.0,0.0,0.0
2019-07-11 05:00:00,0.0,0.0,0.008542857142857142
2019-07-11 06:00:00,0.1,0.0123,0.03968571428571428
2019-07-11 07:00:00,0.4436,0.0548,0.1488857142857143
2019-07-11 08:00:00,0.4605,0.0568,0.23177142857142857
2019-07-11 09:00:00,0.5627,0.0695,0.42337142857142857
2019-07-11 10:00:00,0.8949,0.1105,0.4867714285714286
2019-07-11 11:00:00,1.7295,0.2135,0.5250571428571429
2019-07-11 12:00:00,3.161,0.3903,0.5650142857142858
2019-07-11 13:00:00,4.158,0.5133,0.6071
2019-07-11 14:00:00,2.6088,0.3221,0.5685285714285715
2019-07-11 15:00:00,1.7028,0.2102,0.4883285714285714
2019-07-11 16:00:00,3.0913,0.3816,0.39335714285714285
2019-07-11 17:00:00,2.5624,0.3163,0.2458
2019-07-11 18:00:00,1.2751,0.1574,0.14741428571428572
2019-07-11 19:00:00,0.4782,0.059,0.04414285714285714
2019-07-11 20:00:00,0.0155,0.0019,0.008542857142857142
2019-07-11 21:00:00,0.0,0.0,0.0
2019-07-11 22:00:00,0.0,0.0,0.0
2019-07-11 23:00:00,0.0,0.0,0.0
2019-07-12 00:00:00,0.0,0.0,0.0
2019-07-12 01:00:00,0.0,0.0,0.0
2019-07-12 02:00:00,0.0,0.0,0.0
2019-07-12 03:00:00,0.0,0.0,0.0
2019-07-12 04:00:00,0.0,0.0,0.0
2019-07-12 05:00:00,0.0557,0.0069,0.008
2019-07-12 06:00:00,0.4593,0.0567,0.04114285714285714
2019-07-12 07:00:00,1.0267,0.1268,0.1473857142857143
2019-07-12 08:00:00,1.9096,0.2358,0.2801142857142857
2019-07-12 09:00:00,3.6051,0.4451,0.42450000000000004
2019-07-12 10:00:00,4.1314,0.51,0.5233
2019-07-12 11:00:00,5.3605,0.6618,0.5761714285714286
2019-07-12 12:00:00,5.4637,0.6745,0.6116714285714285
2019-07-12 13:00:00,2.8271,0.349,0.6157
2019-07-12 14:00:00,0.4458,0.055,0.5580428571428572
2019-07-12 15:00:00,1.9395,0.2394,0.4813714285714285
2019-07-12 16:00:00,0.5717,0.0706,0.38982857142857136
2019-07-12 17:00:00,1.6177,0.1997,0.23644285714285715
2019-07-12 18:00:00,0.6239,0.077,0.1439
2019-07-12 19:00:00,0.4881,0.0603,0.046757142857142865
2019-07-12 20:00:00,0.0615,0.0076,0.007757142857142857
2019-07-12 21:00:00,0.0,0.0,0.0
2019-07-12 22:00:00,0.0,0.0,0.0
2019-07-12 23:00:00,0.0,0.0,0.0
2019-07-13 00:00:00,0.0,0.0,0.0
2019-07-13 01:00:00,0.0,0.0,0.0
2019-07-13 02:00:00,0.0,0.0,0.0
2019-07-13 03:00:00,0.0,0.0,0.0
2019-07-13 04:00:00,0.0,0.0,0.0
2019-07-13 05:00:00,0.0,0.0,0.005614285714285715
2019-07-13 06:00:00,0.1011,0.0125,0.03761428571428571
2019-07-13 07:00:00,0.3019,0.0373,0.1303
2019-07-13 08:00:00,0.6248,0.0771,0.23720000000000002
2019-07-13 09:00:00,1.9568,0.2416,0.3597428571428572
2019-07-13 10:00:00,2.7386,0.3381,0.44631428571428566
2019-07-13 11:00:00,1.7761,0.2193,0.5030571428571429
2019-07-13 12:00:00,2.7685,0.3418,0.5573571428571429
2019-07-13 13:00:00,0.6593,0.0814,0.5792428571428571
2019-07-13 14:00:00,3.6347,0.4487,0.5005428571428572
2019-07-13 15:00:00,2.1022,0.2595,0.4223142857142857
2019-07-13 16:00:00,0.8903,0.1099,0.37285714285714283
2019-07-13 17:00:00,0.6563,0.081,0.23367142857142859
2019-07-13 18:00:00,0.8685,0.1072,0.14315714285714284
2019-07-13 19:00:00,0.185,0.0228,0.050228571428571435
2019-07-13 20:00:00,0.0,0.0,0.0061
2019-07-13 21:00:00,0.0,0.0,0.0
2019-07-13 22:00:00,0.0,0.0,0.0
2019-07-13 23:00:00,0.0,0.0,0.0
2019-07-14 00:00:00,0.0,0.0,0.0
2019-07-14 01:00:00,0.0,0.0,0.0
2019-07-14 02:00:00,0.0,0.0,0.0
2019-07-14 03:00:00,0.0,0.0,0.0
2019-07-14 04:00:00,0.0,0.0,0.0
2019-07-14 05:00:00,0.0,0.0,0.005614285714285715
2019-07-14 06:00:00,0.2904,0.0359,0.037585714285714285
2019-07-14 07:00:00,0.6238,0.077,0.12648571428571428
2019-07-14 08:00:00,0.8002,0.0988,0.22467142857142858
2019-07-14 09:00:00,1.1439,0.1412,0.37325714285714284
2019-07-14 10:00:00,1.4818,0.1829,0.4300285714285715
2019-07-14 11:00:00,0.938,0.1158,0.49714285714285716
2019-07-14 12:00:00,1.296,0.16,0.5505285714285714
2019-07-14 13:00:00,1.6551,0.2043,0.5227428571428571
2019-07-14 14:00:00,3.0329,0.3744,0.41082857142857143
2019-07-14 15:00:00,0.9312,0.115,0.3686
2019-07-14 16:00:00,1.703,0.2102,0.3204714285714285
2019-07-14 17:00:00,1.3114,0.1619,0.22298571428571431
2019-07-14 18:00:00,0.6626,0.0818,0.13767142857142858
2019-07-14 19:00:00,0.3438,0.0424,0.05218571428571428
2019-07-14 20:00:00,0.0038,0.0005,0.005828571428571428
2019-07-14 21:00:00,0.0,0.0,0.0
2019-07-14 22:00:00,0.0,0.0,0.0
2019-07-14 23:00:00,0.0,0.0,0.0
2019-07-15 00:00:00,0.0,0.0,0.0
2019-07-15 01:00:00,0.0,0.0,0.0
2019-07-15 02:00:00,0.0,0.0,0.0
2019-07-15 03:00:00,0.0,0.0,0.0
2019-07-15 04:00:00,0.0,0.0,0.0
2019-07-15 05:00:00,0.0,0.0,0.005314285714285714
2019-07-15 06:00:00,0.1488,0.0184,0.0343
2019-07-15 07:00:00,0.5101,0.063,0.10804285714285713
2019-07-15 08:00:00,1.1302,0.1395,0.1862142857142857
2019-07-15 09:00:00,1.3618,0.1681,0.33572857142857143
2019-07-15 10:00:00,1.0432,0.1288,0.38948571428571427
2019-07-15 11:00:00,1.0865,0.1341,0.43298571428571425
2019-07-15 12:00:00,1.2385,0.1529,0.5043714285714286
2019-07-15 13:00:00,1.0612,0.131,0.42915714285714285
2019-07-15 14:00:00,0.8147,0.1006,0.3781714285714286
2019-07-15 15:00:00,0.9106,0.1124,0.3298285714285714
2019-07-15 16:00:00,0.7618,0.0941,0.2919285714285714
2019-07-15 17:00:00,0.9434,0.1165,0.20288571428571428
2019-07-15 18:00:00,0.8384,0.1035,0.13107142857142856
2019-07-15 19:00:00,0.1992,0.0246,0.051228571428571436
2019-07-15 20:00:00,0.0,0.0,0.005828571428571428
2019-07-15 21:00:00,0.0,0.0,0.0
2019-07-15 22:00:00,0.0,0.0,0.0
2019-07-15 23:00:00,0.0,0.0,0.0
2019-07-16 00:00:00,0.0,0.0,0.0
2019-07-16 01:00:00,0.0,0.0,0.0
2019-07-16 02:00:00,0.0,0.0,0.0
2019-07-16 03:00:00,0.0,0.0,0.0
2019-07-16 04:00:00,0.0,0.0,0.0
2019-07-16 05:00:00,0.0,0.0,0.005314285714285714
2019-07-16 06:00:00,0.196,0.0242,0.0355
2019-07-16 07:00:00,0.3825,0.0472,0.10187142857142857
2019-07-16 08:00:00,0.6918,0.0854,0.16764285714285715
2019-07-16 09:00:00,0.8988,0.111,0.3056571428571428
2019-07-16 10:00:00,1.2637,0.156,0.35557142857142854
2019-07-16 11:00:00,1.0744,0.1326,0.3703
2019-07-16 12:00:00,1.2818,0.1582,0.44821428571428573
2019-07-16 13:00:00,2.0316,0.2508,0.3702857142857142
2019-07-16 14:00:00,3.1826,0.3929,0.35131428571428575
2019-07-16 15:00:00,4.9181,0.6072,0.2871714285714286
2019-07-16 16:00:00,3.3666,0.4156,0.2661571428571428
2019-07-16 17:00:00,2.4631,0.3041,0.19447142857142857
2019-07-16 18:00:00,1.2136,0.1498,0.123
2019-07-16 19:00:00,0.2553,0.0315,0.04928571428571429
2019-07-16 20:00:00,0.0,0.0,0.0059
2019-07-16 21:00:00,0.0,0.0,0.0
2019-07-16 22:00:00,0.0,0.0,0.0
2019-07-16 23:00:00,0.0,0.0,0.0
2019-07-17 00:00:00,0.0,0.0,0.0
2019-07-17 01:00:00,0.0,0.0,0.0
2019-07-17 02:00:00,0.0,0.0,0.0
2019-07-17 03:00:00,0.0,0.0,0.0
2019-07-17 04:00:00,0.0,0.0,0.0
2019-07-17 05:00:00,0.0047,0.0006,0.003485714285714286
2019-07-17 06:00:00,0.4454,0.055,0.035828571428571425
2019-07-17 07:00:00,0.929,0.1147,0.09884285714285714
2019-07-17 08:00:00,1.4592,0.1801,0.17357142857142854
2019-07-17 09:00:00,1.7474,0.2157,0.28621428571428575
2019-07-17 10:00:00,2.543,0.3139,0.3309
2019-07-17 11:00:00,5.3325,0.6583,0.3703857142857143
2019-07-17 12:00:00,5.9978,0.7405,0.4380857142857143
2019-07-17 13:00:00,5.9836,0.7387,0.3527
2019-07-17 14:00:00,5.6634,0.6992,0.34121428571428575
2019-07-17 15:00:00,4.9504,0.6112,0.27347142857142853
2019-07-17 16:00:00,3.7028,0.4571,0.2536428571428571
2019-07-17 17:00:00,2.6142,0.3227,0.19982857142857144
2019-07-17 18:00:00,1.2721,0.157,0.11839999999999999
2019-07-17 19:00:00,0.4413,0.0545,0.045585714285714285
2019-07-17 20:00:00,0.0661,0.0082,0.004242857142857143
2019-07-17 21:00:00,0.0,0.0,0.0
2019-07-17 22:00:00,0.0,0.0,0.0
2019-07-17 23:00:00,0.0,0.0,0.0
2019-07-18 00:00:00,0.0,0.0,0.0
2019-07-18 01:00:00,0.0,0.0,0.0
2019-07-18 02:00:00,0.0,0.0,0.0
2019-07-18 03:00:00,0.0,0.0,0.0
2019-07-18 04:00:00,0.0,0.0,0.0
2019-07-18 05:00:00,0.0235,0.0029,0.0028142857142857145
2019-07-18 06:00:00,0.4226,0.0522,0.029942857142857143
2019-07-18 07:00:00,1.2361,0.1526,0.08147142857142856
2019-07-18 08:00:00,2.559,0.3159,0.1474
2019-07-18 09:00:00,3.8398,0.474,0.23707142857142857
2019-07-18 10:00:00,4.7998,0.5926,0.2915857142857143
2019-07-18 11:00:00,5.3272,0.6577,0.31150000000000005
2019-07-18 12:00:00,2.2451,0.2772,0.37577142857142853
2019-07-18 13:00:00,3.283,0.4053,0.3104142857142857
2019-07-18 14:00:00,1.7842,0.2203,0.3207571428571429
2019-07-18 15:00:00,2.5136,0.3103,0.28687142857142856
2019-07-18 16:00:00,0.7818,0.0965,0.24492857142857138
2019-07-18 17:00:00,1.3438,0.1659,0.2047142857142857
2019-07-18 18:00:00,0.784,0.0968,0.11657142857142858
2019-07-18 19:00:00,0.1632,0.0201,0.0417
2019-07-18 20:00:00,0.0,0.0,0.002614285714285714
2019-07-18 21:00:00,0.0,0.0,0.0
2019-07-18 22:00:00,0.0,0.0,0.0
2019-07-18 23:00:00,0.0,0.0,0.0
2019-07-19 00:00:00,0.0,0.0,0.0
2019-07-19 01:00:00,0.0,0.0,0.0
2019-07-19 02:00:00,0.0,0.0,0.0
2019-07-19 03:00:00,0.0,0.0,0.0
2019-07-19 04:00:00,0.0,0.0,0.0
2019-07-19 05:00:00,0.0,0.0,0.0010714285714285715
2019-07-19 06:00:00,0.2867,0.0354,0.030714285714285715
2019-07-19 07:00:00,0.9823,0.1213,0.0744
2019-07-19 08:00:00,1.9054,0.2352,0.12478571428571428
2019-07-19 09:00:00,2.5163,0.3107,0.19888571428571428
2019-07-19 10:00:00,2.8497,0.3518,0.24860000000000002
2019-07-19 11:00:00,3.3011,0.4075,0.30505714285714286
2019-07-19 12:00:00,4.6426,0.5732,0.37402857142857143
2019-07-19 13:00:00,3.52,0.4346,0.32407142857142857
2019-07-19 14:00:00,3.8056,0.4698,0.34184285714285717
2019-07-19 15:00:00,4.1425,0.5114,0.30784285714285714
2019-07-19 16:00:00,3.0108,0.3717,0.2484428571428571
2019-07-19 17:00:00,1.961,0.2421,0.21459999999999999
2019-07-19 18:00:00,1.1459,0.1415,0.11910000000000001
2019-07-19 19:00:00,0.3584,0.0442,0.04215714285714285
2019-07-19 20:00:00,0.0277,0.0034,0.0026000000000000003
2019-07-19 21:00:00,0.0,0.0,0.0
2019-07-19 22:00:00,0.0,0.0,0.0
2019-07-19 23:00:00,0.0,0.0,0.0
2019-07-20 00:00:00,0.0,0.0,0.0
2019-07-20 01:00:00,0.0,0.0,0.0
2019-07-20 02:00:00,0.0,0.0,0.0
2019-07-20 03:00:00,0.0,0.0,0.0
2019-07-20 04:00:00,0.0,0.0,0.0
2019-07-20 05:00:00,0.0287,0.0035,0.0014857142857142857
2019-07-20 06:00:00,0.3002,0.0371,0.03641428571428572
2019-07-20 07:00:00,1.1414,0.1409,0.08837142857142857
2019-07-20 08:00:00,2.5031,0.309,0.1618
2019-07-20 09:00:00,3.379,0.4172,0.25667142857142855
2019-07-20 10:00:00,2.0217,0.2496,0.31747142857142857
2019-07-20 11:00:00,3.3542,0.4141,0.36851428571428574
2019-07-20 12:00:00,3.2483,0.401,0.35787142857142856
2019-07-20 13:00:00,3.2046,0.3956,0.3086428571428571
2019-07-20 14:00:00,3.9165,0.4835,0.32730000000000004
2019-07-20 15:00:00,3.1386,0.3875,0.3221428571428571
2019-07-20 16:00:00,0.373,0.046,0.20771428571428568
2019-07-20 17:00:00,0.5198,0.0642,0.1931142857142857
2019-07-20 18:00:00,0.8765,0.1082,0.11044285714285713
2019-07-20 19:00:00,0.3799,0.0469,0.0366
2019-07-20 20:00:00,0.0404,0.005,0.002328571428571429
2019-07-20 21:00:00,0.0,0.0,0.0
2019-07-20 22:00:00,0.0,0.0,0.0
2019-07-20 23:00:00,0.0,0.0,0.0
2019-07-21 00:00:00,0.0,0.0,0.0
2019-07-21 01:00:00,0.0,0.0,0.0
2019-07-21 02:00:00,0.0,0.0,0.0
2019-07-21 03:00:00,0.0,0.0,0.0
2019-07-21 04:00:00,0.0,0.0,0.0
2019-07-21 05:00:00,0.0,0.0,0.0004999999999999999
2019-07-21 06:00:00,0.4262,0.0526,0.03337142857142857
2019-07-21 07:00:00,1.1175,0.138,0.08758571428571428
2019-07-21 08:00:00,1.6221,0.2003,0.16171428571428573
2019-07-21 09:00:00,2.1508,0.2655,0.23747142857142856
2019-07-21 10:00:00,2.8714,0.3545,0.29487142857142856
2019-07-21 11:00:00,3.9316,0.4854,0.33218571428571425
2019-07-21 12:00:00,4.0832,0.5041,0.34340000000000004
2019-07-21 13:00:00,3.6776,0.454,0.3208714285714286
2019-07-21 14:00:00,4.4605,0.5507,0.3865571428571429
2019-07-21 15:00:00,4.1519,0.5126,0.36099999999999993
2019-07-21 16:00:00,3.0724,0.3793,0.25072857142857136
2019-07-21 17:00:00,1.7006,0.2099,0.19917142857142855
2019-07-21 18:00:00,0.9039,0.1116,0.11965714285714286
2019-07-21 19:00:00,0.2882,0.0356,0.034300000000000004
2019-07-21 20:00:00,0.034,0.0042,0.0017285714285714287
2019-07-21 21:00:00,0.0,0.0,0.0
2019-07-21 22:00:00,0.0,0.0,0.0
2019-07-21 23:00:00,0.0,0.0,0.0
2019-07-22 00:00:00,0.0,0.0,0.0
2019-07-22 01:00:00,0.0,0.0,0.0
2019-07-22 02:00:00,0.0,0.0,0.0
2019-07-22 03:00:00,0.0,0.0,0.0
2019-07-22 04:00:00,0.0,0.0,0.0
2019-07-22 05:00:00,0.0037,0.0005,0.0009999999999999998
2019-07-22 06:00:00,0.2986,0.0369,0.036885714285714286
2019-07-22 07:00:00,1.1874,0.1466,0.10238571428571429
2019-07-22 08:00:00,2.6097,0.3222,0.19484285714285715
2019-07-22 09:00:00,3.9562,0.4884,0.2625571428571428
2019-07-22 10:00:00,4.6923,0.5793,0.28222857142857144
2019-07-22 11:00:00,5.2222,0.6447,0.36001428571428573
2019-07-22 12:00:00,5.0404,0.6223,0.35185714285714287
2019-07-22 13:00:00,5.8595,0.7234,0.3657571428571429
2019-07-22 14:00:00,5.6693,0.6999,0.3915285714285714
2019-07-22 15:00:00,4.9101,0.6062,0.37928571428571434
2019-07-22 16:00:00,3.8856,0.4797,0.24159999999999998
2019-07-22 17:00:00,2.6329,0.325,0.19677142857142857
2019-07-22 18:00:00,1.2091,0.1493,0.11979999999999999
2019-07-22 19:00:00,0.2719,0.0336,0.03774285714285714
2019-07-22 20:00:00,0.0207,0.0026,0.002442857142857143
2019-07-22 21:00:00,0.0,0.0,0.0
2019-07-22 22:00:00,0.0,0.0,0.0
2019-07-22 23:00:00,0.0,0.0,0.0
2019-07-23 00:00:00,0.0,0.0,0.0
2019-07-23 01:00:00,0.0,0.0,0.0
2019-07-23 02:00:00,0.0,0.0,0.0
2019-07-23 03:00:00,0.0,0.0,0.0
2019-07-23 04:00:00,0.0,0.0,0.0
2019-07-23 05:00:00,0.0,0.0,0.0009999999999999998
2019-07-23 06:00:00,0.2502,0.0309,0.039271428571428575
2019-07-23 07:00:00,1.1856,0.1464,0.1111
2019-07-23 08:00:00,2.5712,0.3174,0.20934285714285714
2019-07-23 09:00:00,3.8324,0.4731,0.2803142857142857
2019-07-23 10:00:00,4.8085,0.5936,0.3067428571428571
2019-07-23 11:00:00,5.4348,0.671,0.4128142857142857
2019-07-23 12:00:00,5.8377,0.7207,0.4010142857142857
2019-07-23 13:00:00,5.7254,0.7068,0.4014285714285715
2019-07-23 14:00:00,5.4323,0.6707,0.4167142857142857
2019-07-23 15:00:00,4.6771,0.5774,0.4360857142857143
2019-07-23 16:00:00,3.6758,0.4538,0.26575714285714286
2019-07-23 17:00:00,2.5082,0.3097,0.20362857142857144
2019-07-23 18:00:00,1.1788,0.1455,0.12405714285714285
2019-07-23 19:00:00,0.2598,0.0321,0.03677142857142857
2019-07-23 20:00:00,0.0135,0.0017,0.0029714285714285715
2019-07-23 21:00:00,0.0,0.0,0.0
2019-07-23 22:00:00,0.0,0.0,0.0
2019-07-23 23:00:00,0.0,0.0,0.0
2019-07-24 00:00:00,0.0,0.0,0.0
2019-07-24 01:00:00,0.0,0.0,0.0
2019-07-24 02:00:00,0.0,0.0,0.0
2019-07-24 03:00:00,0.0,0.0,0.0
2019-07-24 04:00:00,0.0,0.0,0.0
2019-07-24 05:00:00,0.0,0.0,0.0010714285714285715
2019-07-24 06:00:00,0.2558,0.0316,0.041914285714285716
2019-07-24 07:00:00,1.1528,0.1423,0.12304285714285713
2019-07-24 08:00:00,2.5268,0.312,0.23544285714285712
2019-07-24 09:00:00,3.7846,0.4672,0.3260714285714286
2019-07-24 10:00:00,4.7074,0.5812,0.37109999999999993
2019-07-24 11:00:00,5.3186,0.6566,0.48575714285714283
2019-07-24 12:00:00,5.744,0.7091,0.4680714285714286
2019-07-24 13:00:00,5.6981,0.7035,0.48605714285714285
2019-07-24 14:00:00,5.3535,0.6609,0.5023285714285713
2019-07-24 15:00:00,4.6196,0.5703,0.5066285714285714
2019-07-24 16:00:00,3.6073,0.4453,0.3208428571428571
2019-07-24 17:00:00,2.4375,0.3009,0.2334142857142857
2019-07-24 18:00:00,0.2491,0.0308,0.1306
2019-07-24 19:00:00,0.0274,0.0034,0.03805714285714286
2019-07-24 20:00:00,0.0,0.0,0.003342857142857143
2019-07-24 21:00:00,0.0,0.0,0.0
2019-07-24 22:00:00,0.0,0.0,0.0
2019-07-24 23:00:00,0.0,0.0,0.0
2019-07-25 00:00:00,0.0,0.0,0.0
2019-07-25 01:00:00,0.0,0.0,0.0
2019-07-25 02:00:00,0.0,0.0,0.0
2019-07-25 03:00:00,0.0,0.0,0.0
2019-07-25 04:00:00,0.0,0.0,0.0
2019-07-25 05:00:00,0.0,0.0,0.0010714285714285715
2019-07-25 06:00:00,0.3655,0.0451,0.04287142857142857
2019-07-25 07:00:00,1.1213,0.1384,0.1372142857142857
2019-07-25 08:00:00,2.3568,0.291,0.2685857142857143
2019-07-25 09:00:00,3.5762,0.4415,0.37779999999999997
2019-07-25 10:00:00,4.515,0.5574,0.4336142857142858
2019-07-25 11:00:00,5.1497,0.6358,0.5626714285714286
2019-07-25 12:00:00,5.4946,0.6783,0.5484285714285715
2019-07-25 13:00:00,0.728,0.0899,0.5512
2019-07-25 14:00:00,0.5416,0.0669,0.5420142857142858
2019-07-25 15:00:00,2.3148,0.2858,0.5023714285714285
2019-07-25 16:00:00,0.9116,0.1125,0.3263
2019-07-25 17:00:00,0.5826,0.0719,0.2342142857142857
2019-07-25 18:00:00,0.869,0.1073,0.1299857142857143
2019-07-25 19:00:00,0.3192,0.0394,0.03814285714285714
2019-07-25 20:00:00,0.0006,0.0001,0.003585714285714286
2019-07-25 21:00:00,0.0,0.0,0.0
2019-07-25 22:00:00,0.0,0.0,0.0
2019-07-25 23:00:00,0.0,0.0,0.0
2019-07-26 00:00:00,0.0,0.0,0.0
2019-07-26 01:00:00,0.0,0.0,0.0
2019-07-26 02:00:00,0.0,0.0,0.0
2019-07-26 03:00:00,0.0,0.0,0.0
2019-07-26 04:00:00,0.0,0.0,0.0
2019-07-26 05:00:00,0.0,0.0,0.0009857142857142857
2019-07-26 06:00:00,0.3593,0.0444,0.03952857142857143
2019-07-26 07:00:00,1.1064,0.1366,0.14115714285714287
2019-07-26 08:00:00,2.3606,0.2914,0.2874285714285714
2019-07-26 09:00:00,3.5599,0.4395,0.4137285714285714
2019-07-26 10:00:00,3.5595,0.4394,0.4718
2019-07-26 11:00:00,3.3776,0.417,0.5624285714285715
2019-07-26 12:00:00,2.9101,0.3593,0.5439428571428572
2019-07-26 13:00:00,1.3593,0.1678,0.5461714285714285
2019-07-26 14:00:00,0.4012,0.0495,0.5365428571428571
2019-07-26 15:00:00,0.3533,0.0436,0.4965285714285714
2019-07-26 16:00:00,0.328,0.0405,0.3246142857142857
2019-07-26 17:00:00,0.4338,0.0536,0.2311
2019-07-26 18:00:00,0.5553,0.0686,0.11195714285714285
2019-07-26 19:00:00,0.3797,0.0469,0.03084285714285714
2019-07-26 20:00:00,0.0,0.0,0.002414285714285714
2019-07-26 21:00:00,0.0,0.0,0.0
2019-07-26 22:00:00,0.0,0.0,0.0
2019-07-26 23:00:00,0.0,0.0,0.0
2019-07-27 00:00:00,0.0,0.0,0.0
2019-07-27 01:00:00,0.0,0.0,0.0
2019-07-27 02:00:00,0.0,0.0,0.0
2019-07-27 03:00:00,0.0,0.0,0.0
2019-07-27 04:00:00,0.0,0.0,0.0
2019-07-27 05:00:00,0.0,0.0,0.0005714285714285715
2019-07-27 06:00:00,0.2231,0.0275,0.038514285714285716
2019-07-27 07:00:00,0.1099,0.0136,0.13912857142857143
2019-07-27 08:00:00,0.2019,0.0249,0.28387142857142855
2019-07-27 09:00:00,0.4925,0.0608,0.4090857142857143
2019-07-27 10:00:00,0.7092,0.0876,0.46677142857142856
2019-07-27 11:00:00,1.5693,0.1937,0.5593
2019-07-27 12:00:00,0.7105,0.0877,0.6012428571428572
2019-07-27 13:00:00,2.3411,0.289,0.5011142857142857
2019-07-27 14:00:00,1.5301,0.1889,0.5146285714285714
2019-07-27 15:00:00,0.3649,0.0451,0.4930285714285714
2019-07-27 16:00:00,0.3522,0.0435,0.3268999999999999
2019-07-27 17:00:00,0.5858,0.0723,0.21767142857142857
2019-07-27 18:00:00,0.3334,0.0412,0.11345714285714285
2019-07-27 19:00:00,0.3698,0.0457,0.0336
2019-07-27 20:00:00,0.0,0.0,0.0024285714285714284
2019-07-27 21:00:00,0.0,0.0,0.0
2019-07-27 22:00:00,0.0,0.0,0.0
2019-07-27 23:00:00,0.0,0.0,0.0
2019-07-28 00:00:00,0.0,0.0,0.0
2019-07-28 01:00:00,0.0,0.0,0.0
2019-07-28 02:00:00,0.0,0.0,0.0
2019-07-28 03:00:00,0.0,0.0,0.0
2019-07-28 04:00:00,0.0,0.0,0.0
2019-07-28 05:00:00,0.0,0.0,0.0005714285714285715
2019-07-28 06:00:00,0.0416,0.0051,0.0398
2019-07-28 07:00:00,0.1782,0.022,0.14131428571428573
2019-07-28 08:00:00,0.205,0.0253,0.2919
2019-07-28 09:00:00,0.5202,0.0642,0.4274857142857143
2019-07-28 10:00:00,0.5525,0.0682,0.47928571428571426
2019-07-28 11:00:00,0.6567,0.0811,0.5606571428571429
2019-07-28 12:00:00,0.6176,0.0762,0.5706857142857144
2019-07-28 13:00:00,0.6371,0.0787,0.463
2019-07-28 14:00:00,0.5594,0.0691,0.45458571428571426
2019-07-28 15:00:00,0.5723,0.0707,0.4262
2019-07-28 16:00:00,0.546,0.0674,0.27958571428571427
2019-07-28 17:00:00,0.4084,0.0504,0.19074285714285713
2019-07-28 18:00:00,0.1448,0.0179,0.10304285714285713
2019-07-28 19:00:00,0.1713,0.0212,0.033985714285714286
2019-07-28 20:00:00,0.0,0.0,0.0019428571428571427
2019-07-28 21:00:00,0.0,0.0,0.0
2019-07-28 22:00:00,0.0,0.0,0.0
2019-07-28 23:00:00,0.0,0.0,0.0
2019-07-29 00:00:00,0.0,0.0,0.0
2019-07-29 01:00:00,0.0,0.0,0.0
2019-07-29 02:00:00,0.0,0.0,0.0
2019-07-29 03:00:00,0.0,0.0,0.0
2019-07-29 04:00:00,0.0,0.0,0.0
2019-07-29 05:00:00,0.0,0.0,7.142857142857143e-05
2019-07-29 06:00:00,0.3312,0.0409,0.03842857142857143
2019-07-29 07:00:00,1.1436,0.1412,0.12312857142857143
2019-07-29 08:00:00,2.6057,0.3217,0.2513142857142857
2019-07-29 09:00:00,3.9615,0.4891,0.3765714285714286
2019-07-29 10:00:00,5.0039,0.6178,0.4561428571428571
2019-07-29 11:00:00,5.6786,0.7011,0.5291714285714286
2019-07-29 12:00:00,6.0572,0.7478,0.5259285714285714
2019-07-29 13:00:00,5.8506,0.7223,0.44777142857142854
2019-07-29 14:00:00,5.5186,0.6813,0.41250000000000003
2019-07-29 15:00:00,4.9418,0.6101,0.3772857142857143
2019-07-29 16:00:00,3.8885,0.4801,0.27922857142857144
2019-07-29 17:00:00,2.6376,0.3256,0.1919
2019-07-29 18:00:00,1.1666,0.144,0.09347142857142857
2019-07-29 19:00:00,0.2403,0.0297,0.03381428571428571
2019-07-29 20:00:00,0.0,0.0,0.0012285714285714285
2019-07-29 21:00:00,0.0,0.0,0.0
2019-07-29 22:00:00,0.0,0.0,0.0
2019-07-29 23:00:00,0.0,0.0,0.0
2019-07-30 00:00:00,0.0,0.0,0.0
2019-07-30 01:00:00,0.0,0.0,0.0
2019-07-30 02:00:00,0.0,0.0,0.0
2019-07-30 03:00:00,0.0,0.0,0.0
2019-07-30 04:00:00,0.0,0.0,0.0
2019-07-30 05:00:00,0.0,0.0,7.142857142857143e-05
2019-07-30 06:00:00,0.3086,0.0381,0.031642857142857146
2019-07-30 07:00:00,1.1293,0.1394,0.10655714285714286
2019-07-30 08:00:00,2.5784,0.3183,0.22631428571428572
2019-07-30 09:00:00,3.9197,0.4839,0.3478142857142857
2019-07-30 10:00:00,4.9275,0.6083,0.4152428571428572
2019-07-30 11:00:00,5.6427,0.6966,0.47141428571428573
2019-07-30 12:00:00,5.768,0.7121,0.46479999999999994
2019-07-30 13:00:00,3.9719,0.4904,0.3941571428571428
2019-07-30 14:00:00,2.5532,0.3152,0.3437
2019-07-30 15:00:00,0.4542,0.0561,0.31415714285714286
2019-07-30 16:00:00,3.3507,0.4137,0.23467142857142856
2019-07-30 17:00:00,1.3657,0.1686,0.16911428571428572
2019-07-30 18:00:00,1.1613,0.1434,0.08008571428571429
2019-07-30 19:00:00,0.266,0.0328,0.03175714285714286
2019-07-30 20:00:00,0.0,0.0,0.0006285714285714285
2019-07-30 21:00:00,0.0,0.0,0.0
2019-07-30 22:00:00,0.0,0.0,0.0
2019-07-30 23:00:00,0.0,0.0,0.0
2019-07-31 00:00:00,0.0,0.0,0.0
2019-07-31 01:00:00,0.0,0.0,0.0
2019-07-31 02:00:00,0.0,0.0,0.0
2019-07-31 03:00:00,0.0,0.0,0.0
2019-07-31 04:00:00,0.0,0.0,0.0
2019-07-31 05:00:00,0.0,0.0,0.0
2019-07-31 06:00:00,0.3413,0.0421,0.032214285714285716
2019-07-31 07:00:00,1.124,0.1388,0.10578571428571427
2019-07-31 08:00:00,1.7814,0.2199,0.22624285714285713
2019-07-31 09:00:00,3.0301,0.3741,0.34791428571428573
2019-07-31 10:00:00,2.5792,0.3184,0.42074285714285714
2019-07-31 11:00:00,2.7901,0.3445,0.4794714285714285
2019-07-31 12:00:00,1.3609,0.168,0.48272857142857145
2019-07-31 13:00:00,2.8239,0.3486,0.394
2019-07-31 14:00:00,4.9576,0.612,0.3410428571428571
2019-07-31 15:00:00,4.1846,0.5166,0.3147142857142858
2019-07-31 16:00:00,1.5154,0.1871,0.23472857142857143
2019-07-31 17:00:00,2.3154,0.2858,0.16920000000000002
2019-07-31 18:00:00,0.9284,0.1146,0.07932857142857141
2019-07-31 19:00:00,0.3169,0.0391,0.0312
2019-07-31 20:00:00,0.0,0.0,0.00025714285714285715
2019-07-31 21:00:00,0.0,0.0,0.0
2019-07-31 22:00:00,0.0,0.0,0.0
2019-07-31 23:00:00,0.0,0.0,0.0
2019-08-01 00:00:00,0.0,0.0,0.0
2019-08-01 01:00:00,0.0,0.0,0.0
2019-08-01 02:00:00,0.0,0.0,0.0
2019-08-01 03:00:00,0.0,0.0,0.0
2019-08-01 04:00:00,0.0,0.0,0.0
2019-08-01 05:00:00,0.0,0.0,0.0
2019-08-01 06:00:00,0.3239,0.04,0.03324285714285714
2019-08-01 07:00:00,1.1138,0.1375,0.10478571428571427
2019-08-01 08:00:00,1.7045,0.2104,0.22637142857142858
2019-08-01 09:00:00,2.0575,0.254,0.34945714285714286
2019-08-01 10:00:00,4.4484,0.5492,0.42284285714285713
2019-08-01 11:00:00,4.8116,0.594,0.4831285714285714
2019-08-01 12:00:00,5.1975,0.6417,0.48150000000000004
2019-08-01 13:00:00,1.3488,0.1665,0.36308571428571434
2019-08-01 14:00:00,3.8219,0.4718,0.2902571428571429
2019-08-01 15:00:00,2.1389,0.2641,0.24024285714285715
2019-08-01 16:00:00,2.3062,0.2847,0.22899999999999995
2019-08-01 17:00:00,1.8241,0.2252,0.14904285714285712
2019-08-01 18:00:00,1.1097,0.137,0.07902857142857143
2019-08-01 19:00:00,0.3594,0.0444,0.0313
2019-08-01 20:00:00,0.0,0.0,1.4285714285714287e-05
2019-08-01 21:00:00,0.0,0.0,0.0
2019-08-01 22:00:00,0.0,0.0,0.0
2019-08-01 23:00:00,0.0,0.0,0.0
2019-08-02 00:00:00,0.0,0.0,0.0
2019-08-02 01:00:00,0.0,0.0,0.0
2019-08-02 02:00:00,0.0,0.0,0.0
2019-08-02 03:00:00,0.0,0.0,0.0
2019-08-02 04:00:00,0.0,0.0,0.0
2019-08-02 05:00:00,0.0,0.0,0.0
2019-08-02 06:00:00,0.3314,0.0409,0.034742857142857145
2019-08-02 07:00:00,1.0983,0.1356,0.10428571428571429
2019-08-02 08:00:00,2.4597,0.3037,0.21321428571428575
2019-08-02 09:00:00,3.6818,0.4545,0.3361571428571429
2019-08-02 10:00:00,3.4478,0.4257,0.3853
2019-08-02 11:00:00,4.1805,0.5161,0.4385428571428571
2019-08-02 12:00:00,5.4154,0.6686,0.40419999999999995
2019-08-02 13:00:00,4.0483,0.4998,0.3123857142857143
2019-08-02 14:00:00,0.8937,0.1103,0.28327142857142856
2019-08-02 15:00:00,2.4849,0.3068,0.2325714285714286
2019-08-02 16:00:00,3.276,0.4044,0.19211428571428568
2019-08-02 17:00:00,0.8554,0.1056,0.14688571428571429
2019-08-02 18:00:00,1.0303,0.1272,0.09099999999999998
2019-08-02 19:00:00,0.3302,0.0408,0.0364
2019-08-02 20:00:00,0.0,0.0,1.4285714285714287e-05
2019-08-02 21:00:00,0.0,0.0,0.0
2019-08-02 22:00:00,0.0,0.0,0.0
2019-08-02 23:00:00,0.0,0.0,0.0
2019-08-03 00:00:00,0.0,0.0,0.0
2019-08-03 01:00:00,0.0,0.0,0.0
2019-08-03 02:00:00,0.0,0.0,0.0
2019-08-03 03:00:00,0.0,0.0,0.0
2019-08-03 04:00:00,0.0,0.0,0.0
2019-08-03 05:00:00,0.0,0.0,0.0
2019-08-03 06:00:00,0.0744,0.0092,0.03401428571428571
2019-08-03 07:00:00,0.4587,0.0566,0.10415714285714286
2019-08-03 08:00:00,0.7796,0.0962,0.20170000000000002
2019-08-03 09:00:00,1.7147,0.2117,0.3093714285714286
2019-08-03 10:00:00,2.2517,0.278,0.3841285714285715
2019-08-03 11:00:00,0.8075,0.0997,0.43257142857142855
2019-08-03 12:00:00,2.5182,0.3109,0.39897142857142853
2019-08-03 13:00:00,2.6975,0.333,0.32332857142857147
2019-08-03 14:00:00,1.2635,0.156,0.3411142857142857
2019-08-03 15:00:00,2.4769,0.3058,0.22947142857142858
2019-08-03 16:00:00,2.7287,0.3369,0.2167142857142857
2019-08-03 17:00:00,1.1942,0.1474,0.1687857142857143
2019-08-03 18:00:00,0.7369,0.091,0.09524285714285716
2019-08-03 19:00:00,0.3287,0.0406,0.03711428571428572
2019-08-03 20:00:00,0.0,0.0,0.0
2019-08-03 21:00:00,0.0,0.0,0.0
2019-08-03 22:00:00,0.0,0.0,0.0
2019-08-03 23:00:00,0.0,0.0,0.0
2019-08-04 00:00:00,0.0,0.0,0.0
2019-08-04 01:00:00,0.0,0.0,0.0
2019-08-04 02:00:00,0.0,0.0,0.0
2019-08-04 03:00:00,0.0,0.0,0.0
2019-08-04 04:00:00,0.0,0.0,0.0
2019-08-04 05:00:00,0.0,0.0,0.0
2019-08-04 06:00:00,0.2883,0.0356,0.03351428571428571
2019-08-04 07:00:00,1.0845,0.1339,0.10401428571428571
2019-08-04 08:00:00,2.5321,0.3126,0.20345714285714286
2019-08-04 09:00:00,3.815,0.471,0.31151428571428574
2019-08-04 10:00:00,4.8069,0.5934,0.3821714285714286
2019-08-04 11:00:00,5.6448,0.6969,0.44672857142857136
2019-08-04 12:00:00,5.8703,0.7247,0.44315714285714286
2019-08-04 13:00:00,5.8713,0.7248,0.37075714285714284
2019-08-04 14:00:00,5.4627,0.6744,0.3498
2019-08-04 15:00:00,4.6644,0.5758,0.26707142857142857
2019-08-04 16:00:00,1.787,0.2206,0.2687
2019-08-04 17:00:00,1.8538,0.2289,0.1762142857142857
2019-08-04 18:00:00,0.8944,0.1104,0.10361428571428573
2019-08-04 19:00:00,0.3166,0.0391,0.036242857142857146
2019-08-04 20:00:00,0.0,0.0,0.0
2019-08-04 21:00:00,0.0,0.0,0.0
2019-08-04 22:00:00,0.0,0.0,0.0
2019-08-04 23:00:00,0.0,0.0,0.0
2019-08-05 00:00:00,0.0,0.0,0.0
2019-08-05 01:00:00,0.0,0.0,0.0
2019-08-05 02:00:00,0.0,0.0,0.0
2019-08-05 03:00:00,0.0,0.0,0.0
2019-08-05 04:00:00,0.0,0.0,0.0
2019-08-05 05:00:00,0.0,0.0,0.0
2019-08-05 06:00:00,0.2913,0.036,0.030900000000000004
2019-08-05 07:00:00,0.9991,0.1233,0.11015714285714286
2019-08-05 08:00:00,1.5286,0.1887,0.21364285714285716
2019-08-05 09:00:00,2.6108,0.3223,0.3330714285714286
2019-08-05 10:00:00,4.7688,0.5887,0.4093714285714286
2019-08-05 11:00:00,5.4543,0.6734,0.4333
2019-08-05 12:00:00,5.5014,0.6792,0.4750428571428572
2019-08-05 13:00:00,5.4233,0.6695,0.3770428571428572
2019-08-05 14:00:00,4.8698,0.6012,0.3451
2019-08-05 15:00:00,4.6599,0.5753,0.3043142857142857
2019-08-05 16:00:00,2.7373,0.3379,0.3106142857142857
2019-08-05 17:00:00,1.6664,0.2057,0.18694285714285713
2019-08-05 18:00:00,0.8671,0.107,0.11072857142857143
2019-08-05 19:00:00,0.2995,0.037,0.035514285714285714
2019-08-05 20:00:00,0.0,0.0,0.0
2019-08-05 21:00:00,0.0,0.0,0.0
2019-08-05 22:00:00,0.0,0.0,0.0
2019-08-05 23:00:00,0.0,0.0,0.0
2019-08-06 00:00:00,0.0,0.0,0.0
2019-08-06 01:00:00,0.0,0.0,0.0
2019-08-06 02:00:00,0.0,0.0,0.0
2019-08-06 03:00:00,0.0,0.0,0.0
2019-08-06 04:00:00,0.0,0.0,0.0
2019-08-06 05:00:00,0.0,0.0,0.0
2019-08-06 06:00:00,0.2127,0.0263,0.035257142857142855
2019-08-06 07:00:00,0.8363,0.1033,0.12614285714285714
2019-08-06 08:00:00,2.1548,0.266,0.2546857142857143
2019-08-06 09:00:00,3.4021,0.42,0.39118571428571425
2019-08-06 10:00:00,3.6663,0.4526,0.4844
2019-08-06 11:00:00,4.2267,0.5218,0.5212714285714285
2019-08-06 12:00:00,3.7184,0.4591,0.5676857142857143
2019-08-06 13:00:00,4.0479,0.4997,0.4693428571428572
2019-08-06 14:00:00,1.7363,0.2144,0.43157142857142855
2019-08-06 15:00:00,2.9029,0.3584,0.37647142857142857
2019-08-06 16:00:00,0.7987,0.0986,0.33249999999999996
2019-08-06 17:00:00,0.4375,0.054,0.21244285714285713
2019-08-06 18:00:00,0.4647,0.0574,0.12394285714285713
2019-08-06 19:00:00,0.1717,0.0212,0.038071428571428576
2019-08-06 20:00:00,0.0,0.0,0.0
2019-08-06 21:00:00,0.0,0.0,0.0
2019-08-06 22:00:00,0.0,0.0,0.0
2019-08-06 23:00:00,0.0,0.0,0.0
2019-08-07 00:00:00,0.0,0.0,0.0
2019-08-07 01:00:00,0.0,0.0,0.0
2019-08-07 02:00:00,0.0,0.0,0.0
2019-08-07 03:00:00,0.0,0.0,0.0
2019-08-07 04:00:00,0.0,0.0,0.0
2019-08-07 05:00:00,0.0,0.0,0.0
2019-08-07 06:00:00,0.2458,0.0303,0.034557142857142856
2019-08-07 07:00:00,1.0611,0.131,0.12358571428571428
2019-08-07 08:00:00,1.629,0.2011,0.2356857142857143
2019-08-07 09:00:00,3.0621,0.378,0.3673571428571428
2019-08-07 10:00:00,3.3017,0.4076,0.48024285714285714
2019-08-07 11:00:00,3.4969,0.4317,0.5173142857142857
2019-08-07 12:00:00,3.7247,0.4598,0.5578857142857142
2019-08-07 13:00:00,3.095,0.3821,0.46180000000000004
2019-08-07 14:00:00,3.1971,0.3947,0.42012857142857146
2019-08-07 15:00:00,2.6612,0.3285,0.3715
2019-08-07 16:00:00,2.9916,0.3693,0.31218571428571423
2019-08-07 17:00:00,2.5234,0.3115,0.19531428571428572
2019-08-07 18:00:00,0.6014,0.0742,0.11865714285714288
2019-08-07 19:00:00,0.2477,0.0306,0.03911428571428571
2019-08-07 20:00:00,0.0,0.0,0.0
2019-08-07 21:00:00,0.0,0.0,0.0
2019-08-07 22:00:00,0.0,0.0,0.0
2019-08-07 23:00:00,0.0,0.0,0.0
2019-08-08 00:00:00,0.0,0.0,0.0
2019-08-08 01:00:00,0.0,0.0,0.0
2019-08-08 02:00:00,0.0,0.0,0.0
2019-08-08 03:00:00,0.0,0.0,0.0
2019-08-08 04:00:00,0.0,0.0,0.0
2019-08-08 05:00:00,0.0,0.0,0.0
2019-08-08 06:00:00,0.2797,0.0345,0.03287142857142857
2019-08-08 07:00:00,1.0349,0.1278,0.11842857142857144
2019-08-08 08:00:00,2.1107,0.2606,0.22821428571428573
2019-08-08 09:00:00,3.0559,0.3773,0.35822857142857145
2019-08-08 10:00:00,1.3547,0.1672,0.4580000000000001
2019-08-08 11:00:00,2.3947,0.2956,0.4923428571428571
2019-08-08 12:00:00,4.3594,0.5382,0.5217428571428572
2019-08-08 13:00:00,4.2696,0.5271,0.4631285714285714
2019-08-08 14:00:00,3.5767,0.4416,0.40572857142857144
2019-08-08 15:00:00,3.7516,0.4632,0.41468571428571427
2019-08-08 16:00:00,3.7048,0.4574,0.2671714285714285
2019-08-08 17:00:00,1.5847,0.1956,0.17894285714285713
2019-08-08 18:00:00,0.701,0.0865,0.10637142857142858
2019-08-08 19:00:00,0.2574,0.0318,0.037457142857142856
2019-08-08 20:00:00,0.0,0.0,0.0
2019-08-08 21:00:00,0.0,0.0,0.0
2019-08-08 22:00:00,0.0,0.0,0.0
2019-08-08 23:00:00,0.0,0.0,0.0
2019-08-09 00:00:00,0.0,0.0,0.0
2019-08-09 01:00:00,0.0,0.0,0.0
2019-08-09 02:00:00,0.0,0.0,0.0
2019-08-09 03:00:00,0.0,0.0,0.0
2019-08-09 04:00:00,0.0,0.0,0.0
2019-08-09 05:00:00,0.0,0.0,0.0
2019-08-09 06:00:00,0.0281,0.0035,0.031185714285714285
2019-08-09 07:00:00,0.4367,0.0539,0.11731428571428572
2019-08-09 08:00:00,0.8923,0.1102,0.22552857142857144
2019-08-09 09:00:00,1.1328,0.1399,0.3587857142857143
2019-08-09 10:00:00,0.8922,0.1102,0.4707428571428572
2019-08-09 11:00:00,1.0928,0.1349,0.5048
2019-08-09 12:00:00,0.765,0.0945,0.5634285714285715
2019-08-09 13:00:00,1.1813,0.1458,0.4679142857142858
2019-08-09 14:00:00,1.5693,0.1937,0.37468571428571423
2019-08-09 15:00:00,1.351,0.1668,0.3878142857142857
2019-08-09 16:00:00,0.5585,0.069,0.29319999999999996
2019-08-09 17:00:00,0.2428,0.03,0.1826142857142857
2019-08-09 18:00:00,0.3611,0.0446,0.10060000000000001
2019-08-09 19:00:00,0.252,0.0311,0.036242857142857146
2019-08-09 20:00:00,0.0,0.0,0.0
2019-08-09 21:00:00,0.0,0.0,0.0
2019-08-09 22:00:00,0.0,0.0,0.0
2019-08-09 23:00:00,0.0,0.0,0.0
2019-08-10 00:00:00,0.0,0.0,0.0
2019-08-10 01:00:00,0.0,0.0,0.0
2019-08-10 02:00:00,0.0,0.0,0.0
2019-08-10 03:00:00,0.0,0.0,0.0
2019-08-10 04:00:00,0.0,0.0,0.0
2019-08-10 05:00:00,0.0,0.0,0.0
2019-08-10 06:00:00,0.2381,0.0294,0.0304
2019-08-10 07:00:00,1.0347,0.1277,0.11592857142857142
2019-08-10 08:00:00,1.613,0.1991,0.2327
2019-08-10 09:00:00,2.9166,0.3601,0.3764
2019-08-10 10:00:00,4.2766,0.528,0.4161714285714286
2019-08-10 11:00:00,1.7781,0.2195,0.46217142857142857
2019-08-10 12:00:00,2.1941,0.2709,0.5486428571428572
2019-08-10 13:00:00,3.6347,0.4487,0.5194285714285715
2019-08-10 14:00:00,4.6036,0.5683,0.3703714285714286
2019-08-10 15:00:00,4.4618,0.5508,0.4162571428571429
2019-08-10 16:00:00,3.472,0.4286,0.31787142857142847
2019-08-10 17:00:00,2.3906,0.2951,0.1783857142857143
2019-08-10 18:00:00,0.9865,0.1218,0.09338571428571428
2019-08-10 19:00:00,0.228,0.0281,0.03444285714285714
2019-08-10 20:00:00,0.0,0.0,0.0
2019-08-10 21:00:00,0.0,0.0,0.0
2019-08-10 22:00:00,0.0,0.0,0.0
2019-08-10 23:00:00,0.0,0.0,0.0
2019-08-11 00:00:00,0.0,0.0,0.0
2019-08-11 01:00:00,0.0,0.0,0.0
2019-08-11 02:00:00,0.0,0.0,0.0
2019-08-11 03:00:00,0.0,0.0,0.0
2019-08-11 04:00:00,0.0,0.0,0.0
2019-08-11 05:00:00,0.0,0.0,0.0
2019-08-11 06:00:00,0.2158,0.0266,0.025057142857142858
2019-08-11 07:00:00,1.0428,0.1287,0.10425714285714285
2019-08-11 08:00:00,2.5283,0.3121,0.20505714285714285
2019-08-11 09:00:00,3.9512,0.4878,0.33145714285714284
2019-08-11 10:00:00,3.2935,0.4066,0.37110000000000004
2019-08-11 11:00:00,2.0234,0.2498,0.40771428571428575
2019-08-11 12:00:00,1.4791,0.1826,0.46662857142857145
2019-08-11 13:00:00,1.8726,0.2312,0.46885714285714286
2019-08-11 14:00:00,1.4185,0.1751,0.38228571428571423
2019-08-11 15:00:00,0.5029,0.0621,0.39625714285714286
2019-08-11 16:00:00,1.6193,0.1999,0.26995714285714284
2019-08-11 17:00:00,2.3162,0.2859,0.16758571428571428
2019-08-11 18:00:00,1.0544,0.1302,0.08158571428571428
2019-08-11 19:00:00,0.2209,0.0273,0.033057142857142854
2019-08-11 20:00:00,0.0,0.0,0.0
2019-08-11 21:00:00,0.0,0.0,0.0
2019-08-11 22:00:00,0.0,0.0,0.0
2019-08-11 23:00:00,0.0,0.0,0.0
2019-08-12 00:00:00,0.0,0.0,0.0
2019-08-12 01:00:00,0.0,0.0,0.0
2019-08-12 02:00:00,0.0,0.0,0.0
2019-08-12 03:00:00,0.0,0.0,0.0
2019-08-12 04:00:00,0.0,0.0,0.0
2019-08-12 05:00:00,0.0,0.0,0.0
2019-08-12 06:00:00,0.2169,0.0268,0.02794285714285714
2019-08-12 07:00:00,0.9483,0.1171,0.11441428571428572
2019-08-12 08:00:00,1.7437,0.2153,0.21975714285714285
2019-08-12 09:00:00,3.8927,0.4806,0.35265714285714284
2019-08-12 10:00:00,5.0221,0.62,0.40681428571428574
2019-08-12 11:00:00,4.9328,0.609,0.4248285714285714
2019-08-12 12:00:00,2.5483,0.3146,0.4609142857142857
2019-08-12 13:00:00,0.5083,0.0628,0.48538571428571425
2019-08-12 14:00:00,5.8461,0.7217,0.44118571428571424
2019-08-12 15:00:00,2.5262,0.3119,0.4312571428571429
2019-08-12 16:00:00,0.275,0.034,0.28305714285714284
2019-08-12 17:00:00,0.7807,0.0964,0.1886857142857143
2019-08-12 18:00:00,0.0857,0.0106,0.08598571428571429
2019-08-12 19:00:00,0.245,0.0302,0.031271428571428575
2019-08-12 20:00:00,0.0,0.0,0.0
2019-08-12 21:00:00,0.0,0.0,0.0
2019-08-12 22:00:00,0.0,0.0,0.0
2019-08-12 23:00:00,0.0,0.0,0.0
2019-08-13 00:00:00,0.0,0.0,0.0
2019-08-13 01:00:00,0.0,0.0,0.0
2019-08-13 02:00:00,0.0,0.0,0.0
2019-08-13 03:00:00,0.0,0.0,0.0
2019-08-13 04:00:00,0.0,0.0,0.0
2019-08-13 05:00:00,0.0,0.0,0.0
2019-08-13 06:00:00,0.0435,0.0054,0.026657142857142855
2019-08-13 07:00:00,0.8701,0.1074,0.11367142857142858
2019-08-13 08:00:00,2.3675,0.2923,0.21968571428571426
2019-08-13 09:00:00,3.7493,0.4629,0.35505714285714285
2019-08-13 10:00:00,3.7633,0.4646,0.3801285714285715
2019-08-13 11:00:00,3.2775,0.4046,0.36095714285714287
2019-08-13 12:00:00,0.8143,0.1005,0.3834714285714286
2019-08-13 13:00:00,4.9619,0.6126,0.4148714285714286
2019-08-13 14:00:00,3.9341,0.4857,0.36985714285714283
2019-08-13 15:00:00,0.6314,0.078,0.35787142857142856
2019-08-13 16:00:00,0.8065,0.0996,0.28009999999999996
2019-08-13 17:00:00,0.7487,0.0924,0.1968285714285714
2019-08-13 18:00:00,1.0129,0.1251,0.08881428571428572
2019-08-13 19:00:00,0.2154,0.0266,0.029585714285714288
2019-08-13 20:00:00,0.0,0.0,0.0
2019-08-13 21:00:00,0.0,0.0,0.0
2019-08-13 22:00:00,0.0,0.0,0.0
2019-08-13 23:00:00,0.0,0.0,0.0
2019-08-14 00:00:00,0.0,0.0,0.0
2019-08-14 01:00:00,0.0,0.0,0.0
2019-08-14 02:00:00,0.0,0.0,0.0
2019-08-14 03:00:00,0.0,0.0,0.0
2019-08-14 04:00:00,0.0,0.0,0.0
2019-08-14 05:00:00,0.0,0.0,0.0
2019-08-14 06:00:00,0.2269,0.028,0.025342857142857143
2019-08-14 07:00:00,1.0145,0.1252,0.1127857142857143
2019-08-14 08:00:00,2.5316,0.3125,0.2234857142857143
2019-08-14 09:00:00,3.9101,0.4827,0.37767142857142855
2019-08-14 10:00:00,4.8385,0.5974,0.3846000000000001
2019-08-14 11:00:00,5.7239,0.7067,0.3517571428571428
2019-08-14 12:00:00,6.0825,0.7509,0.33138571428571423
2019-08-14 13:00:00,6.0718,0.7496,0.3282
2019-08-14 14:00:00,5.7794,0.7135,0.38707142857142857
2019-08-14 15:00:00,3.8756,0.4785,0.32024285714285716
2019-08-14 16:00:00,2.8049,0.3463,0.23668571428571422
2019-08-14 17:00:00,1.6692,0.2061,0.18121428571428572
2019-08-14 18:00:00,0.7237,0.0893,0.07504285714285716
2019-08-14 19:00:00,0.219,0.027,0.028614285714285714
2019-08-14 20:00:00,0.0,0.0,0.0
2019-08-14 21:00:00,0.0,0.0,0.0
2019-08-14 22:00:00,0.0,0.0,0.0
2019-08-14 23:00:00,0.0,0.0,0.0
2019-08-15 00:00:00,0.0,0.0,0.0
2019-08-15 01:00:00,0.0,0.0,0.0
2019-08-15 02:00:00,0.0,0.0,0.0
2019-08-15 03:00:00,0.0,0.0,0.0
2019-08-15 04:00:00,0.0,0.0,0.0
2019-08-15 05:00:00,0.0,0.0,0.0
2019-08-15 06:00:00,0.0295,0.0036,0.022357142857142857
2019-08-15 07:00:00,0.5853,0.0723,0.11337142857142857
2019-08-15 08:00:00,1.5932,0.1967,0.22724285714285714
2019-08-15 09:00:00,1.8563,0.2292,0.38380000000000003
2019-08-15 10:00:00,2.8669,0.3539,0.3863142857142857
2019-08-15 11:00:00,2.7971,0.3453,0.3350142857142857
2019-08-15 12:00:00,3.7714,0.4656,0.2801571428571428
2019-08-15 13:00:00,2.375,0.2932,0.3443285714285715
2019-08-15 14:00:00,2.9377,0.3627,0.4258285714285714
2019-08-15 15:00:00,2.5883,0.3195,0.2801857142857143
2019-08-15 16:00:00,3.1821,0.3928,0.2368285714285714
2019-08-15 17:00:00,1.0555,0.1303,0.18669999999999995
2019-08-15 18:00:00,0.6072,0.075,0.08471428571428571
2019-08-15 19:00:00,0.0802,0.0099,0.029385714285714286
2019-08-15 20:00:00,0.0,0.0,0.0
2019-08-15 21:00:00,0.0,0.0,0.0
2019-08-15 22:00:00,0.0,0.0,0.0
2019-08-15 23:00:00,0.0,0.0,0.0
2019-08-16 00:00:00,0.0,0.0,0.0
2019-08-16 01:00:00,0.0,0.0,0.0
2019-08-16 02:00:00,0.0,0.0,0.0
2019-08-16 03:00:00,0.0,0.0,0.0
2019-08-16 04:00:00,0.0,0.0,0.0
2019-08-16 05:00:00,0.0,0.0,0.0
2019-08-16 06:00:00,0.0495,0.0061,0.02202857142857143
2019-08-16 07:00:00,0.3884,0.048,0.11254285714285715
2019-08-16 08:00:00,1.5678,0.1935,0.24315714285714285
2019-08-16 09:00:00,3.4222,0.4225,0.39875714285714287
2019-08-16 10:00:00,3.6651,0.4525,0.4134285714285714
2019-08-16 11:00:00,4.1321,0.5101,0.37429999999999997
2019-08-16 12:00:00,4.0219,0.4965,0.32174285714285716
2019-08-16 13:00:00,4.3928,0.5423,0.3968285714285714
2019-08-16 14:00:00,4.0652,0.5019,0.4713714285714286
2019-08-16 15:00:00,3.7965,0.4687,0.3016142857142857
2019-08-16 16:00:00,3.3157,0.4093,0.2335428571428571
2019-08-16 17:00:00,2.3134,0.2856,0.17164285714285715
2019-08-16 18:00:00,0.6416,0.0792,0.08687142857142857
2019-08-16 19:00:00,0.1353,0.0167,0.028871428571428572
2019-08-16 20:00:00,0.0,0.0,0.0
2019-08-16 21:00:00,0.0,0.0,0.0
2019-08-16 22:00:00,0.0,0.0,0.0
2019-08-16 23:00:00,0.0,0.0,0.0
2019-08-17 00:00:00,0.0,0.0,0.0
2019-08-17 01:00:00,0.0,0.0,0.0
2019-08-17 02:00:00,0.0,0.0,0.0
2019-08-17 03:00:00,0.0,0.0,0.0
2019-08-17 04:00:00,0.0,0.0,0.0
2019-08-17 05:00:00,0.0,0.0,0.0
2019-08-17 06:00:00,0.0161,0.002,0.017614285714285714
2019-08-17 07:00:00,0.8091,0.0999,0.1046142857142857
2019-08-17 08:00:00,1.7105,0.2112,0.23402857142857145
2019-08-17 09:00:00,1.6055,0.1982,0.37760000000000005
2019-08-17 10:00:00,2.3664,0.2921,0.44010000000000005
2019-08-17 11:00:00,2.0862,0.2576,0.3814
2019-08-17 12:00:00,2.1651,0.2673,0.3113714285714285
2019-08-17 13:00:00,1.7252,0.213,0.36341428571428575
2019-08-17 14:00:00,2.259,0.2789,0.4601
2019-08-17 15:00:00,1.6632,0.2053,0.28108571428571427
2019-08-17 16:00:00,0.832,0.1027,0.22431428571428566
2019-08-17 17:00:00,0.9645,0.1191,0.1623142857142857
2019-08-17 18:00:00,0.1642,0.0203,0.08522857142857143
2019-08-17 19:00:00,0.1555,0.0192,0.025742857142857144
2019-08-17 20:00:00,0.0,0.0,0.0
2019-08-17 21:00:00,0.0,0.0,0.0
2019-08-17 22:00:00,0.0,0.0,0.0
2019-08-17 23:00:00,0.0,0.0,0.0
2019-08-18 00:00:00,0.0,0.0,0.0
2019-08-18 01:00:00,0.0,0.0,0.0
2019-08-18 02:00:00,0.0,0.0,0.0
2019-08-18 03:00:00,0.0,0.0,0.0
2019-08-18 04:00:00,0.0,0.0,0.0
2019-08-18 05:00:00,0.0,0.0,0.0
2019-08-18 06:00:00,0.0483,0.006,0.01798571428571429
2019-08-18 07:00:00,0.179,0.0221,0.10377142857142858
2019-08-18 08:00:00,1.1995,0.1481,0.24592857142857144
2019-08-18 09:00:00,0.7352,0.0908,0.4179714285714286
2019-08-18 10:00:00,0.8086,0.0998,0.489
2019-08-18 11:00:00,0.8302,0.1025,0.435
2019-08-18 12:00:00,1.1742,0.145,0.36879999999999996
2019-08-18 13:00:00,1.795,0.2216,0.42005714285714285
2019-08-18 14:00:00,1.2795,0.158,0.5041285714285715
2019-08-18 15:00:00,0.8515,0.1051,0.3242142857142857
2019-08-18 16:00:00,1.3774,0.1701,0.27292857142857135
2019-08-18 17:00:00,1.1665,0.144,0.1988285714285714
2019-08-18 18:00:00,0.4244,0.0524,0.09017142857142857
2019-08-18 19:00:00,0.1305,0.0161,0.023685714285714286
2019-08-18 20:00:00,0.0,0.0,0.0
2019-08-18 21:00:00,0.0,0.0,0.0
2019-08-18 22:00:00,0.0,0.0,0.0
2019-08-18 23:00:00,0.0,0.0,0.0
2019-08-19 00:00:00,0.0,0.0,0.0
2019-08-19 01:00:00,0.0,0.0,0.0
2019-08-19 02:00:00,0.0,0.0,0.0
2019-08-19 03:00:00,0.0,0.0,0.0
2019-08-19 04:00:00,0.0,0.0,0.0
2019-08-19 05:00:00,0.0,0.0,0.0
2019-08-19 06:00:00,0.1727,0.0213,0.014071428571428572
2019-08-19 07:00:00,0.9601,0.1185,0.0998
2019-08-19 08:00:00,2.447,0.3021,0.24765714285714285
2019-08-19 09:00:00,3.9276,0.4849,0.39484285714285716
2019-08-19 10:00:00,4.8172,0.5947,0.4553
2019-08-19 11:00:00,5.231,0.6458,0.44044285714285714
2019-08-19 12:00:00,5.3371,0.6589,0.36828571428571427
2019-08-19 13:00:00,5.0402,0.6222,0.3863857142857143
2019-08-19 14:00:00,3.9902,0.4926,0.4627857142857143
2019-08-19 15:00:00,4.7804,0.5902,0.27485714285714286
2019-08-19 16:00:00,3.5429,0.4374,0.2263714285714285
2019-08-19 17:00:00,2.3585,0.2912,0.17368571428571428
2019-08-19 18:00:00,0.8894,0.1098,0.07567142857142857
2019-08-19 19:00:00,0.1494,0.0184,0.022414285714285716
2019-08-19 20:00:00,0.0,0.0,0.0
2019-08-19 21:00:00,0.0,0.0,0.0
2019-08-19 22:00:00,0.0,0.0,0.0
2019-08-19 23:00:00,0.0,0.0,0.0
2019-08-20 00:00:00,0.0,0.0,0.0
2019-08-20 01:00:00,0.0,0.0,0.0
2019-08-20 02:00:00,0.0,0.0,0.0
2019-08-20 03:00:00,0.0,0.0,0.0
2019-08-20 04:00:00,0.0,0.0,0.0
2019-08-20 05:00:00,0.0,0.0,0.0
2019-08-20 06:00:00,0.1672,0.0206,0.011128571428571429
2019-08-20 07:00:00,0.9306,0.1149,0.08457142857142856
2019-08-20 08:00:00,2.2936,0.2832,0.22422857142857144
2019-08-20 09:00:00,2.9907,0.3692,0.33812857142857144
2019-08-20 10:00:00,4.1524,0.5126,0.4114714285714286
2019-08-20 11:00:00,5.1574,0.6367,0.4194
2019-08-20 12:00:00,4.4605,0.5507,0.3629142857142857
2019-08-20 13:00:00,4.1774,0.5157,0.3850142857142857
2019-08-20 14:00:00,4.1574,0.5133,0.4603428571428571
2019-08-20 15:00:00,3.5275,0.4355,0.281
2019-08-20 16:00:00,2.5673,0.317,0.22211428571428568
2019-08-20 17:00:00,2.1705,0.268,0.15341428571428573
2019-08-20 18:00:00,0.8683,0.1072,0.06455714285714285
2019-08-20 19:00:00,0.1434,0.0177,0.020814285714285712
2019-08-20 20:00:00,0.0,0.0,0.0
2019-08-20 21:00:00,0.0,0.0,0.0
2019-08-20 22:00:00,0.0,0.0,0.0
2019-08-20 23:00:00,0.0,0.0,0.0
2019-08-21 00:00:00,0.0,0.0,0.0
2019-08-21 01:00:00,0.0,0.0,0.0
2019-08-21 02:00:00,0.0,0.0,0.0
2019-08-21 03:00:00,0.0,0.0,0.0
2019-08-21 04:00:00,0.0,0.0,0.0
2019-08-21 05:00:00,0.0,0.0,0.0
2019-08-21 06:00:00,0.1564,0.0193,0.010342857142857141
2019-08-21 07:00:00,0.9415,0.1162,0.08477142857142857
2019-08-21 08:00:00,2.4184,0.2986,0.23662857142857144
2019-08-21 09:00:00,3.8045,0.4697,0.3387428571428571
2019-08-21 10:00:00,4.7334,0.5844,0.40785714285714286
2019-08-21 11:00:00,4.6358,0.5723,0.42465714285714284
2019-08-21 12:00:00,4.9627,0.6127,0.4121
2019-08-21 13:00:00,5.3824,0.6645,0.46492857142857147
2019-08-21 14:00:00,4.7121,0.5817,0.4276142857142857
2019-08-21 15:00:00,4.0718,0.5027,0.32075714285714285
2019-08-21 16:00:00,2.6815,0.3311,0.2797428571428571
2019-08-21 17:00:00,1.7626,0.2176,0.18124285714285712
2019-08-21 18:00:00,0.8158,0.1007,0.07872857142857144
2019-08-21 19:00:00,0.1231,0.0152,0.01912857142857143
2019-08-21 20:00:00,0.0,0.0,0.0
2019-08-21 21:00:00,0.0,0.0,0.0
2019-08-21 22:00:00,0.0,0.0,0.0
2019-08-21 23:00:00,0.0,0.0,0.0
2019-08-22 00:00:00,0.0,0.0,0.0
2019-08-22 01:00:00,0.0,0.0,0.0
2019-08-22 02:00:00,0.0,0.0,0.0
2019-08-22 03:00:00,0.0,0.0,0.0
2019-08-22 04:00:00,0.0,0.0,0.0
2019-08-22 05:00:00,0.0,0.0,0.0
2019-08-22 06:00:00,0.1474,0.0182,0.012514285714285714
2019-08-22 07:00:00,0.9294,0.1147,0.08584285714285714
2019-08-22 08:00:00,2.4115,0.2977,0.23532857142857141
2019-08-22 09:00:00,3.7258,0.46,0.32535714285714284
2019-08-22 10:00:00,4.8715,0.6014,0.4147142857142857
2019-08-22 11:00:00,5.588,0.6899,0.4578142857142857
2019-08-22 12:00:00,5.8756,0.7254,0.47641428571428573
2019-08-22 13:00:00,5.8866,0.7267,0.45108571428571426
2019-08-22 14:00:00,5.4371,0.6712,0.43155714285714286
2019-08-22 15:00:00,4.8153,0.5945,0.37182857142857145
2019-08-22 16:00:00,3.6495,0.4506,0.31079999999999997
2019-08-22 17:00:00,2.2507,0.2779,0.20632857142857144
2019-08-22 18:00:00,0.8169,0.1009,0.07617142857142857
2019-08-22 19:00:00,0.1091,0.0135,0.017857142857142856
2019-08-22 20:00:00,0.0,0.0,0.0
2019-08-22 21:00:00,0.0,0.0,0.0
2019-08-22 22:00:00,0.0,0.0,0.0
2019-08-22 23:00:00,0.0,0.0,0.0
2019-08-23 00:00:00,0.0,0.0,0.0
2019-08-23 01:00:00,0.0,0.0,0.0
2019-08-23 02:00:00,0.0,0.0,0.0
2019-08-23 03:00:00,0.0,0.0,0.0
2019-08-23 04:00:00,0.0,0.0,0.0
2019-08-23 05:00:00,0.0,0.0,0.0
2019-08-23 06:00:00,0.1337,0.0165,0.011271428571428571
2019-08-23 07:00:00,0.9088,0.1122,0.08455714285714286
2019-08-23 08:00:00,2.3669,0.2922,0.23334285714285713
2019-08-23 09:00:00,3.7692,0.4653,0.3235
2019-08-23 10:00:00,4.9259,0.6081,0.41285714285714287
2019-08-23 11:00:00,5.5881,0.6899,0.43861428571428573
2019-08-23 12:00:00,5.9371,0.733,0.45667142857142856
2019-08-23 13:00:00,5.7785,0.7134,0.43892857142857145
2019-08-23 14:00:00,5.5076,0.6799,0.41272857142857144
2019-08-23 15:00:00,4.8146,0.5944,0.37528571428571433
2019-08-23 16:00:00,3.5746,0.4413,0.3086285714285714
2019-08-23 17:00:00,2.2304,0.2754,0.20797142857142856
2019-08-23 18:00:00,0.7869,0.0971,0.0778
2019-08-23 19:00:00,0.0961,0.0119,0.01617142857142857
2019-08-23 20:00:00,0.0,0.0,0.0
2019-08-23 21:00:00,0.0,0.0,0.0
2019-08-23 22:00:00,0.0,0.0,0.0
2019-08-23 23:00:00,0.0,0.0,0.0
2019-08-24 00:00:00,0.0,0.0,0.0
2019-08-24 01:00:00,0.0,0.0,0.0
2019-08-24 02:00:00,0.0,0.0,0.0
2019-08-24 03:00:00,0.0,0.0,0.0
2019-08-24 04:00:00,0.0,0.0,0.0
2019-08-24 05:00:00,0.0,0.0,0.0
2019-08-24 06:00:00,0.121,0.0149,0.013357142857142857
2019-08-24 07:00:00,0.9089,0.1122,0.09061428571428572
2019-08-24 08:00:00,2.3731,0.293,0.24777142857142856
2019-08-24 09:00:00,3.74,0.4617,0.35647142857142855
2019-08-24 10:00:00,4.8849,0.6031,0.44821428571428573
2019-08-24 11:00:00,5.5681,0.6874,0.4878428571428572
2019-08-24 12:00:00,5.9591,0.7357,0.4937857142857142
2019-08-24 13:00:00,5.9004,0.7284,0.5008571428571429
2019-08-24 14:00:00,5.5212,0.6816,0.4568
2019-08-24 15:00:00,4.7657,0.5884,0.4145714285714286
2019-08-24 16:00:00,3.5951,0.4438,0.31688571428571427
2019-08-24 17:00:00,2.2017,0.2718,0.22905714285714285
2019-08-24 18:00:00,0.7729,0.0954,0.0815
2019-08-24 19:00:00,0.0828,0.0102,0.016685714285714283
2019-08-24 20:00:00,0.0,0.0,0.0
2019-08-24 21:00:00,0.0,0.0,0.0
2019-08-24 22:00:00,0.0,0.0,0.0
2019-08-24 23:00:00,0.0,0.0,0.0
2019-08-25 00:00:00,0.0,0.0,0.0
2019-08-25 01:00:00,0.0,0.0,0.0
2019-08-25 02:00:00,0.0,0.0,0.0
2019-08-25 03:00:00,0.0,0.0,0.0
2019-08-25 04:00:00,0.0,0.0,0.0
2019-08-25 05:00:00,0.0,0.0,0.0
2019-08-25 06:00:00,0.1073,0.0132,0.014842857142857144
2019-08-25 07:00:00,0.8798,0.1086,0.09978571428571428
2019-08-25 08:00:00,2.2728,0.2806,0.2618714285714286
2019-08-25 09:00:00,3.5431,0.4374,0.3625857142857143
2019-08-25 10:00:00,4.6166,0.5699,0.4704428571428571
2019-08-25 11:00:00,5.2796,0.6518,0.5135285714285714
2019-08-25 12:00:00,5.7031,0.7041,0.5275714285714286
2019-08-25 13:00:00,5.6678,0.6997,0.5253
2019-08-25 14:00:00,5.2878,0.6528,0.4822285714285714
2019-08-25 15:00:00,4.5547,0.5623,0.43252857142857143
2019-08-25 16:00:00,3.4778,0.4294,0.32145714285714283
2019-08-25 17:00:00,2.0946,0.2586,0.2276
2019-08-25 18:00:00,0.7272,0.0898,0.08405714285714286
2019-08-25 19:00:00,0.0636,0.0079,0.016
2019-08-25 20:00:00,0.0,0.0,0.0
2019-08-25 21:00:00,0.0,0.0,0.0
2019-08-25 22:00:00,0.0,0.0,0.0
2019-08-25 23:00:00,0.0,0.0,0.0
2019-08-26 00:00:00,0.0,0.0,0.0
2019-08-26 01:00:00,0.0,0.0,0.0
2019-08-26 02:00:00,0.0,0.0,0.0
2019-08-26 03:00:00,0.0,0.0,0.0
2019-08-26 04:00:00,0.0,0.0,0.0
2019-08-26 05:00:00,0.0,0.0,0.0
2019-08-26 06:00:00,0.0926,0.0114,0.016685714285714286
2019-08-26 07:00:00,0.8247,0.1018,0.10154285714285716
2019-08-26 08:00:00,2.1598,0.2666,0.2735571428571429
2019-08-26 09:00:00,3.4775,0.4293,0.40022857142857143
2019-08-26 10:00:00,4.5995,0.5678,0.5148714285714285
2019-08-26 11:00:00,5.26,0.6494,0.5749285714285713
2019-08-26 12:00:00,5.369,0.6628,0.5944857142857144
2019-08-26 13:00:00,4.8948,0.6043,0.5989285714285714
2019-08-26 14:00:00,4.9897,0.616,0.5397571428571428
2019-08-26 15:00:00,0.2936,0.0363,0.4872571428571429
2019-08-26 16:00:00,0.2183,0.027,0.3701857142857143
2019-08-26 17:00:00,0.56,0.0691,0.24941428571428567
2019-08-26 18:00:00,0.6539,0.0807,0.09478571428571428
2019-08-26 19:00:00,0.045,0.0056,0.014714285714285716
2019-08-26 20:00:00,0.0,0.0,0.0
2019-08-26 21:00:00,0.0,0.0,0.0
2019-08-26 22:00:00,0.0,0.0,0.0
2019-08-26 23:00:00,0.0,0.0,0.0
2019-08-27 00:00:00,0.0,0.0,0.0
2019-08-27 01:00:00,0.0,0.0,0.0
2019-08-27 02:00:00,0.0,0.0,0.0
2019-08-27 03:00:00,0.0,0.0,0.0
2019-08-27 04:00:00,0.0,0.0,0.0
2019-08-27 05:00:00,0.0,0.0,0.0
2019-08-27 06:00:00,0.0733,0.0091,0.017714285714285717
2019-08-27 07:00:00,0.8066,0.0996,0.1139
2019-08-27 08:00:00,2.0935,0.2585,0.2924857142857143
2019-08-27 09:00:00,3.2919,0.4064,0.4497428571428571
2019-08-27 10:00:00,4.5888,0.5665,0.5820285714285713
2019-08-27 11:00:00,5.1967,0.6416,0.6534000000000001
2019-08-27 12:00:00,4.4669,0.5515,0.6743571428571429
2019-08-27 13:00:00,5.4555,0.6735,0.6672285714285715
2019-08-27 14:00:00,4.8609,0.6001,0.6104428571428572
2019-08-27 15:00:00,2.9582,0.3652,0.5525714285714286
2019-08-27 16:00:00,2.8192,0.3481,0.4072285714285714
2019-08-27 17:00:00,0.1317,0.0163,0.2657857142857143
2019-08-27 18:00:00,0.6603,0.0815,0.10012857142857144
2019-08-27 19:00:00,0.0266,0.0033,0.013542857142857143
2019-08-27 20:00:00,0.0,0.0,0.0
2019-08-27 21:00:00,0.0,0.0,0.0
2019-08-27 22:00:00,0.0,0.0,0.0
2019-08-27 23:00:00,0.0,0.0,0.0
2019-08-28 00:00:00,0.0,0.0,0.0
2019-08-28 01:00:00,0.0,0.0,0.0
2019-08-28 02:00:00,0.0,0.0,0.0
2019-08-28 03:00:00,0.0,0.0,0.0
2019-08-28 04:00:00,0.0,0.0,0.0
2019-08-28 05:00:00,0.0,0.0,0.0
2019-08-28 06:00:00,0.0652,0.0081,0.016300000000000002
2019-08-28 07:00:00,0.7872,0.0972,0.1115142857142857
2019-08-28 08:00:00,0.999,0.1233,0.28741428571428573
2019-08-28 09:00:00,1.4211,0.1754,0.4418
2019-08-28 10:00:00,4.3776,0.5404,0.5781857142857143
2019-08-28 11:00:00,5.0291,0.6209,0.6539142857142857
2019-08-28 12:00:00,3.8046,0.4697,0.6749142857142857
2019-08-28 13:00:00,4.369,0.5394,0.6646714285714285
2019-08-28 14:00:00,5.0219,0.62,0.6280714285714285
2019-08-28 15:00:00,4.3736,0.54,0.47344285714285717
2019-08-28 16:00:00,1.291,0.1594,0.34859999999999997
2019-08-28 17:00:00,0.3123,0.0386,0.23405714285714288
2019-08-28 18:00:00,0.4784,0.0591,0.09597142857142858
2019-08-28 19:00:00,0.0,0.0,0.011714285714285715
2019-08-28 20:00:00,0.0,0.0,0.0
2019-08-28 21:00:00,0.0,0.0,0.0
2019-08-28 22:00:00,0.0,0.0,0.0
2019-08-28 23:00:00,0.0,0.0,0.0
2019-08-29 00:00:00,0.0,0.0,0.0
2019-08-29 01:00:00,0.0,0.0,0.0
2019-08-29 02:00:00,0.0,0.0,0.0
2019-08-29 03:00:00,0.0,0.0,0.0
2019-08-29 04:00:00,0.0,0.0,0.0
2019-08-29 05:00:00,0.0,0.0,0.0
2019-08-29 06:00:00,0.0543,0.0067,0.014657142857142856
2019-08-29 07:00:00,0.6755,0.0834,0.10932857142857143
2019-08-29 08:00:00,1.0161,0.1254,0.2838857142857143
2019-08-29 09:00:00,1.9054,0.2352,0.4471142857142857
2019-08-29 10:00:00,2.3852,0.2945,0.5858857142857142
2019-08-29 11:00:00,3.0982,0.3825,0.6546142857142857
2019-08-29 12:00:00,4.7089,0.5813,0.6750285714285714
2019-08-29 13:00:00,4.1994,0.5184,0.6872142857142858
2019-08-29 14:00:00,3.0184,0.3726,0.6404714285714286
2019-08-29 15:00:00,2.8268,0.349,0.46340000000000003
2019-08-29 16:00:00,2.7926,0.3448,0.3530428571428571
2019-08-29 17:00:00,1.8309,0.226,0.1981
2019-08-29 18:00:00,0.6224,0.0768,0.09229999999999998
2019-08-29 19:00:00,0.0,0.0,0.009657142857142855
2019-08-29 20:00:00,0.0,0.0,0.0
2019-08-29 21:00:00,0.0,0.0,0.0
2019-08-29 22:00:00,0.0,0.0,0.0
2019-08-29 23:00:00,0.0,0.0,0.0
2019-08-30 00:00:00,0.0,0.0,0.0
2019-08-30 01:00:00,0.0,0.0,0.0
2019-08-30 02:00:00,0.0,0.0,0.0
2019-08-30 03:00:00,0.0,0.0,0.0
2019-08-30 04:00:00,0.0,0.0,0.0
2019-08-30 05:00:00,0.0,0.0,0.0
2019-08-30 06:00:00,0.0497,0.0061,0.01305714285714286
2019-08-30 07:00:00,0.8242,0.1018,0.1066142857142857
2019-08-30 08:00:00,2.277,0.2811,0.25884285714285715
2019-08-30 09:00:00,3.7177,0.459,0.4050714285714286
2019-08-30 10:00:00,4.7789,0.59,0.5796
2019-08-30 11:00:00,5.3519,0.6607,0.6615571428571428
2019-08-30 12:00:00,5.852,0.7225,0.6546000000000001
2019-08-30 13:00:00,5.7652,0.7118,0.6693428571428572
2019-08-30 14:00:00,5.4194,0.6691,0.645942857142857
2019-08-30 15:00:00,4.6233,0.5708,0.4687285714285715
2019-08-30 16:00:00,3.455,0.4265,0.3285142857142857
2019-08-30 17:00:00,2.0626,0.2546,0.17252857142857142
2019-08-30 18:00:00,0.6396,0.079,0.08635714285714287
2019-08-30 19:00:00,0.0,0.0,0.007485714285714286
2019-08-30 20:00:00,0.0,0.0,0.0
2019-08-30 21:00:00,0.0,0.0,0.0
2019-08-30 22:00:00,0.0,0.0,0.0
2019-08-30 23:00:00,0.0,0.0,0.0
2019-08-31 00:00:00,0.0,0.0,0.0
2019-08-31 01:00:00,0.0,0.0,0.0
2019-08-31 02:00:00,0.0,0.0,0.0
2019-08-31 03:00:00,0.0,0.0,0.0
2019-08-31 04:00:00,0.0,0.0,0.0
2019-08-31 05:00:00,0.0,0.0,0.0
2019-08-31 06:00:00,0.0362,0.0045,0.011414285714285714
2019-08-31 07:00:00,0.8059,0.0995,0.10214285714285713
2019-08-31 08:00:00,2.2384,0.2763,0.23422857142857142
2019-08-31 09:00:00,3.6089,0.4455,0.3729571428571429
2019-08-31 10:00:00,4.7007,0.5803,0.5357571428571428
2019-08-31 11:00:00,5.3228,0.6571,0.6176428571428572
2019-08-31 12:00:00,5.6079,0.6923,0.6340142857142858
2019-08-31 13:00:00,5.4633,0.6745,0.6395857142857143
2019-08-31 14:00:00,5.2889,0.653,0.6032857142857143
2019-08-31 15:00:00,4.4966,0.5551,0.43365714285714285
2019-08-31 16:00:00,2.4428,0.3016,0.3134
2019-08-31 17:00:00,1.4435,0.1782,0.1651142857142857
2019-08-31 18:00:00,0.0613,0.0076,0.08291428571428572
2019-08-31 19:00:00,0.0,0.0,0.005557142857142858
2019-08-31 20:00:00,0.0,0.0,0.0
2019-08-31 21:00:00,0.0,0.0,0.0
2019-08-31 22:00:00,0.0,0.0,0.0
2019-08-31 23:00:00,0.0,0.0,0.0
2019-09-01 00:00:00,0.0,0.0,0.0
2019-09-01 01:00:00,0.0,0.0,0.0
2019-09-01 02:00:00,0.0,0.0,0.0
2019-09-01 03:00:00,0.0,0.0,0.0
2019-09-01 04:00:00,0.0,0.0,0.0
2019-09-01 05:00:00,0.0,0.0,0.0
2019-09-01 06:00:00,0.0,0.0,0.009928571428571427
2019-09-01 07:00:00,0.4982,0.0615,0.10065714285714286
2019-09-01 08:00:00,0.2865,0.0354,0.23264285714285715
2019-09-01 09:00:00,1.8536,0.2288,0.37205714285714286
2019-09-01 10:00:00,1.7056,0.2106,0.5331714285714285
2019-09-01 11:00:00,1.1977,0.1479,0.6134714285714286
2019-09-01 12:00:00,0.9695,0.1197,0.6325142857142857
2019-09-01 13:00:00,1.9863,0.2452,0.6393571428571428
2019-09-01 14:00:00,1.4059,0.1736,0.6017428571428571
2019-09-01 15:00:00,1.3452,0.1661,0.4302857142857143
2019-09-01 16:00:00,2.1772,0.2688,0.3112857142857143
2019-09-01 17:00:00,1.5278,0.1886,0.16214285714285714
2019-09-01 18:00:00,0.5477,0.0676,0.08032857142857143
2019-09-01 19:00:00,0.0,0.0,0.0038571428571428576
2019-09-01 20:00:00,0.0,0.0,0.0
2019-09-01 21:00:00,0.0,0.0,0.0
2019-09-01 22:00:00,0.0,0.0,0.0
2019-09-01 23:00:00,0.0,0.0,0.0
2019-09-02 00:00:00,0.0,0.0,0.0
2019-09-02 01:00:00,0.0,0.0,0.0
2019-09-02 02:00:00,0.0,0.0,0.0
2019-09-02 03:00:00,0.0,0.0,0.0
2019-09-02 04:00:00,0.0,0.0,0.0
2019-09-02 05:00:00,0.0,0.0,0.0
2019-09-02 06:00:00,0.0,0.0,0.008442857142857143
2019-09-02 07:00:00,0.8227,0.1016,0.09884285714285715
2019-09-02 08:00:00,2.3466,0.2897,0.23025714285714288
2019-09-02 09:00:00,3.8913,0.4804,0.36974285714285715
2019-09-02 10:00:00,5.0412,0.6224,0.5299142857142857
2019-09-02 11:00:00,4.4952,0.555,0.6091428571428571
2019-09-02 12:00:00,5.1845,0.6401,0.6263142857142857
2019-09-02 13:00:00,4.4991,0.5554,0.6316571428571428
2019-09-02 14:00:00,4.4995,0.5555,0.5976571428571429
2019-09-02 15:00:00,4.6796,0.5777,0.4255285714285715
2019-09-02 16:00:00,3.5099,0.4333,0.29097142857142855
2019-09-02 17:00:00,2.0526,0.2534,0.14877142857142855
2019-09-02 18:00:00,0.5978,0.0738,0.06778571428571428
2019-09-02 19:00:00,0.0,0.0,0.0024000000000000002
2019-09-02 20:00:00,0.0,0.0,0.0
2019-09-02 21:00:00,0.0,0.0,0.0
2019-09-02 22:00:00,0.0,0.0,0.0
2019-09-02 23:00:00,0.0,0.0,0.0
2019-09-03 00:00:00,0.0,0.0,0.0
2019-09-03 01:00:00,0.0,0.0,0.0
2019-09-03 02:00:00,0.0,0.0,0.0
2019-09-03 03:00:00,0.0,0.0,0.0
2019-09-03 04:00:00,0.0,0.0,0.0
2019-09-03 05:00:00,0.0,0.0,0.0
2019-09-03 06:00:00,0.0,0.0,0.006557142857142857
2019-09-03 07:00:00,0.8171,0.1009,0.09211428571428572
2019-09-03 08:00:00,2.0328,0.251,0.19522857142857145
2019-09-03 09:00:00,3.5312,0.4359,0.33994285714285716
2019-09-03 10:00:00,3.8919,0.4805,0.4785857142857143
2019-09-03 11:00:00,1.589,0.1962,0.5371571428571429
2019-09-03 12:00:00,0.72,0.0889,0.5428285714285714
2019-09-03 13:00:00,1.1937,0.1474,0.5667285714285715
2019-09-03 14:00:00,1.4049,0.1734,0.5292
2019-09-03 15:00:00,0.5368,0.0663,0.36892857142857144
2019-09-03 16:00:00,0.5695,0.0703,0.2680285714285714
2019-09-03 17:00:00,0.5905,0.0729,0.13877142857142857
2019-09-03 18:00:00,0.3263,0.0403,0.06461428571428571
2019-09-03 19:00:00,0.0,0.0,0.0012714285714285714
2019-09-03 20:00:00,0.0,0.0,0.0
2019-09-03 21:00:00,0.0,0.0,0.0
2019-09-03 22:00:00,0.0,0.0,0.0
2019-09-03 23:00:00,0.0,0.0,0.0
2019-09-04 00:00:00,0.0,0.0,0.0
2019-09-04 01:00:00,0.0,0.0,0.0
2019-09-04 02:00:00,0.0,0.0,0.0
2019-09-04 03:00:00,0.0,0.0,0.0
2019-09-04 04:00:00,0.0,0.0,0.0
2019-09-04 05:00:00,0.0,0.0,0.0
2019-09-04 06:00:00,0.0,0.0,0.004928571428571429
2019-09-04 07:00:00,0.6308,0.0779,0.0920857142857143
2019-09-04 08:00:00,2.2816,0.2817,0.19852857142857144
2019-09-04 09:00:00,3.7942,0.4684,0.34724285714285713
2019-09-04 10:00:00,4.9645,0.6129,0.4863857142857143
2019-09-04 11:00:00,5.7242,0.7067,0.5236714285714286
2019-09-04 12:00:00,6.1835,0.7634,0.5395857142857143
2019-09-04 13:00:00,6.0434,0.7461,0.5597428571428571
2019-09-04 14:00:00,5.015,0.6191,0.5205571428571428
2019-09-04 15:00:00,4.0468,0.4996,0.44627142857142854
2019-09-04 16:00:00,0.8271,0.1021,0.3260714285714285
2019-09-04 17:00:00,0.9945,0.1228,0.1651
2019-09-04 18:00:00,0.4604,0.0568,0.06362857142857144
2019-09-04 19:00:00,0.0,0.0,0.0004714285714285714
2019-09-04 20:00:00,0.0,0.0,0.0
2019-09-04 21:00:00,0.0,0.0,0.0
2019-09-04 22:00:00,0.0,0.0,0.0
2019-09-04 23:00:00,0.0,0.0,0.0
2019-09-05 00:00:00,0.0,0.0,0.0
2019-09-05 01:00:00,0.0,0.0,0.0
2019-09-05 02:00:00,0.0,0.0,0.0
2019-09-05 03:00:00,0.0,0.0,0.0
2019-09-05 04:00:00,0.0,0.0,0.0
2019-09-05 05:00:00,0.0,0.0,0.0
2019-09-05 06:00:00,0.0,0.0,0.0036285714285714285
2019-09-05 07:00:00,0.376,0.0464,0.09227142857142857
2019-09-05 08:00:00,1.704,0.2104,0.19745714285714286
2019-09-05 09:00:00,1.0894,0.1345,0.35145714285714286
2019-09-05 10:00:00,3.8994,0.4814,0.47409999999999997
2019-09-05 11:00:00,1.2903,0.1593,0.4600428571428572
2019-09-05 12:00:00,3.5215,0.4347,0.4735
2019-09-05 13:00:00,4.3374,0.5355,0.4845857142857143
2019-09-05 14:00:00,5.3261,0.6575,0.4596
2019-09-05 15:00:00,0.2938,0.0363,0.4035714285714286
2019-09-05 16:00:00,1.29,0.1593,0.28638571428571424
2019-09-05 17:00:00,0.6265,0.0773,0.1731857142857143
2019-09-05 18:00:00,0.2647,0.0327,0.057742857142857144
2019-09-05 19:00:00,0.0,0.0,0.0
2019-09-05 20:00:00,0.0,0.0,0.0
2019-09-05 21:00:00,0.0,0.0,0.0
2019-09-05 22:00:00,0.0,0.0,0.0
2019-09-05 23:00:00,0.0,0.0,0.0
2019-09-06 00:00:00,0.0,0.0,0.0
2019-09-06 01:00:00,0.0,0.0,0.0
2019-09-06 02:00:00,0.0,0.0,0.0
2019-09-06 03:00:00,0.0,0.0,0.0
2019-09-06 04:00:00,0.0,0.0,0.0
2019-09-06 05:00:00,0.0,0.0,0.0
2019-09-06 06:00:00,0.0,0.0,0.0024714285714285715
2019-09-06 07:00:00,0.7725,0.0954,0.08951428571428573
2019-09-06 08:00:00,2.4223,0.299,0.22008571428571427
2019-09-06 09:00:00,3.8015,0.4693,0.3933142857142857
2019-09-06 10:00:00,4.792,0.5916,0.4844571428571428
2019-09-06 11:00:00,5.4348,0.671,0.4723
2019-09-06 12:00:00,5.764,0.7116,0.5154571428571428
2019-09-06 13:00:00,5.9988,0.7406,0.5141142857142856
2019-09-06 14:00:00,5.4049,0.6673,0.4594714285714286
2019-09-06 15:00:00,4.7274,0.5836,0.39780000000000004
2019-09-06 16:00:00,3.3123,0.4089,0.27819999999999995
2019-09-06 17:00:00,1.9997,0.2469,0.18521428571428575
2019-09-06 18:00:00,0.4179,0.0516,0.057414285714285716
2019-09-06 19:00:00,0.0,0.0,0.0
2019-09-06 20:00:00,0.0,0.0,0.0
2019-09-06 21:00:00,0.0,0.0,0.0
2019-09-06 22:00:00,0.0,0.0,0.0
2019-09-06 23:00:00,0.0,0.0,0.0
2019-09-07 00:00:00,0.0,0.0,0.0
2019-09-07 01:00:00,0.0,0.0,0.0
2019-09-07 02:00:00,0.0,0.0,0.0
2019-09-07 03:00:00,0.0,0.0,0.0
2019-09-07 04:00:00,0.0,0.0,0.0
2019-09-07 05:00:00,0.0,0.0,0.0
2019-09-07 06:00:00,0.0,0.0,0.001514285714285714
2019-09-07 07:00:00,0.5082,0.0627,0.08422857142857143
2019-09-07 08:00:00,0.6742,0.0832,0.23222857142857145
2019-09-07 09:00:00,0.8744,0.108,0.37892857142857145
2019-09-07 10:00:00,0.8837,0.1091,0.5111571428571429
2019-09-07 11:00:00,3.4223,0.4225,0.44041428571428576
2019-09-07 12:00:00,4.7228,0.5831,0.49451428571428574
2019-09-07 13:00:00,3.4948,0.4315,0.5165571428571428
2019-09-07 14:00:00,2.1273,0.2626,0.5001714285714286
2019-09-07 15:00:00,0.717,0.0885,0.3531285714285714
2019-09-07 16:00:00,0.3773,0.0466,0.2517
2019-09-07 17:00:00,1.213,0.1497,0.16397142857142857
2019-09-07 18:00:00,0.4403,0.0544,0.051114285714285716
2019-09-07 19:00:00,0.0,0.0,0.0
2019-09-07 20:00:00,0.0,0.0,0.0
2019-09-07 21:00:00,0.0,0.0,0.0
2019-09-07 22:00:00,0.0,0.0,0.0
2019-09-07 23:00:00,0.0,0.0,0.0
2019-09-08 00:00:00,0.0,0.0,0.0
2019-09-08 01:00:00,0.0,0.0,0.0
2019-09-08 02:00:00,0.0,0.0,0.0
2019-09-08 03:00:00,0.0,0.0,0.0
2019-09-08 04:00:00,0.0,0.0,0.0
2019-09-08 05:00:00,0.0,0.0,0.0
2019-09-08 06:00:00,0.0,0.0,0.0006428571428571428
2019-09-08 07:00:00,0.1778,0.022,0.08331428571428572
2019-09-08 08:00:00,1.1359,0.1402,0.2347857142857143
2019-09-08 09:00:00,1.432,0.1768,0.3804
2019-09-08 10:00:00,2.7889,0.3443,0.5113857142857142
2019-09-08 11:00:00,1.4997,0.1852,0.44188571428571427
2019-09-08 12:00:00,2.1475,0.2651,0.4929571428571428
2019-09-08 13:00:00,1.3263,0.1637,0.5206714285714286
2019-09-08 14:00:00,1.5193,0.1876,0.4999142857142857
2019-09-08 15:00:00,0.5509,0.068,0.35495714285714286
2019-09-08 16:00:00,1.5696,0.1938,0.24918571428571426
2019-09-08 17:00:00,0.9551,0.1179,0.16287142857142856
2019-09-08 18:00:00,0.3534,0.0436,0.047200000000000006
2019-09-08 19:00:00,0.0,0.0,0.0
2019-09-08 20:00:00,0.0,0.0,0.0
2019-09-08 21:00:00,0.0,0.0,0.0
2019-09-08 22:00:00,0.0,0.0,0.0
2019-09-08 23:00:00,0.0,0.0,0.0
2019-09-09 00:00:00,0.0,0.0,0.0
2019-09-09 01:00:00,0.0,0.0,0.0
2019-09-09 02:00:00,0.0,0.0,0.0
2019-09-09 03:00:00,0.0,0.0,0.0
2019-09-09 04:00:00,0.0,0.0,0.0
2019-09-09 05:00:00,0.0,0.0,0.0
2019-09-09 06:00:00,0.0,0.0,0.0
2019-09-09 07:00:00,0.7505,0.0927,0.07805714285714285
2019-09-09 08:00:00,2.3003,0.284,0.2072
2019-09-09 09:00:00,3.7324,0.4608,0.33218571428571425
2019-09-09 10:00:00,2.882,0.3558,0.44407142857142856
2019-09-09 11:00:00,4.2836,0.5288,0.40837142857142855
2019-09-09 12:00:00,2.8536,0.3523,0.47735714285714287
2019-09-09 13:00:00,4.4166,0.5453,0.48595714285714287
2019-09-09 14:00:00,4.0586,0.5011,0.4441428571428571
2019-09-09 15:00:00,3.1529,0.3892,0.2883
2019-09-09 16:00:00,2.1823,0.2694,0.2127571428571428
2019-09-09 17:00:00,0.9617,0.1187,0.1588
2019-09-09 18:00:00,0.3583,0.0442,0.053885714285714294
2019-09-09 19:00:00,0.0,0.0,0.0
2019-09-09 20:00:00,0.0,0.0,0.0
2019-09-09 21:00:00,0.0,0.0,0.0
2019-09-09 22:00:00,0.0,0.0,0.0
2019-09-09 23:00:00,0.0,0.0,0.0
2019-09-10 00:00:00,0.0,0.0,0.0
2019-09-10 01:00:00,0.0,0.0,0.0
2019-09-10 02:00:00,0.0,0.0,0.0
2019-09-10 03:00:00,0.0,0.0,0.0
2019-09-10 04:00:00,0.0,0.0,0.0
2019-09-10 05:00:00,0.0,0.0,0.0
2019-09-10 06:00:00,0.0,0.0,0.0
2019-09-10 07:00:00,0.7128,0.088,0.07241428571428572
2019-09-10 08:00:00,2.2265,0.2749,0.2221714285714286
2019-09-10 09:00:00,3.7314,0.4607,0.32475714285714286
2019-09-10 10:00:00,4.8501,0.5988,0.46317142857142857
2019-09-10 11:00:00,5.6294,0.695,0.4137
2019-09-10 12:00:00,5.9483,0.7344,0.4981285714285715
2019-09-10 13:00:00,5.7305,0.7075,0.4743142857142857
2019-09-10 14:00:00,4.3137,0.5326,0.4461428571428571
2019-09-10 15:00:00,4.1974,0.5182,0.2742857142857143
2019-09-10 16:00:00,2.9406,0.363,0.20204285714285714
2019-09-10 17:00:00,1.7387,0.2147,0.1487
2019-09-10 18:00:00,0.3921,0.0484,0.05045714285714286
2019-09-10 19:00:00,0.0,0.0,0.0
2019-09-10 20:00:00,0.0,0.0,0.0
2019-09-10 21:00:00,0.0,0.0,0.0
2019-09-10 22:00:00,0.0,0.0,0.0
2019-09-10 23:00:00,0.0,0.0,0.0
2019-09-11 00:00:00,0.0,0.0,0.0
2019-09-11 01:00:00,0.0,0.0,0.0
2019-09-11 02:00:00,0.0,0.0,0.0
2019-09-11 03:00:00,0.0,0.0,0.0
2019-09-11 04:00:00,0.0,0.0,0.0
2019-09-11 05:00:00,0.0,0.0,0.0
2019-09-11 06:00:00,0.0,0.0,0.0
2019-09-11 07:00:00,0.5059,0.0625,0.07114285714285715
2019-09-11 08:00:00,1.161,0.1433,0.22135714285714286
2019-09-11 09:00:00,2.4705,0.305,0.3219571428571429
2019-09-11 10:00:00,1.7413,0.215,0.42508571428571423
2019-09-11 11:00:00,2.8562,0.3526,0.40995714285714285
2019-09-11 12:00:00,1.6125,0.1991,0.45701428571428565
2019-09-11 13:00:00,0.9673,0.1194,0.4728714285714286
2019-09-11 14:00:00,0.5436,0.0671,0.4383714285714286
2019-09-11 15:00:00,1.3918,0.1718,0.24735714285714283
2019-09-11 16:00:00,1.854,0.2289,0.1786285714285714
2019-09-11 17:00:00,1.1896,0.1469,0.12945714285714285
2019-09-11 18:00:00,0.0192,0.0024,0.04622857142857143
2019-09-11 19:00:00,0.0,0.0,0.0
2019-09-11 20:00:00,0.0,0.0,0.0
2019-09-11 21:00:00,0.0,0.0,0.0
2019-09-11 22:00:00,0.0,0.0,0.0
2019-09-11 23:00:00,0.0,0.0,0.0
2019-09-12 00:00:00,0.0,0.0,0.0
2019-09-12 01:00:00,0.0,0.0,0.0
2019-09-12 02:00:00,0.0,0.0,0.0
2019-09-12 03:00:00,0.0,0.0,0.0
2019-09-12 04:00:00,0.0,0.0,0.0
2019-09-12 05:00:00,0.0,0.0,0.0
2019-09-12 06:00:00,0.0,0.0,0.0
2019-09-12 07:00:00,0.3552,0.0439,0.0693
2019-09-12 08:00:00,1.1996,0.1481,0.2247714285714286
2019-09-12 09:00:00,0.6783,0.0837,0.32549999999999996
2019-09-12 10:00:00,1.6065,0.1983,0.4419857142857143
2019-09-12 11:00:00,2.3492,0.29,0.4812142857142857
2019-09-12 12:00:00,4.4216,0.5459,0.5492285714285714
2019-09-12 13:00:00,5.0928,0.6287,0.5528857142857142
2019-09-12 14:00:00,4.5814,0.5656,0.4896857142857143
2019-09-12 15:00:00,4.3102,0.5321,0.3119142857142857
2019-09-12 16:00:00,3.2018,0.3953,0.2204428571428571
2019-09-12 17:00:00,1.618,0.1998,0.14971428571428572
2019-09-12 18:00:00,0.1959,0.0242,0.04738571428571429
2019-09-12 19:00:00,0.0,0.0,0.0
2019-09-12 20:00:00,0.0,0.0,0.0
2019-09-12 21:00:00,0.0,0.0,0.0
2019-09-12 22:00:00,0.0,0.0,0.0
2019-09-12 23:00:00,0.0,0.0,0.0
2019-09-13 00:00:00,0.0,0.0,0.0
2019-09-13 01:00:00,0.0,0.0,0.0
2019-09-13 02:00:00,0.0,0.0,0.0
2019-09-13 03:00:00,0.0,0.0,0.0
2019-09-13 04:00:00,0.0,0.0,0.0
2019-09-13 05:00:00,0.0,0.0,0.0
2019-09-13 06:00:00,0.0,0.0,0.0
2019-09-13 07:00:00,0.2129,0.0263,0.0671
2019-09-13 08:00:00,0.411,0.0507,0.20500000000000002
2019-09-13 09:00:00,0.5222,0.0645,0.30215714285714285
2019-09-13 10:00:00,0.5343,0.066,0.3851428571428571
2019-09-13 11:00:00,0.9989,0.1233,0.43062857142857147
2019-09-13 12:00:00,0.7332,0.0905,0.4686142857142857
2019-09-13 13:00:00,1.2566,0.1551,0.46335714285714286
2019-09-13 14:00:00,3.7629,0.4646,0.41082857142857143
2019-09-13 15:00:00,0.6145,0.0759,0.26508571428571426
2019-09-13 16:00:00,1.504,0.1857,0.23855714285714283
2019-09-13 17:00:00,0.6681,0.0825,0.15315714285714285
2019-09-13 18:00:00,0.1784,0.022,0.03961428571428572
2019-09-13 19:00:00,0.0,0.0,0.0
2019-09-13 20:00:00,0.0,0.0,0.0
2019-09-13 21:00:00,0.0,0.0,0.0
2019-09-13 22:00:00,0.0,0.0,0.0
2019-09-13 23:00:00,0.0,0.0,0.0
2019-09-14 00:00:00,0.0,0.0,0.0
2019-09-14 01:00:00,0.0,0.0,0.0
2019-09-14 02:00:00,0.0,0.0,0.0
2019-09-14 03:00:00,0.0,0.0,0.0
2019-09-14 04:00:00,0.0,0.0,0.0
2019-09-14 05:00:00,0.0,0.0,0.0
2019-09-14 06:00:00,0.0,0.0,0.0
2019-09-14 07:00:00,0.6397,0.079,0.06674285714285715
2019-09-14 08:00:00,2.1513,0.2656,0.19609999999999997
2019-09-14 09:00:00,3.6803,0.4544,0.2949
2019-09-14 10:00:00,4.8093,0.5937,0.3447
2019-09-14 11:00:00,5.6095,0.6925,0.44930000000000003
2019-09-14 12:00:00,5.9509,0.7347,0.4845
2019-09-14 13:00:00,5.7777,0.7133,0.47667142857142863
2019-09-14 14:00:00,5.3069,0.6552,0.3977
2019-09-14 15:00:00,4.4392,0.5481,0.3359142857142857
2019-09-14 16:00:00,3.2047,0.3956,0.27227142857142855
2019-09-14 17:00:00,1.5997,0.1975,0.17065714285714287
2019-09-14 18:00:00,0.2694,0.0333,0.0384
2019-09-14 19:00:00,0.0,0.0,0.0
2019-09-14 20:00:00,0.0,0.0,0.0
2019-09-14 21:00:00,0.0,0.0,0.0
2019-09-14 22:00:00,0.0,0.0,0.0
2019-09-14 23:00:00,0.0,0.0,0.0
2019-09-15 00:00:00,0.0,0.0,0.0
2019-09-15 01:00:00,0.0,0.0,0.0
2019-09-15 02:00:00,0.0,0.0,0.0
2019-09-15 03:00:00,0.0,0.0,0.0
2019-09-15 04:00:00,0.0,0.0,0.0
2019-09-15 05:00:00,0.0,0.0,0.0
2019-09-15 06:00:00,0.0,0.0,0.0
2019-09-15 07:00:00,0.6463,0.0798,0.05687142857142857
2019-09-15 08:00:00,2.1242,0.2622,0.16062857142857143
2019-09-15 09:00:00,3.608,0.4454,0.23707142857142857
2019-09-15 10:00:00,4.5434,0.5609,0.2696142857142857
2019-09-15 11:00:00,5.2913,0.6532,0.37105714285714286
2019-09-15 12:00:00,5.4949,0.6784,0.39577142857142855
2019-09-15 13:00:00,5.7225,0.7065,0.3930285714285714
2019-09-15 14:00:00,5.4216,0.6693,0.36874285714285715
2019-09-15 15:00:00,4.2417,0.5237,0.2633857142857143
2019-09-15 16:00:00,3.0485,0.3764,0.24038571428571426
2019-09-15 17:00:00,1.586,0.1958,0.14717142857142856
2019-09-15 18:00:00,0.2294,0.0283,0.034171428571428575
2019-09-15 19:00:00,0.0,0.0,0.0
2019-09-15 20:00:00,0.0,0.0,0.0
2019-09-15 21:00:00,0.0,0.0,0.0
2019-09-15 22:00:00,0.0,0.0,0.0
2019-09-15 23:00:00,0.0,0.0,0.0
2019-09-16 00:00:00,0.0,0.0,0.0
2019-09-16 01:00:00,0.0,0.0,0.0
2019-09-16 02:00:00,0.0,0.0,0.0
2019-09-16 03:00:00,0.0,0.0,0.0
2019-09-16 04:00:00,0.0,0.0,0.0
2019-09-16 05:00:00,0.0,0.0,0.0
2019-09-16 06:00:00,0.0,0.0,0.0
2019-09-16 07:00:00,0.1018,0.0126,0.059199999999999996
2019-09-16 08:00:00,0.3792,0.0468,0.1866857142857143
2019-09-16 09:00:00,1.2598,0.1555,0.28655714285714284
2019-09-16 10:00:00,1.7174,0.212,0.33884285714285717
2019-09-16 11:00:00,3.4082,0.4208,0.4096285714285714
2019-09-16 12:00:00,2.8147,0.3475,0.4174285714285714
2019-09-16 13:00:00,1.8487,0.2282,0.4332857142857143
2019-09-16 14:00:00,1.7014,0.21,0.4248285714285714
2019-09-16 15:00:00,0.747,0.0922,0.32904285714285714
2019-09-16 16:00:00,0.3046,0.0376,0.29024285714285714
2019-09-16 17:00:00,0.1529,0.0189,0.154
2019-09-16 18:00:00,0.0396,0.0049,0.03115714285714286
2019-09-16 19:00:00,0.0,0.0,0.0
2019-09-16 20:00:00,0.0,0.0,0.0
2019-09-16 21:00:00,0.0,0.0,0.0
2019-09-16 22:00:00,0.0,0.0,0.0
2019-09-16 23:00:00,0.0,0.0,0.0
2019-09-17 00:00:00,0.0,0.0,0.0
2019-09-17 01:00:00,0.0,0.0,0.0
2019-09-17 02:00:00,0.0,0.0,0.0
2019-09-17 03:00:00,0.0,0.0,0.0
2019-09-17 04:00:00,0.0,0.0,0.0
2019-09-17 05:00:00,0.0,0.0,0.0
2019-09-17 06:00:00,0.0,0.0,0.0
2019-09-17 07:00:00,0.5057,0.0624,0.06745714285714285
2019-09-17 08:00:00,1.5007,0.1853,0.2041142857142857
2019-09-17 09:00:00,1.895,0.2339,0.3249285714285714
2019-09-17 10:00:00,3.595,0.4438,0.3697857142857143
2019-09-17 11:00:00,3.5892,0.4431,0.4764857142857143
2019-09-17 12:00:00,3.7417,0.4619,0.4764714285714286
2019-09-17 13:00:00,1.7477,0.2158,0.5108285714285714
2019-09-17 14:00:00,1.9258,0.2378,0.49364285714285716
2019-09-17 15:00:00,2.5061,0.3094,0.39414285714285713
2019-09-17 16:00:00,2.1679,0.2676,0.3163285714285714
2019-09-17 17:00:00,0.8883,0.1097,0.16512857142857143
2019-09-17 18:00:00,0.1852,0.0229,0.02897142857142857
2019-09-17 19:00:00,0.0,0.0,0.0
2019-09-17 20:00:00,0.0,0.0,0.0
2019-09-17 21:00:00,0.0,0.0,0.0
2019-09-17 22:00:00,0.0,0.0,0.0
2019-09-17 23:00:00,0.0,0.0,0.0
2019-09-18 00:00:00,0.0,0.0,0.0
2019-09-18 01:00:00,0.0,0.0,0.0
2019-09-18 02:00:00,0.0,0.0,0.0
2019-09-18 03:00:00,0.0,0.0,0.0
2019-09-18 04:00:00,0.0,0.0,0.0
2019-09-18 05:00:00,0.0,0.0,0.0
2019-09-18 06:00:00,0.0,0.0,0.0
2019-09-18 07:00:00,0.5812,0.0718,0.056014285714285704
2019-09-18 08:00:00,2.1084,0.2603,0.17022857142857142
2019-09-18 09:00:00,0.0,0.0,0.28131428571428574
2019-09-18 10:00:00,4.6254,0.571,0.34924285714285713
2019-09-18 11:00:00,4.5869,0.5663,0.46105714285714283
2019-09-18 12:00:00,4.6554,0.5747,0.4757857142857143
2019-09-18 13:00:00,4.1352,0.5105,0.4655285714285714
2019-09-18 14:00:00,2.4826,0.3065,0.4520571428571429
2019-09-18 15:00:00,3.3807,0.4174,0.3517142857142857
2019-09-18 16:00:00,2.3333,0.2881,0.2832142857142857
2019-09-18 17:00:00,1.3944,0.1722,0.15087142857142855
2019-09-18 18:00:00,0.1192,0.0147,0.023357142857142854
2019-09-18 19:00:00,0.0,0.0,0.0
2019-09-18 20:00:00,0.0,0.0,0.0
2019-09-18 21:00:00,0.0,0.0,0.0
2019-09-18 22:00:00,0.0,0.0,0.0
2019-09-18 23:00:00,0.0,0.0,0.0
2019-09-19 00:00:00,0.0,0.0,0.0
2019-09-19 01:00:00,0.0,0.0,0.0
2019-09-19 02:00:00,0.0,0.0,0.0
2019-09-19 03:00:00,0.0,0.0,0.0
2019-09-19 04:00:00,0.0,0.0,0.0
2019-09-19 05:00:00,0.0,0.0,0.0
2019-09-19 06:00:00,0.0,0.0,0.0
2019-09-19 07:00:00,0.5624,0.0694,0.05235714285714286
2019-09-19 08:00:00,2.0984,0.2591,0.15742857142857142
2019-09-19 09:00:00,3.6328,0.4485,0.24891428571428573
2019-09-19 10:00:00,4.7064,0.581,0.3271
2019-09-19 11:00:00,4.3599,0.5383,0.42507142857142854
2019-09-19 12:00:00,4.2406,0.5235,0.43685714285714283
2019-09-19 13:00:00,5.2408,0.647,0.3952857142857143
2019-09-19 14:00:00,5.2753,0.6513,0.40994285714285716
2019-09-19 15:00:00,4.3813,0.5409,0.3218857142857143
2019-09-19 16:00:00,2.9651,0.3661,0.26958571428571426
2019-09-19 17:00:00,1.3355,0.1649,0.1358714285714286
2019-09-19 18:00:00,0.1513,0.0187,0.019714285714285712
2019-09-19 19:00:00,0.0,0.0,0.0
2019-09-19 20:00:00,0.0,0.0,0.0
2019-09-19 21:00:00,0.0,0.0,0.0
2019-09-19 22:00:00,0.0,0.0,0.0
2019-09-19 23:00:00,0.0,0.0,0.0
2019-09-20 00:00:00,0.0,0.0,0.0
2019-09-20 01:00:00,0.0,0.0,0.0
2019-09-20 02:00:00,0.0,0.0,0.0
2019-09-20 03:00:00,0.0,0.0,0.0
2019-09-20 04:00:00,0.0,0.0,0.0
2019-09-20 05:00:00,0.0,0.0,0.0
2019-09-20 06:00:00,0.0,0.0,0.0
2019-09-20 07:00:00,0.5138,0.0634,0.05368571428571429
2019-09-20 08:00:00,1.9706,0.2433,0.17414285714285713
2019-09-20 09:00:00,3.4576,0.4269,0.20534285714285713
2019-09-20 10:00:00,4.6944,0.5796,0.3779571428571428
2019-09-20 11:00:00,5.2658,0.6501,0.4556
2019-09-20 12:00:00,5.561,0.6865,0.49051428571428574
2019-09-20 13:00:00,5.3989,0.6665,0.45115714285714287
2019-09-20 14:00:00,5.0818,0.6274,0.4441428571428571
2019-09-20 15:00:00,4.1533,0.5128,0.35697142857142855
2019-09-20 16:00:00,3.0115,0.3718,0.27804285714285715
2019-09-20 17:00:00,1.4772,0.1824,0.13948571428571427
2019-09-20 18:00:00,0.135,0.0167,0.021471428571428575
2019-09-20 19:00:00,0.0,0.0,0.0
2019-09-20 20:00:00,0.0,0.0,0.0
2019-09-20 21:00:00,0.0,0.0,0.0
2019-09-20 22:00:00,0.0,0.0,0.0
2019-09-20 23:00:00,0.0,0.0,0.0
2019-09-21 00:00:00,0.0,0.0,0.0
2019-09-21 01:00:00,0.0,0.0,0.0
2019-09-21 02:00:00,0.0,0.0,0.0
2019-09-21 03:00:00,0.0,0.0,0.0
2019-09-21 04:00:00,0.0,0.0,0.0
2019-09-21 05:00:00,0.0,0.0,0.0
2019-09-21 06:00:00,0.0,0.0,0.0
2019-09-21 07:00:00,0.539,0.0665,0.05732857142857143
2019-09-21 08:00:00,2.0765,0.2564,0.19
2019-09-21 09:00:00,3.6179,0.4467,0.2574571428571429
2019-09-21 10:00:00,4.7894,0.5913,0.43262857142857136
2019-09-21 11:00:00,5.5393,0.6839,0.49107142857142855
2019-09-21 12:00:00,5.7662,0.7119,0.48731428571428564
2019-09-21 13:00:00,5.6146,0.6932,0.45377142857142855
2019-09-21 14:00:00,5.1572,0.6367,0.4563857142857143
2019-09-21 15:00:00,4.2349,0.5228,0.35822857142857145
2019-09-21 16:00:00,2.9932,0.3695,0.27387142857142854
2019-09-21 17:00:00,1.359,0.1678,0.1345
2019-09-21 18:00:00,0.1069,0.0132,0.020685714285714286
2019-09-21 19:00:00,0.0,0.0,0.0
2019-09-21 20:00:00,0.0,0.0,0.0
2019-09-21 21:00:00,0.0,0.0,0.0
2019-09-21 22:00:00,0.0,0.0,0.0
2019-09-21 23:00:00,0.0,0.0,0.0
2019-09-22 00:00:00,0.0,0.0,0.0
2019-09-22 01:00:00,0.0,0.0,0.0
2019-09-22 02:00:00,0.0,0.0,0.0
2019-09-22 03:00:00,0.0,0.0,0.0
2019-09-22 04:00:00,0.0,0.0,0.0
2019-09-22 05:00:00,0.0,0.0,0.0
2019-09-22 06:00:00,0.0,0.0,0.0
2019-09-22 07:00:00,0.4111,0.0508,0.06262857142857144
2019-09-22 08:00:00,1.7735,0.2189,0.21751428571428572
2019-09-22 09:00:00,3.2524,0.4015,0.30922857142857146
2019-09-22 10:00:00,3.3938,0.419,0.506
2019-09-22 11:00:00,1.2274,0.1515,0.5663285714285714
2019-09-22 12:00:00,0.9221,0.1138,0.5724571428571429
2019-09-22 13:00:00,4.3513,0.5372,0.5268285714285714
2019-09-22 14:00:00,1.453,0.1794,0.47964285714285715
2019-09-22 15:00:00,2.1113,0.2607,0.42064285714285715
2019-09-22 16:00:00,1.7018,0.2101,0.3004571428571428
2019-09-22 17:00:00,0.6137,0.0758,0.14877142857142855
2019-09-22 18:00:00,0.0403,0.005,0.01992857142857143
2019-09-22 19:00:00,0.0,0.0,0.0
2019-09-22 20:00:00,0.0,0.0,0.0
2019-09-22 21:00:00,0.0,0.0,0.0
2019-09-22 22:00:00,0.0,0.0,0.0
2019-09-22 23:00:00,0.0,0.0,0.0
2019-09-23 00:00:00,0.0,0.0,0.0
2019-09-23 01:00:00,0.0,0.0,0.0
2019-09-23 02:00:00,0.0,0.0,0.0
2019-09-23 03:00:00,0.0,0.0,0.0
2019-09-23 04:00:00,0.0,0.0,0.0
2019-09-23 05:00:00,0.0,0.0,0.0
2019-09-23 06:00:00,0.0,0.0,0.0
2019-09-23 07:00:00,0.04,0.0049,0.06084285714285714
2019-09-23 08:00:00,0.2815,0.0347,0.2162
2019-09-23 09:00:00,1.4541,0.1795,0.3081285714285714
2019-09-23 10:00:00,3.847,0.4749,0.5056571428571429
2019-09-23 11:00:00,3.2574,0.4022,0.5650999999999999
2019-09-23 12:00:00,3.544,0.4375,0.5692
2019-09-23 13:00:00,1.0498,0.1296,0.5239571428571429
2019-09-23 14:00:00,0.9449,0.1167,0.477
2019-09-23 15:00:00,1.0052,0.1241,0.4170285714285714
2019-09-23 16:00:00,1.286,0.1588,0.2967285714285714
2019-09-23 17:00:00,0.6179,0.0763,0.14452857142857142
2019-09-23 18:00:00,0.0226,0.0028,0.017057142857142858
2019-09-23 19:00:00,0.0,0.0,0.0
2019-09-23 20:00:00,0.0,0.0,0.0
2019-09-23 21:00:00,0.0,0.0,0.0
2019-09-23 22:00:00,0.0,0.0,0.0
2019-09-23 23:00:00,0.0,0.0,0.0
2019-09-24 00:00:00,0.0,0.0,0.0
2019-09-24 01:00:00,0.0,0.0,0.0
2019-09-24 02:00:00,0.0,0.0,0.0
2019-09-24 03:00:00,0.0,0.0,0.0
2019-09-24 04:00:00,0.0,0.0,0.0
2019-09-24 05:00:00,0.0,0.0,0.0
2019-09-24 06:00:00,0.0,0.0,0.0
2019-09-24 07:00:00,0.1275,0.0157,0.05670000000000001
2019-09-24 08:00:00,0.6424,0.0793,0.21001428571428574
2019-09-24 09:00:00,1.4292,0.1764,0.3018571428571429
2019-09-24 10:00:00,2.1483,0.2652,0.4853857142857142
2019-09-24 11:00:00,1.5521,0.1916,0.49342857142857144
2019-09-24 12:00:00,0.8833,0.1091,0.4885428571428571
2019-09-24 13:00:00,1.2728,0.1571,0.49977142857142853
2019-09-24 14:00:00,1.5114,0.1866,0.4070142857142857
2019-09-24 15:00:00,0.5484,0.0677,0.3794571428571429
2019-09-24 16:00:00,0.6898,0.0852,0.27297142857142853
2019-09-24 17:00:00,0.3916,0.0483,0.1273857142857143
2019-09-24 18:00:00,0.0,0.0,0.013728571428571427
2019-09-24 19:00:00,0.0,0.0,0.0
2019-09-24 20:00:00,0.0,0.0,0.0
2019-09-24 21:00:00,0.0,0.0,0.0
2019-09-24 22:00:00,0.0,0.0,0.0
2019-09-24 23:00:00,0.0,0.0,0.0
2019-09-25 00:00:00,0.0,0.0,0.0
2019-09-25 01:00:00,0.0,0.0,0.0
2019-09-25 02:00:00,0.0,0.0,0.0
2019-09-25 03:00:00,0.0,0.0,0.0
2019-09-25 04:00:00,0.0,0.0,0.0
2019-09-25 05:00:00,0.0,0.0,0.0
2019-09-25 06:00:00,0.0,0.0,0.0
2019-09-25 07:00:00,0.2673,0.033,0.0556
2019-09-25 08:00:00,1.349,0.1665,0.20828571428571432
2019-09-25 09:00:00,1.5673,0.1935,0.30528571428571427
2019-09-25 10:00:00,2.003,0.2473,0.5229428571428572
2019-09-25 11:00:00,2.0558,0.2538,0.4907714285714286
2019-09-25 12:00:00,2.459,0.3036,0.5014
2019-09-25 13:00:00,1.034,0.1276,0.4856857142857143
2019-09-25 14:00:00,1.6078,0.1985,0.39368571428571425
2019-09-25 15:00:00,1.3678,0.1689,0.3840142857142857
2019-09-25 16:00:00,1.7617,0.2175,0.2902857142857143
2019-09-25 17:00:00,0.6611,0.0816,0.13558571428571428
2019-09-25 18:00:00,0.0,0.0,0.013428571428571429
2019-09-25 19:00:00,0.0,0.0,0.0
2019-09-25 20:00:00,0.0,0.0,0.0
2019-09-25 21:00:00,0.0,0.0,0.0
2019-09-25 22:00:00,0.0,0.0,0.0
2019-09-25 23:00:00,0.0,0.0,0.0
2019-09-26 00:00:00,0.0,0.0,0.0
2019-09-26 01:00:00,0.0,0.0,0.0
2019-09-26 02:00:00,0.0,0.0,0.0
2019-09-26 03:00:00,0.0,0.0,0.0
2019-09-26 04:00:00,0.0,0.0,0.0
2019-09-26 05:00:00,0.0,0.0,0.0
2019-09-26 06:00:00,0.0,0.0,0.0
2019-09-26 07:00:00,0.0469,0.0058,0.04892857142857143
2019-09-26 08:00:00,0.3213,0.0397,0.19314285714285714
2019-09-26 09:00:00,0.9471,0.1169,0.29707142857142854
2019-09-26 10:00:00,0.6701,0.0827,0.4974285714285714
2019-09-26 11:00:00,0.8299,0.1025,0.45484285714285716
2019-09-26 12:00:00,0.647,0.0799,0.451
2019-09-26 13:00:00,0.7709,0.0952,0.4773
2019-09-26 14:00:00,1.6042,0.1981,0.38637142857142853
2019-09-26 15:00:00,0.9761,0.1205,0.3494857142857143
2019-09-26 16:00:00,0.5228,0.0645,0.2642285714285714
2019-09-26 17:00:00,0.4561,0.0563,0.1268142857142857
2019-09-26 18:00:00,0.0,0.0,0.010157142857142856
2019-09-26 19:00:00,0.0,0.0,0.0
2019-09-26 20:00:00,0.0,0.0,0.0
2019-09-26 21:00:00,0.0,0.0,0.0
2019-09-26 22:00:00,0.0,0.0,0.0
2019-09-26 23:00:00,0.0,0.0,0.0
2019-09-27 00:00:00,0.0,0.0,0.0
2019-09-27 01:00:00,0.0,0.0,0.0
2019-09-27 02:00:00,0.0,0.0,0.0
2019-09-27 03:00:00,0.0,0.0,0.0
2019-09-27 04:00:00,0.0,0.0,0.0
2019-09-27 05:00:00,0.0,0.0,0.0
2019-09-27 06:00:00,0.0,0.0,0.0
2019-09-27 07:00:00,0.2931,0.0362,0.04338571428571429
2019-09-27 08:00:00,1.5203,0.1877,0.17974285714285715
2019-09-27 09:00:00,2.8678,0.354,0.32471428571428573
2019-09-27 10:00:00,1.7472,0.2157,0.45118571428571425
2019-09-27 11:00:00,4.7555,0.5871,0.4102
2019-09-27 12:00:00,4.6327,0.5719,0.41227142857142857
2019-09-27 13:00:00,3.7227,0.4596,0.4226
2019-09-27 14:00:00,0.5657,0.0698,0.37094285714285713
2019-09-27 15:00:00,3.6658,0.4526,0.3139857142857143
2019-09-27 16:00:00,2.586,0.3193,0.2541428571428571
2019-09-27 17:00:00,0.4845,0.0598,0.1138714285714286
2019-09-27 18:00:00,0.0,0.0,0.008057142857142856
2019-09-27 19:00:00,0.0,0.0,0.0
2019-09-27 20:00:00,0.0,0.0,0.0
2019-09-27 21:00:00,0.0,0.0,0.0
2019-09-27 22:00:00,0.0,0.0,0.0
2019-09-27 23:00:00,0.0,0.0,0.0
2019-09-28 00:00:00,0.0,0.0,0.0
2019-09-28 01:00:00,0.0,0.0,0.0
2019-09-28 02:00:00,0.0,0.0,0.0
2019-09-28 03:00:00,0.0,0.0,0.0
2019-09-28 04:00:00,0.0,0.0,0.0
2019-09-28 05:00:00,0.0,0.0,0.0
2019-09-28 06:00:00,0.0,0.0,0.0
2019-09-28 07:00:00,0.2749,0.0339,0.034300000000000004
2019-09-28 08:00:00,1.7137,0.2116,0.1484
2019-09-28 09:00:00,1.0349,0.1278,0.2773428571428571
2019-09-28 10:00:00,3.6057,0.4451,0.38
2019-09-28 11:00:00,2.9644,0.366,0.34794285714285716
2019-09-28 12:00:00,1.6738,0.2066,0.3489
2019-09-28 13:00:00,2.4349,0.3006,0.34377142857142856
2019-09-28 14:00:00,1.6903,0.2087,0.3062
2019-09-28 15:00:00,2.2278,0.275,0.25392857142857145
2019-09-28 16:00:00,0.6401,0.079,0.21105714285714283
2019-09-28 17:00:00,0.5914,0.073,0.09835714285714285
2019-09-28 18:00:00,0.0,0.0,0.005385714285714285
2019-09-28 19:00:00,0.0,0.0,0.0
2019-09-28 20:00:00,0.0,0.0,0.0
2019-09-28 21:00:00,0.0,0.0,0.0
2019-09-28 22:00:00,0.0,0.0,0.0
2019-09-28 23:00:00,0.0,0.0,0.0
2019-09-29 00:00:00,0.0,0.0,0.0
2019-09-29 01:00:00,0.0,0.0,0.0
2019-09-29 02:00:00,0.0,0.0,0.0
2019-09-29 03:00:00,0.0,0.0,0.0
2019-09-29 04:00:00,0.0,0.0,0.0
2019-09-29 05:00:00,0.0,0.0,0.0
2019-09-29 06:00:00,0.0,0.0,0.0
2019-09-29 07:00:00,0.0201,0.0025,0.030414285714285717
2019-09-29 08:00:00,0.3418,0.0422,0.14045714285714286
2019-09-29 09:00:00,0.4001,0.0494,0.26692857142857146
2019-09-29 10:00:00,0.2462,0.0304,0.3280142857142857
2019-09-29 11:00:00,1.5121,0.1867,0.3389428571428571
2019-09-29 12:00:00,0.9956,0.1229,0.33252857142857145
2019-09-29 13:00:00,0.986,0.1217,0.3142142857142857
2019-09-29 14:00:00,1.9429,0.2399,0.22654285714285713
2019-09-29 15:00:00,0.4369,0.0539,0.2453285714285714
2019-09-29 16:00:00,0.8601,0.1062,0.20355714285714283
2019-09-29 17:00:00,0.7569,0.0934,0.08084285714285715
2019-09-29 18:00:00,0.0,0.0,0.003
2019-09-29 19:00:00,0.0,0.0,0.0
2019-09-29 20:00:00,0.0,0.0,0.0
2019-09-29 21:00:00,0.0,0.0,0.0
2019-09-29 22:00:00,0.0,0.0,0.0
2019-09-29 23:00:00,0.0,0.0,0.0
2019-09-30 00:00:00,0.0,0.0,0.0
2019-09-30 01:00:00,0.0,0.0,0.0
2019-09-30 02:00:00,0.0,0.0,0.0
2019-09-30 03:00:00,0.0,0.0,0.0
2019-09-30 04:00:00,0.0,0.0,0.0
2019-09-30 05:00:00,0.0,0.0,0.0
2019-09-30 06:00:00,0.0,0.0,0.0
2019-09-30 07:00:00,0.0683,0.0084,0.02575714285714286
2019-09-30 08:00:00,0.9029,0.1115,0.13405714285714285
2019-09-30 09:00:00,1.9035,0.235,0.22137142857142855
2019-09-30 10:00:00,0.4984,0.0615,0.30712857142857136
2019-09-30 11:00:00,2.6616,0.3286,0.2935285714285714
2019-09-30 12:00:00,1.9,0.2346,0.26034285714285715
2019-09-30 13:00:00,1.6751,0.2068,0.25812857142857143
2019-09-30 14:00:00,3.1817,0.3928,0.1654
2019-09-30 15:00:00,1.4988,0.185,0.20992857142857144
2019-09-30 16:00:00,1.6055,0.1982,0.16205714285714282
2019-09-30 17:00:00,0.8928,0.1102,0.0673
2019-09-30 18:00:00,0.0,0.0,0.0011142857142857141
2019-09-30 19:00:00,0.0,0.0,0.0
2019-09-30 20:00:00,0.0,0.0,0.0
2019-09-30 21:00:00,0.0,0.0,0.0
2019-09-30 22:00:00,0.0,0.0,0.0
2019-09-30 23:00:00,0.0,0.0,0.0
2019-10-01 00:00:00,0.0,0.0,0.0
2019-10-01 01:00:00,0.0,0.0,0.0
2019-10-01 02:00:00,0.0,0.0,0.0
2019-10-01 03:00:00,0.0,0.0,0.0
2019-10-01 04:00:00,0.0,0.0,0.0
2019-10-01 05:00:00,0.0,0.0,0.0
2019-10-01 06:00:00,0.0,0.0,0.0
2019-10-01 07:00:00,0.0937,0.0116,0.018857142857142854
2019-10-01 08:00:00,0.9414,0.1162,0.10881428571428572
2019-10-01 09:00:00,0.2406,0.0297,0.17107142857142857
2019-10-01 10:00:00,1.2397,0.153,0.2516142857142857
2019-10-01 11:00:00,2.9866,0.3687,0.29855714285714285
2019-10-01 12:00:00,1.0315,0.1273,0.2616428571428571
2019-10-01 13:00:00,0.8083,0.0998,0.19877142857142854
2019-10-01 14:00:00,1.0008,0.1236,0.17404285714285714
2019-10-01 15:00:00,0.5222,0.0645,0.18038571428571432
2019-10-01 16:00:00,0.4442,0.0548,0.1472142857142857
2019-10-01 17:00:00,0.495,0.0611,0.0698142857142857
2019-10-01 18:00:00,0.0,0.0,0.0004
2019-10-01 19:00:00,0.0,0.0,0.0
2019-10-01 20:00:00,0.0,0.0,0.0
2019-10-01 21:00:00,0.0,0.0,0.0
2019-10-01 22:00:00,0.0,0.0,0.0
2019-10-01 23:00:00,0.0,0.0,0.0
2019-10-02 00:00:00,0.0,0.0,0.0
2019-10-02 01:00:00,0.0,0.0,0.0
2019-10-02 02:00:00,0.0,0.0,0.0
2019-10-02 03:00:00,0.0,0.0,0.0
2019-10-02 04:00:00,0.0,0.0,0.0
2019-10-02 05:00:00,0.0,0.0,0.0
2019-10-02 06:00:00,0.0,0.0,0.0
2019-10-02 07:00:00,0.1434,0.0177,0.019357142857142857
2019-10-02 08:00:00,0.8106,0.1001,0.11978571428571429
2019-10-02 09:00:00,3.262,0.4027,0.179
2019-10-02 10:00:00,1.6651,0.2056,0.19255714285714287
2019-10-02 11:00:00,1.2892,0.1592,0.2880428571428571
2019-10-02 12:00:00,1.2219,0.1508,0.23265714285714284
2019-10-02 13:00:00,3.2193,0.3974,0.2098
2019-10-02 14:00:00,1.8454,0.2278,0.21348571428571428
2019-10-02 15:00:00,0.251,0.031,0.18908571428571427
2019-10-02 16:00:00,0.7847,0.0969,0.1528428571428571
2019-10-02 17:00:00,0.622,0.0768,0.07465714285714285
2019-10-02 18:00:00,0.0,0.0,0.0
2019-10-02 19:00:00,0.0,0.0,0.0
2019-10-02 20:00:00,0.0,0.0,0.0
2019-10-02 21:00:00,0.0,0.0,0.0
2019-10-02 22:00:00,0.0,0.0,0.0
2019-10-02 23:00:00,0.0,0.0,0.0
2019-10-03 00:00:00,0.0,0.0,0.0
2019-10-03 01:00:00,0.0,0.0,0.0
2019-10-03 02:00:00,0.0,0.0,0.0
2019-10-03 03:00:00,0.0,0.0,0.0
2019-10-03 04:00:00,0.0,0.0,0.0
2019-10-03 05:00:00,0.0,0.0,0.0
2019-10-03 06:00:00,0.0,0.0,0.0
2019-10-03 07:00:00,0.1006,0.0124,0.018771428571428574
2019-10-03 08:00:00,0.6785,0.0838,0.12505714285714287
2019-10-03 09:00:00,1.9565,0.2415,0.15804285714285715
2019-10-03 10:00:00,1.1272,0.1392,0.17652857142857142
2019-10-03 11:00:00,3.3698,0.416,0.31334285714285715
2019-10-03 12:00:00,1.7418,0.215,0.23525714285714283
2019-10-03 13:00:00,2.0593,0.2542,0.2016142857142857
2019-10-03 14:00:00,2.1561,0.2662,0.2044857142857143
2019-10-03 15:00:00,0.8636,0.1066,0.18862857142857145
2019-10-03 16:00:00,0.6969,0.086,0.1485
2019-10-03 17:00:00,0.0545,0.0067,0.07648571428571428
2019-10-03 18:00:00,0.0,0.0,0.0
2019-10-03 19:00:00,0.0,0.0,0.0
2019-10-03 20:00:00,0.0,0.0,0.0
2019-10-03 21:00:00,0.0,0.0,0.0
2019-10-03 22:00:00,0.0,0.0,0.0
2019-10-03 23:00:00,0.0,0.0,0.0
2019-10-04 00:00:00,0.0,0.0,0.0
2019-10-04 01:00:00,0.0,0.0,0.0
2019-10-04 02:00:00,0.0,0.0,0.0
2019-10-04 03:00:00,0.0,0.0,0.0
2019-10-04 04:00:00,0.0,0.0,0.0
2019-10-04 05:00:00,0.0,0.0,0.0
2019-10-04 06:00:00,0.0,0.0,0.0
2019-10-04 07:00:00,0.0214,0.0026,0.016585714285714287
2019-10-04 08:00:00,0.2955,0.0365,0.11557142857142857
2019-10-04 09:00:00,0.5323,0.0657,0.18792857142857142
2019-10-04 10:00:00,1.044,0.1289,0.17057142857142857
2019-10-04 11:00:00,0.7623,0.0941,0.29982857142857144
2019-10-04 12:00:00,1.5479,0.1911,0.21342857142857144
2019-10-04 13:00:00,0.5366,0.0662,0.24015714285714282
2019-10-04 14:00:00,0.9388,0.1159,0.20867142857142856
2019-10-04 15:00:00,0.6623,0.0818,0.16892857142857146
2019-10-04 16:00:00,0.5569,0.0688,0.13127142857142854
2019-10-04 17:00:00,0.4399,0.0543,0.07579999999999999
2019-10-04 18:00:00,0.0,0.0,0.0
2019-10-04 19:00:00,0.0,0.0,0.0
2019-10-04 20:00:00,0.0,0.0,0.0
2019-10-04 21:00:00,0.0,0.0,0.0
2019-10-04 22:00:00,0.0,0.0,0.0
2019-10-04 23:00:00,0.0,0.0,0.0
2019-10-05 00:00:00,0.0,0.0,0.0
2019-10-05 01:00:00,0.0,0.0,0.0
2019-10-05 02:00:00,0.0,0.0,0.0
2019-10-05 03:00:00,0.0,0.0,0.0
2019-10-05 04:00:00,0.0,0.0,0.0
2019-10-05 05:00:00,0.0,0.0,0.0
2019-10-05 06:00:00,0.0,0.0,0.0
2019-10-05 07:00:00,0.0,0.0,0.017528571428571428
2019-10-05 08:00:00,0.2552,0.0315,0.12187142857142856
2019-10-05 09:00:00,0.5877,0.0726,0.20572857142857143
2019-10-05 10:00:00,0.6603,0.0815,0.17864285714285713
2019-10-05 11:00:00,1.5009,0.1853,0.3446142857142857
2019-10-05 12:00:00,1.3358,0.1649,0.2327285714285714
2019-10-05 13:00:00,0.9724,0.12,0.2628714285714286
2019-10-05 14:00:00,1.0549,0.1302,0.21839999999999998
2019-10-05 15:00:00,1.5795,0.195,0.16694285714285714
2019-10-05 16:00:00,0.9686,0.1196,0.13434285714285712
2019-10-05 17:00:00,0.4245,0.0524,0.06871428571428571
2019-10-05 18:00:00,0.0,0.0,0.0
2019-10-05 19:00:00,0.0,0.0,0.0
2019-10-05 20:00:00,0.0,0.0,0.0
2019-10-05 21:00:00,0.0,0.0,0.0
2019-10-05 22:00:00,0.0,0.0,0.0
2019-10-05 23:00:00,0.0,0.0,0.0
2019-10-06 00:00:00,0.0,0.0,0.0
2019-10-06 01:00:00,0.0,0.0,0.0
2019-10-06 02:00:00,0.0,0.0,0.0
2019-10-06 03:00:00,0.0,0.0,0.0
2019-10-06 04:00:00,0.0,0.0,0.0
2019-10-06 05:00:00,0.0,0.0,0.0
2019-10-06 06:00:00,0.0,0.0,0.0
2019-10-06 07:00:00,0.0674,0.0083,0.012728571428571428
2019-10-06 08:00:00,0.3966,0.049,0.10027142857142857
2019-10-06 09:00:00,0.6133,0.0757,0.16454285714285716
2019-10-06 10:00:00,0.7473,0.0923,0.16624285714285714
2019-10-06 11:00:00,1.0662,0.1316,0.2741857142857143
2019-10-06 12:00:00,0.6713,0.0829,0.17832857142857142
2019-10-06 13:00:00,0.4817,0.0595,0.20667142857142856
2019-10-06 14:00:00,0.4142,0.0511,0.2249857142857143
2019-10-06 15:00:00,1.2844,0.1586,0.11397142857142858
2019-10-06 16:00:00,2.554,0.3153,0.09855714285714282
2019-10-06 17:00:00,0.4368,0.0539,0.06792857142857144
2019-10-06 18:00:00,0.0,0.0,0.0
2019-10-06 19:00:00,0.0,0.0,0.0
2019-10-06 20:00:00,0.0,0.0,0.0
2019-10-06 21:00:00,0.0,0.0,0.0
2019-10-06 22:00:00,0.0,0.0,0.0
2019-10-06 23:00:00,0.0,0.0,0.0
2019-10-07 00:00:00,0.0,0.0,0.0
2019-10-07 01:00:00,0.0,0.0,0.0
2019-10-07 02:00:00,0.0,0.0,0.0
2019-10-07 03:00:00,0.0,0.0,0.0
2019-10-07 04:00:00,0.0,0.0,0.0
2019-10-07 05:00:00,0.0,0.0,0.0
2019-10-07 06:00:00,0.0,0.0,0.0
2019-10-07 07:00:00,0.068,0.0084,0.007885714285714286
2019-10-07 08:00:00,1.5179,0.1874,0.07454285714285715
2019-10-07 09:00:00,2.3722,0.2929,0.15665714285714286
2019-10-07 10:00:00,4.0229,0.4967,0.1143
2019-10-07 11:00:00,2.8671,0.354,0.24837142857142855
2019-10-07 12:00:00,1.6619,0.2052,0.1723714285714286
2019-10-07 13:00:00,0.5026,0.0621,0.18087142857142857
2019-10-07 14:00:00,1.0212,0.1261,0.21377142857142856
2019-10-07 15:00:00,1.4215,0.1755,0.10254285714285714
2019-10-07 16:00:00,0.3489,0.0431,0.10435714285714283
2019-10-07 17:00:00,0.5227,0.0645,0.06498571428571429
2019-10-07 18:00:00,0.0,0.0,0.0
2019-10-07 19:00:00,0.0,0.0,0.0
2019-10-07 20:00:00,0.0,0.0,0.0
2019-10-07 21:00:00,0.0,0.0,0.0
2019-10-07 22:00:00,0.0,0.0,0.0
2019-10-07 23:00:00,0.0,0.0,0.0
2019-10-08 00:00:00,0.0,0.0,0.0
2019-10-08 01:00:00,0.0,0.0,0.0
2019-10-08 02:00:00,0.0,0.0,0.0
2019-10-08 03:00:00,0.0,0.0,0.0
2019-10-08 04:00:00,0.0,0.0,0.0
2019-10-08 05:00:00,0.0,0.0,0.0
2019-10-08 06:00:00,0.0,0.0,0.0
2019-10-08 07:00:00,0.0001,0.0,0.008714285714285714
2019-10-08 08:00:00,0.7096,0.0876,0.07551428571428571
2019-10-08 09:00:00,0.4667,0.0576,0.1604142857142857
2019-10-08 10:00:00,0.4191,0.0517,0.12314285714285714
2019-10-08 11:00:00,0.8178,0.101,0.2405
2019-10-08 12:00:00,1.5193,0.1876,0.16665714285714286
2019-10-08 13:00:00,0.8079,0.0997,0.17198571428571427
2019-10-08 14:00:00,0.6873,0.0848,0.18680000000000002
2019-10-08 15:00:00,0.8256,0.1019,0.11749999999999998
2019-10-08 16:00:00,1.5624,0.1929,0.1342285714285714
2019-10-08 17:00:00,0.2731,0.0337,0.05934285714285714
2019-10-08 18:00:00,0.0,0.0,0.0
2019-10-08 19:00:00,0.0,0.0,0.0
2019-10-08 20:00:00,0.0,0.0,0.0
2019-10-08 21:00:00,0.0,0.0,0.0
2019-10-08 22:00:00,0.0,0.0,0.0
2019-10-08 23:00:00,0.0,0.0,0.0
2019-10-09 00:00:00,0.0,0.0,0.0
2019-10-09 01:00:00,0.0,0.0,0.0
2019-10-09 02:00:00,0.0,0.0,0.0
2019-10-09 03:00:00,0.0,0.0,0.0
2019-10-09 04:00:00,0.0,0.0,0.0
2019-10-09 05:00:00,0.0,0.0,0.0
2019-10-09 06:00:00,0.0,0.0,0.0
2019-10-09 07:00:00,0.0,0.0,0.008714285714285714
2019-10-09 08:00:00,0.4704,0.0581,0.08635714285714287
2019-10-09 09:00:00,1.1277,0.1392,0.1686857142857143
2019-10-09 10:00:00,1.4226,0.1756,0.1853142857142857
2019-10-09 11:00:00,2.6697,0.3296,0.24412857142857144
2019-10-09 12:00:00,1.5192,0.1876,0.16245714285714286
2019-10-09 13:00:00,4.6289,0.5715,0.1513142857142857
2019-10-09 14:00:00,1.585,0.1957,0.1487
2019-10-09 15:00:00,1.7476,0.2158,0.11614285714285713
2019-10-09 16:00:00,0.4607,0.0569,0.11207142857142856
2019-10-09 17:00:00,0.7819,0.0965,0.052814285714285716
2019-10-09 18:00:00,0.0,0.0,0.0
2019-10-09 19:00:00,0.0,0.0,0.0
2019-10-09 20:00:00,0.0,0.0,0.0
2019-10-09 21:00:00,0.0,0.0,0.0
2019-10-09 22:00:00,0.0,0.0,0.0
2019-10-09 23:00:00,0.0,0.0,0.0
2019-10-10 00:00:00,0.0,0.0,0.0
2019-10-10 01:00:00,0.0,0.0,0.0
2019-10-10 02:00:00,0.0,0.0,0.0
2019-10-10 03:00:00,0.0,0.0,0.0
2019-10-10 04:00:00,0.0,0.0,0.0
2019-10-10 05:00:00,0.0,0.0,0.0
2019-10-10 06:00:00,0.0,0.0,0.0
2019-10-10 07:00:00,0.0,0.0,0.007057142857142857
2019-10-10 08:00:00,1.0167,0.1255,0.08227142857142858
2019-10-10 09:00:00,1.8324,0.2262,0.17267142857142856
2019-10-10 10:00:00,2.526,0.3118,0.17084285714285713
2019-10-10 11:00:00,1.9452,0.2401,0.20588571428571426
2019-10-10 12:00:00,1.2486,0.1541,0.17107142857142857
2019-10-10 13:00:00,2.89,0.3568,0.1513
2019-10-10 14:00:00,1.7357,0.2143,0.14315714285714284
2019-10-10 15:00:00,2.3382,0.2887,0.12148571428571428
2019-10-10 16:00:00,0.7521,0.0928,0.13179999999999997
2019-10-10 17:00:00,0.7868,0.0971,0.0489
2019-10-10 18:00:00,0.0,0.0,0.0
2019-10-10 19:00:00,0.0,0.0,0.0
2019-10-10 20:00:00,0.0,0.0,0.0
2019-10-10 21:00:00,0.0,0.0,0.0
2019-10-10 22:00:00,0.0,0.0,0.0
2019-10-10 23:00:00,0.0,0.0,0.0
2019-10-11 00:00:00,0.0,0.0,0.0
2019-10-11 01:00:00,0.0,0.0,0.0
2019-10-11 02:00:00,0.0,0.0,0.0
2019-10-11 03:00:00,0.0,0.0,0.0
2019-10-11 04:00:00,0.0,0.0,0.0
2019-10-11 05:00:00,0.0,0.0,0.0
2019-10-11 06:00:00,0.0,0.0,0.0
2019-10-11 07:00:00,0.0,0.0,0.004528571428571429
2019-10-11 08:00:00,0.5266,0.065,0.07627142857142857
2019-10-11 09:00:00,0.9271,0.1145,0.13502857142857144
2019-10-11 10:00:00,2.6165,0.323,0.16655714285714285
2019-10-11 11:00:00,0.9086,0.1122,0.23022857142857145
2019-10-11 12:00:00,2.1926,0.2707,0.17632857142857142
2019-10-11 13:00:00,1.1625,0.1435,0.1761714285714286
2019-10-11 14:00:00,1.6102,0.1988,0.13857142857142857
2019-10-11 15:00:00,1.3344,0.1647,0.14788571428571426
2019-10-11 16:00:00,0.6411,0.0791,0.12608571428571425
2019-10-11 17:00:00,0.3245,0.0401,0.05171428571428571
2019-10-11 18:00:00,0.0,0.0,0.0
2019-10-11 19:00:00,0.0,0.0,0.0
2019-10-11 20:00:00,0.0,0.0,0.0
2019-10-11 21:00:00,0.0,0.0,0.0
2019-10-11 22:00:00,0.0,0.0,0.0
2019-10-11 23:00:00,0.0,0.0,0.0
2019-10-12 00:00:00,0.0,0.0,0.0
2019-10-12 01:00:00,0.0,0.0,0.0
2019-10-12 02:00:00,0.0,0.0,0.0
2019-10-12 03:00:00,0.0,0.0,0.0
2019-10-12 04:00:00,0.0,0.0,0.0
2019-10-12 05:00:00,0.0,0.0,0.0
2019-10-12 06:00:00,0.0,0.0,0.0
2019-10-12 07:00:00,0.0,0.0,0.002757142857142857
2019-10-12 08:00:00,1.6466,0.2033,0.08222857142857143
2019-10-12 09:00:00,2.4042,0.2968,0.13284285714285712
2019-10-12 10:00:00,2.2872,0.2824,0.19121428571428573
2019-10-12 11:00:00,4.9674,0.6133,0.2051
2019-10-12 12:00:00,4.9592,0.6123,0.16762857142857143
2019-10-12 13:00:00,1.1573,0.1429,0.1908285714285714
2019-10-12 14:00:00,0.5176,0.0639,0.13115714285714283
2019-10-12 15:00:00,0.2034,0.0251,0.17389999999999997
2019-10-12 16:00:00,0.5623,0.0694,0.1270571428571428
2019-10-12 17:00:00,0.2616,0.0323,0.06462857142857144
2019-10-12 18:00:00,0.0,0.0,0.0
2019-10-12 19:00:00,0.0,0.0,0.0
2019-10-12 20:00:00,0.0,0.0,0.0
2019-10-12 21:00:00,0.0,0.0,0.0
2019-10-12 22:00:00,0.0,0.0,0.0
2019-10-12 23:00:00,0.0,0.0,0.0
2019-10-13 00:00:00,0.0,0.0,0.0
2019-10-13 01:00:00,0.0,0.0,0.0
2019-10-13 02:00:00,0.0,0.0,0.0
2019-10-13 03:00:00,0.0,0.0,0.0
2019-10-13 04:00:00,0.0,0.0,0.0
2019-10-13 05:00:00,0.0,0.0,0.0
2019-10-13 06:00:00,0.0,0.0,0.0
2019-10-13 07:00:00,0.0,0.0,0.0023857142857142857
2019-10-13 08:00:00,0.5371,0.0663,0.08630000000000002
2019-10-13 09:00:00,1.1053,0.1365,0.13981428571428572
2019-10-13 10:00:00,2.9066,0.3588,0.21894285714285713
2019-10-13 11:00:00,1.0167,0.1255,0.20768571428571428
2019-10-13 12:00:00,5.4052,0.6673,0.179
2019-10-13 13:00:00,5.0229,0.6201,0.20187142857142856
2019-10-13 14:00:00,4.4553,0.55,0.14300000000000002
2019-10-13 15:00:00,3.4413,0.4248,0.18574285714285715
2019-10-13 16:00:00,1.594,0.1968,0.1285285714285714
2019-10-13 17:00:00,0.4786,0.0591,0.0626
2019-10-13 18:00:00,0.0,0.0,0.0
2019-10-13 19:00:00,0.0,0.0,0.0
2019-10-13 20:00:00,0.0,0.0,0.0
2019-10-13 21:00:00,0.0,0.0,0.0
2019-10-13 22:00:00,0.0,0.0,0.0
2019-10-13 23:00:00,0.0,0.0,0.0
2019-10-14 00:00:00,0.0,0.0,0.0
2019-10-14 01:00:00,0.0,0.0,0.0
2019-10-14 02:00:00,0.0,0.0,0.0
2019-10-14 03:00:00,0.0,0.0,0.0
2019-10-14 04:00:00,0.0,0.0,0.0
2019-10-14 05:00:00,0.0,0.0,0.0
2019-10-14 06:00:00,0.0,0.0,0.0
2019-10-14 07:00:00,0.0,0.0,0.0023857142857142857
2019-10-14 08:00:00,0.9205,0.1136,0.11084285714285715
2019-10-14 09:00:00,0.9406,0.1161,0.17184285714285716
2019-10-14 10:00:00,0.611,0.0754,0.24764285714285714
2019-10-14 11:00:00,1.116,0.1378,0.2688285714285714
2019-10-14 12:00:00,4.3499,0.537,0.2429142857142857
2019-10-14 13:00:00,4.9891,0.6159,0.20514285714285713
2019-10-14 14:00:00,3.8395,0.474,0.1335285714285714
2019-10-14 15:00:00,3.1847,0.3932,0.16147142857142857
2019-10-14 16:00:00,2.0934,0.2584,0.12135714285714283
2019-10-14 17:00:00,0.4515,0.0557,0.05972857142857143
2019-10-14 18:00:00,0.0,0.0,0.0
2019-10-14 19:00:00,0.0,0.0,0.0
2019-10-14 20:00:00,0.0,0.0,0.0
2019-10-14 21:00:00,0.0,0.0,0.0
2019-10-14 22:00:00,0.0,0.0,0.0
2019-10-14 23:00:00,0.0,0.0,0.0
2019-10-15 00:00:00,0.0,0.0,0.0
2019-10-15 01:00:00,0.0,0.0,0.0
2019-10-15 02:00:00,0.0,0.0,0.0
2019-10-15 03:00:00,0.0,0.0,0.0
2019-10-15 04:00:00,0.0,0.0,0.0
2019-10-15 05:00:00,0.0,0.0,0.0
2019-10-15 06:00:00,0.0,0.0,0.0
2019-10-15 07:00:00,0.0,0.0,0.0012
2019-10-15 08:00:00,0.4454,0.055,0.11331428571428571
2019-10-15 09:00:00,0.7051,0.0871,0.18052857142857143
2019-10-15 10:00:00,0.4445,0.0549,0.2857142857142857
2019-10-15 11:00:00,0.5234,0.0646,0.26795714285714284
2019-10-15 12:00:00,1.654,0.2042,0.32639999999999997
2019-10-15 13:00:00,1.5069,0.186,0.28522857142857144
2019-10-15 14:00:00,0.6887,0.085,0.20480000000000004
2019-10-15 15:00:00,0.5519,0.0681,0.1995
2019-10-15 16:00:00,0.534,0.0659,0.1044285714285714
2019-10-15 17:00:00,0.0,0.0,0.06047142857142857
2019-10-15 18:00:00,0.0,0.0,0.0
2019-10-15 19:00:00,0.0,0.0,0.0
2019-10-15 20:00:00,0.0,0.0,0.0
2019-10-15 21:00:00,0.0,0.0,0.0
2019-10-15 22:00:00,0.0,0.0,0.0
2019-10-15 23:00:00,0.0,0.0,0.0
2019-10-16 00:00:00,0.0,0.0,0.0
2019-10-16 01:00:00,0.0,0.0,0.0
2019-10-16 02:00:00,0.0,0.0,0.0
2019-10-16 03:00:00,0.0,0.0,0.0
2019-10-16 04:00:00,0.0,0.0,0.0
2019-10-16 05:00:00,0.0,0.0,0.0
2019-10-16 06:00:00,0.0,0.0,0.0
2019-10-16 07:00:00,0.0,0.0,0.0
2019-10-16 08:00:00,1.3766,0.1699,0.10277142857142858
2019-10-16 09:00:00,3.1999,0.395,0.15527142857142856
2019-10-16 10:00:00,1.3835,0.1708,0.22552857142857144
2019-10-16 11:00:00,1.8157,0.2242,0.23707142857142857
2019-10-16 12:00:00,1.6064,0.1983,0.3738
2019-10-16 13:00:00,2.2602,0.279,0.36434285714285713
2019-10-16 14:00:00,1.2134,0.1498,0.2545
2019-10-16 15:00:00,0.3505,0.0433,0.2306
2019-10-16 16:00:00,0.8975,0.1108,0.13518571428571424
2019-10-16 17:00:00,0.2002,0.0247,0.05921428571428571
2019-10-16 18:00:00,0.0,0.0,0.0
2019-10-16 19:00:00,0.0,0.0,0.0
2019-10-16 20:00:00,0.0,0.0,0.0
2019-10-16 21:00:00,0.0,0.0,0.0
2019-10-16 22:00:00,0.0,0.0,0.0
2019-10-16 23:00:00,0.0,0.0,0.0
2019-10-17 00:00:00,0.0,0.0,0.0
2019-10-17 01:00:00,0.0,0.0,0.0
2019-10-17 02:00:00,0.0,0.0,0.0
2019-10-17 03:00:00,0.0,0.0,0.0
2019-10-17 04:00:00,0.0,0.0,0.0
2019-10-17 05:00:00,0.0,0.0,0.0
2019-10-17 06:00:00,0.0,0.0,0.0
2019-10-17 07:00:00,0.0,0.0,0.0
2019-10-17 08:00:00,0.4629,0.0571,0.09811428571428572
2019-10-17 09:00:00,0.3292,0.0406,0.15948571428571426
2019-10-17 10:00:00,1.9242,0.2376,0.2259857142857143
2019-10-17 11:00:00,2.5399,0.3136,0.23187142857142856
2019-10-17 12:00:00,0.9725,0.1201,0.37617142857142855
2019-10-17 13:00:00,1.3887,0.1714,0.37667142857142855
2019-10-17 14:00:00,2.4982,0.3084,0.25452857142857144
2019-10-17 15:00:00,0.2616,0.0323,0.22577142857142857
2019-10-17 16:00:00,0.0537,0.0066,0.11704285714285712
2019-10-17 17:00:00,0.1726,0.0213,0.054400000000000004
2019-10-17 18:00:00,0.0,0.0,0.0
2019-10-17 19:00:00,0.0,0.0,0.0
2019-10-17 20:00:00,0.0,0.0,0.0
2019-10-17 21:00:00,0.0,0.0,0.0
2019-10-17 22:00:00,0.0,0.0,0.0
2019-10-17 23:00:00,0.0,0.0,0.0
2019-10-18 00:00:00,0.0,0.0,0.0
2019-10-18 01:00:00,0.0,0.0,0.0
2019-10-18 02:00:00,0.0,0.0,0.0
2019-10-18 03:00:00,0.0,0.0,0.0
2019-10-18 04:00:00,0.0,0.0,0.0
2019-10-18 05:00:00,0.0,0.0,0.0
2019-10-18 06:00:00,0.0,0.0,0.0
2019-10-18 07:00:00,0.0,0.0,0.0
2019-10-18 08:00:00,0.7769,0.0959,0.11408571428571428
2019-10-18 09:00:00,3.0955,0.3822,0.19602857142857144
2019-10-18 10:00:00,0.7456,0.0921,0.2253
2019-10-18 11:00:00,0.5693,0.0703,0.21681428571428568
2019-10-18 12:00:00,1.5019,0.1854,0.3777
2019-10-18 13:00:00,0.987,0.1219,0.33488571428571434
2019-10-18 14:00:00,4.627,0.5712,0.24797142857142856
2019-10-18 15:00:00,3.4837,0.4301,0.2011285714285714
2019-10-18 16:00:00,1.9843,0.245,0.12474285714285713
2019-10-18 17:00:00,0.3533,0.0436,0.04414285714285714
2019-10-18 18:00:00,0.0,0.0,0.0
2019-10-18 19:00:00,0.0,0.0,0.0
2019-10-18 20:00:00,0.0,0.0,0.0
2019-10-18 21:00:00,0.0,0.0,0.0
2019-10-18 22:00:00,0.0,0.0,0.0
2019-10-18 23:00:00,0.0,0.0,0.0
2019-10-19 00:00:00,0.0,0.0,0.0
2019-10-19 01:00:00,0.0,0.0,0.0
2019-10-19 02:00:00,0.0,0.0,0.0
2019-10-19 03:00:00,0.0,0.0,0.0
2019-10-19 04:00:00,0.0,0.0,0.0
2019-10-19 05:00:00,0.0,0.0,0.0
2019-10-19 06:00:00,0.0,0.0,0.0
2019-10-19 07:00:00,0.0,0.0,0.0
2019-10-19 08:00:00,0.1294,0.016,0.10431428571428572
2019-10-19 09:00:00,1.231,0.152,0.16951428571428573
2019-10-19 10:00:00,1.8418,0.2274,0.21469999999999997
2019-10-19 11:00:00,2.096,0.2588,0.22731428571428566
2019-10-19 12:00:00,3.0827,0.3806,0.3728428571428571
2019-10-19 13:00:00,0.5107,0.0631,0.30839999999999995
2019-10-19 14:00:00,0.33,0.0407,0.2614142857142857
2019-10-19 15:00:00,0.57,0.0704,0.1645
2019-10-19 16:00:00,0.3528,0.0436,0.11242857142857139
2019-10-19 17:00:00,0.0497,0.0061,0.03331428571428571
2019-10-19 18:00:00,0.0,0.0,0.0
2019-10-19 19:00:00,0.0,0.0,0.0
2019-10-19 20:00:00,0.0,0.0,0.0
2019-10-19 21:00:00,0.0,0.0,0.0
2019-10-19 22:00:00,0.0,0.0,0.0
2019-10-19 23:00:00,0.0,0.0,0.0
2019-10-20 00:00:00,0.0,0.0,0.0
2019-10-20 01:00:00,0.0,0.0,0.0
2019-10-20 02:00:00,0.0,0.0,0.0
2019-10-20 03:00:00,0.0,0.0,0.0
2019-10-20 04:00:00,0.0,0.0,0.0
2019-10-20 05:00:00,0.0,0.0,0.0
2019-10-20 06:00:00,0.0,0.0,0.0
2019-10-20 07:00:00,0.0,0.0,0.0
2019-10-20 08:00:00,0.0207,0.0026,0.10872857142857142
2019-10-20 09:00:00,0.2038,0.0252,0.20775714285714283
2019-10-20 10:00:00,0.4249,0.0525,0.18171428571428572
2019-10-20 11:00:00,0.4781,0.059,0.2213285714285714
2019-10-20 12:00:00,0.4116,0.0508,0.36065714285714284
2019-10-20 13:00:00,0.472,0.0583,0.3053142857142857
2019-10-20 14:00:00,0.4656,0.0575,0.31461428571428574
2019-10-20 15:00:00,0.3316,0.0409,0.2024142857142857
2019-10-20 16:00:00,0.1495,0.0185,0.1361285714285714
2019-10-20 17:00:00,0.0,0.0,0.03381428571428571
2019-10-20 18:00:00,0.0,0.0,0.0
2019-10-20 19:00:00,0.0,0.0,0.0
2019-10-20 20:00:00,0.0,0.0,0.0
2019-10-20 21:00:00,0.0,0.0,0.0
2019-10-20 22:00:00,0.0,0.0,0.0
2019-10-20 23:00:00,0.0,0.0,0.0
2019-10-21 00:00:00,0.0,0.0,0.0
2019-10-21 01:00:00,0.0,0.0,0.0
2019-10-21 02:00:00,0.0,0.0,0.0
2019-10-21 03:00:00,0.0,0.0,0.0
2019-10-21 04:00:00,0.0,0.0,0.0
2019-10-21 05:00:00,0.0,0.0,0.0
2019-10-21 06:00:00,0.0,0.0,0.0
2019-10-21 07:00:00,0.0,0.0,0.0
2019-10-21 08:00:00,1.3563,0.1674,0.08197142857142858
2019-10-21 09:00:00,2.7171,0.3354,0.18707142857142858
2019-10-21 10:00:00,0.5896,0.0728,0.17385714285714288
2019-10-21 11:00:00,2.4109,0.2976,0.17068571428571427
2019-10-21 12:00:00,1.5862,0.1958,0.3275571428571428
2019-10-21 13:00:00,1.2339,0.1523,0.2939142857142857
2019-10-21 14:00:00,0.4629,0.0571,0.3113
2019-10-21 15:00:00,0.5094,0.0629,0.20888571428571429
2019-10-21 16:00:00,0.5269,0.0651,0.1324428571428571
2019-10-21 17:00:00,0.0,0.0,0.030071428571428572
2019-10-21 18:00:00,0.0,0.0,0.0
2019-10-21 19:00:00,0.0,0.0,0.0
2019-10-21 20:00:00,0.0,0.0,0.0
2019-10-21 21:00:00,0.0,0.0,0.0
2019-10-21 22:00:00,0.0,0.0,0.0
2019-10-21 23:00:00,0.0,0.0,0.0
2019-10-22 00:00:00,0.0,0.0,0.0
2019-10-22 01:00:00,0.0,0.0,0.0
2019-10-22 02:00:00,0.0,0.0,0.0
2019-10-22 03:00:00,0.0,0.0,0.0
2019-10-22 04:00:00,0.0,0.0,0.0
2019-10-22 05:00:00,0.0,0.0,0.0
2019-10-22 06:00:00,0.0,0.0,0.0
2019-10-22 07:00:00,0.0,0.0,0.0
2019-10-22 08:00:00,0.7099,0.0876,0.07287142857142857
2019-10-22 09:00:00,2.8393,0.3505,0.17117142857142856
2019-10-22 10:00:00,1.8648,0.2302,0.13010000000000002
2019-10-22 11:00:00,3.3469,0.4132,0.1611857142857143
2019-10-22 12:00:00,0.6952,0.0858,0.2394857142857143
2019-10-22 13:00:00,3.0023,0.3707,0.21365714285714285
2019-10-22 14:00:00,2.7635,0.3412,0.24094285714285713
2019-10-22 15:00:00,1.7711,0.2187,0.15404285714285715
2019-10-22 16:00:00,1.7035,0.2103,0.10697142857142854
2019-10-22 17:00:00,0.0043,0.0005,0.02162857142857143
2019-10-22 18:00:00,0.0,0.0,0.0
2019-10-22 19:00:00,0.0,0.0,0.0
2019-10-22 20:00:00,0.0,0.0,0.0
2019-10-22 21:00:00,0.0,0.0,0.0
2019-10-22 22:00:00,0.0,0.0,0.0
2019-10-22 23:00:00,0.0,0.0,0.0
2019-10-23 00:00:00,0.0,0.0,0.0
2019-10-23 01:00:00,0.0,0.0,0.0
2019-10-23 02:00:00,0.0,0.0,0.0
2019-10-23 03:00:00,0.0,0.0,0.0
2019-10-23 04:00:00,0.0,0.0,0.0
2019-10-23 05:00:00,0.0,0.0,0.0
2019-10-23 06:00:00,0.0,0.0,0.0
2019-10-23 07:00:00,0.0,0.0,0.0
2019-10-23 08:00:00,0.5249,0.0648,0.08055714285714285
2019-10-23 09:00:00,1.1682,0.1442,0.20249999999999999
2019-10-23 10:00:00,3.9548,0.4882,0.12972857142857144
2019-10-23 11:00:00,4.7506,0.5865,0.1840142857142857
2019-10-23 12:00:00,4.8638,0.6005,0.19074285714285716
2019-10-23 13:00:00,4.1454,0.5118,0.14742857142857144
2019-10-23 14:00:00,3.9537,0.4881,0.18138571428571432
2019-10-23 15:00:00,2.9415,0.3631,0.10685714285714286
2019-10-23 16:00:00,1.5414,0.1903,0.07935714285714282
2019-10-23 17:00:00,0.0,0.0,0.013671428571428572
2019-10-23 18:00:00,0.0,0.0,0.0
2019-10-23 19:00:00,0.0,0.0,0.0
2019-10-23 20:00:00,0.0,0.0,0.0
2019-10-23 21:00:00,0.0,0.0,0.0
2019-10-23 22:00:00,0.0,0.0,0.0
2019-10-23 23:00:00,0.0,0.0,0.0
2019-10-24 00:00:00,0.0,0.0,0.0
2019-10-24 01:00:00,0.0,0.0,0.0
2019-10-24 02:00:00,0.0,0.0,0.0
2019-10-24 03:00:00,0.0,0.0,0.0
2019-10-24 04:00:00,0.0,0.0,0.0
2019-10-24 05:00:00,0.0,0.0,0.0
2019-10-24 06:00:00,0.0,0.0,0.0
2019-10-24 07:00:00,0.0,0.0,0.0
2019-10-24 08:00:00,0.315,0.0389,0.0852142857142857
2019-10-24 09:00:00,0.4964,0.0613,0.2401285714285714
2019-10-24 10:00:00,0.4196,0.0518,0.1547714285714286
2019-10-24 11:00:00,0.4906,0.0606,0.23381428571428572
2019-10-24 12:00:00,4.6686,0.5764,0.17382857142857142
2019-10-24 13:00:00,4.7756,0.5896,0.1738142857142857
2019-10-24 14:00:00,4.1176,0.5083,0.21798571428571428
2019-10-24 15:00:00,2.5499,0.3148,0.12837142857142855
2019-10-24 16:00:00,0.8849,0.1092,0.09998571428571425
2019-10-24 17:00:00,0.0,0.0,0.013742857142857143
2019-10-24 18:00:00,0.0,0.0,0.0
2019-10-24 19:00:00,0.0,0.0,0.0
2019-10-24 20:00:00,0.0,0.0,0.0
2019-10-24 21:00:00,0.0,0.0,0.0
2019-10-24 22:00:00,0.0,0.0,0.0
2019-10-24 23:00:00,0.0,0.0,0.0
2019-10-25 00:00:00,0.0,0.0,0.0
2019-10-25 01:00:00,0.0,0.0,0.0
2019-10-25 02:00:00,0.0,0.0,0.0
2019-10-25 03:00:00,0.0,0.0,0.0
2019-10-25 04:00:00,0.0,0.0,0.0
2019-10-25 05:00:00,0.0,0.0,0.0
2019-10-25 06:00:00,0.0,0.0,0.0
2019-10-25 07:00:00,0.0,0.0,0.0
2019-10-25 08:00:00,0.5662,0.0699,0.0702
2019-10-25 09:00:00,1.5952,0.1969,0.20429999999999998
2019-10-25 10:00:00,3.7625,0.4645,0.20011428571428572
2019-10-25 11:00:00,4.4774,0.5528,0.2855714285714286
2019-10-25 12:00:00,3.4131,0.4214,0.23128571428571432
2019-10-25 13:00:00,3.6762,0.4539,0.20707142857142857
2019-10-25 14:00:00,3.7365,0.4613,0.2663142857142857
2019-10-25 15:00:00,2.4269,0.2996,0.17405714285714285
2019-10-25 16:00:00,0.8605,0.1062,0.1113428571428571
2019-10-25 17:00:00,0.0,0.0,0.010214285714285716
2019-10-25 18:00:00,0.0,0.0,0.0
2019-10-25 19:00:00,0.0,0.0,0.0
2019-10-25 20:00:00,0.0,0.0,0.0
2019-10-25 21:00:00,0.0,0.0,0.0
2019-10-25 22:00:00,0.0,0.0,0.0
2019-10-25 23:00:00,0.0,0.0,0.0
2019-10-26 00:00:00,0.0,0.0,0.0
2019-10-26 01:00:00,0.0,0.0,0.0
2019-10-26 02:00:00,0.0,0.0,0.0
2019-10-26 03:00:00,0.0,0.0,0.0
2019-10-26 04:00:00,0.0,0.0,0.0
2019-10-26 05:00:00,0.0,0.0,0.0
2019-10-26 06:00:00,0.0,0.0,0.0
2019-10-26 07:00:00,0.0,0.0,0.0
2019-10-26 08:00:00,0.8047,0.0993,0.06760000000000001
2019-10-26 09:00:00,2.5194,0.311,0.20725714285714283
2019-10-26 10:00:00,3.8934,0.4807,0.17357142857142854
2019-10-26 11:00:00,4.7015,0.5804,0.24942857142857142
2019-10-26 12:00:00,4.9488,0.611,0.29647142857142855
2019-10-26 13:00:00,4.4274,0.5466,0.2668142857142857
2019-10-26 14:00:00,3.5821,0.4422,0.29487142857142856
2019-10-26 15:00:00,1.5936,0.1967,0.21441428571428572
2019-10-26 16:00:00,0.7448,0.0919,0.12599999999999997
2019-10-26 17:00:00,0.0,0.0,0.007171428571428572
2019-10-26 18:00:00,0.0,0.0,0.0
2019-10-26 19:00:00,0.0,0.0,0.0
2019-10-26 20:00:00,0.0,0.0,0.0
2019-10-26 21:00:00,0.0,0.0,0.0
2019-10-26 22:00:00,0.0,0.0,0.0
2019-10-26 23:00:00,0.0,0.0,0.0
2019-10-27 00:00:00,0.0,0.0,0.0
2019-10-27 01:00:00,0.0,0.0,0.0
2019-10-27 02:00:00,0.0,0.0,0.0
2019-10-27 03:00:00,0.0,0.0,0.0
2019-10-27 04:00:00,0.0,0.0,0.0
2019-10-27 05:00:00,0.0,0.0,0.0
2019-10-27 06:00:00,0.0,0.0,0.0
2019-10-27 07:00:00,0.0,0.0,0.0
2019-10-27 08:00:00,0.1311,0.0162,0.06388571428571428
2019-10-27 09:00:00,0.3631,0.0448,0.1807857142857143
2019-10-27 10:00:00,0.3224,0.0398,0.2267714285714286
2019-10-27 11:00:00,0.8828,0.109,0.31835714285714284
2019-10-27 12:00:00,0.8537,0.1054,0.3301857142857143
2019-10-27 13:00:00,1.2407,0.1532,0.31424285714285716
2019-10-27 14:00:00,0.3012,0.0372,0.27917142857142857
2019-10-27 15:00:00,0.7369,0.091,0.19577142857142857
2019-10-27 16:00:00,0.1786,0.022,0.10617142857142856
2019-10-27 17:00:00,0.0,0.0,0.0009428571428571429
2019-10-27 18:00:00,0.0,0.0,0.0
2019-10-27 19:00:00,0.0,0.0,0.0
2019-10-27 20:00:00,0.0,0.0,0.0
2019-10-27 21:00:00,0.0,0.0,0.0
2019-10-27 22:00:00,0.0,0.0,0.0
2019-10-27 23:00:00,0.0,0.0,0.0
2019-10-28 00:00:00,0.0,0.0,0.0
2019-10-28 01:00:00,0.0,0.0,0.0
2019-10-28 02:00:00,0.0,0.0,0.0
2019-10-28 03:00:00,0.0,0.0,0.0
2019-10-28 04:00:00,0.0,0.0,0.0
2019-10-28 05:00:00,0.0,0.0,0.0
2019-10-28 06:00:00,0.0,0.0,0.0
2019-10-28 07:00:00,0.0,0.0,0.0
2019-10-28 08:00:00,1.0637,0.1313,0.07578571428571428
2019-10-28 09:00:00,2.8569,0.3527,0.2035
2019-10-28 10:00:00,3.998,0.4936,0.26295714285714283
2019-10-28 11:00:00,4.7157,0.5822,0.3643
2019-10-28 12:00:00,3.2732,0.4041,0.36310000000000003
2019-10-28 13:00:00,1.9743,0.2437,0.3833142857142858
2019-10-28 14:00:00,1.6774,0.2071,0.3365285714285714
2019-10-28 15:00:00,2.506,0.3094,0.21381428571428573
2019-10-28 16:00:00,1.189,0.1468,0.11307142857142853
2019-10-28 17:00:00,0.0,0.0,7.142857142857143e-05
2019-10-28 18:00:00,0.0,0.0,0.0
2019-10-28 19:00:00,0.0,0.0,0.0
2019-10-28 20:00:00,0.0,0.0,0.0
2019-10-28 21:00:00,0.0,0.0,0.0
2019-10-28 22:00:00,0.0,0.0,0.0
2019-10-28 23:00:00,0.0,0.0,0.0
2019-10-29 00:00:00,0.0,0.0,0.0
2019-10-29 01:00:00,0.0,0.0,0.0
2019-10-29 02:00:00,0.0,0.0,0.0
2019-10-29 03:00:00,0.0,0.0,0.0
2019-10-29 04:00:00,0.0,0.0,0.0
2019-10-29 05:00:00,0.0,0.0,0.0
2019-10-29 06:00:00,0.0,0.0,0.0
2019-10-29 07:00:00,0.0,0.0,0.0
2019-10-29 08:00:00,0.2366,0.0292,0.07772857142857141
2019-10-29 09:00:00,1.1754,0.1451,0.20629999999999998
2019-10-29 10:00:00,1.5777,0.1948,0.2611428571428572
2019-10-29 11:00:00,4.1203,0.5087,0.37144285714285713
2019-10-29 12:00:00,3.9975,0.4935,0.37089999999999995
2019-10-29 13:00:00,3.3466,0.4132,0.3968714285714286
2019-10-29 14:00:00,3.4103,0.421,0.33362857142857144
2019-10-29 15:00:00,0.9637,0.119,0.22097142857142857
2019-10-29 16:00:00,0.358,0.0442,0.11357142857142853
2019-10-29 17:00:00,0.0,0.0,7.142857142857143e-05
2019-10-29 18:00:00,0.0,0.0,0.0
2019-10-29 19:00:00,0.0,0.0,0.0
2019-10-29 20:00:00,0.0,0.0,0.0
2019-10-29 21:00:00,0.0,0.0,0.0
2019-10-29 22:00:00,0.0,0.0,0.0
2019-10-29 23:00:00,0.0,0.0,0.0
2019-10-30 00:00:00,0.0,0.0,0.0
2019-10-30 01:00:00,0.0,0.0,0.0
2019-10-30 02:00:00,0.0,0.0,0.0
2019-10-30 03:00:00,0.0,0.0,0.0
2019-10-30 04:00:00,0.0,0.0,0.0
2019-10-30 05:00:00,0.0,0.0,0.0
2019-10-30 06:00:00,0.0,0.0,0.0
2019-10-30 07:00:00,0.0,0.0,0.0
2019-10-30 08:00:00,0.3725,0.046,0.07257142857142858
2019-10-30 09:00:00,1.0109,0.1248,0.20877142857142855
2019-10-30 10:00:00,1.2021,0.1484,0.32125714285714285
2019-10-30 11:00:00,1.6327,0.2016,0.4121000000000001
2019-10-30 12:00:00,2.7268,0.3366,0.4006571428571429
2019-10-30 13:00:00,3.0315,0.3743,0.4099285714285714
2019-10-30 14:00:00,1.3438,0.1659,0.3550571428571429
2019-10-30 15:00:00,1.3819,0.1706,0.2561857142857143
2019-10-30 16:00:00,1.0167,0.1255,0.12524285714285713
2019-10-30 17:00:00,0.0,0.0,7.142857142857143e-05
2019-10-30 18:00:00,0.0,0.0,0.0
2019-10-30 19:00:00,0.0,0.0,0.0
2019-10-30 20:00:00,0.0,0.0,0.0
2019-10-30 21:00:00,0.0,0.0,0.0
2019-10-30 22:00:00,0.0,0.0,0.0
2019-10-30 23:00:00,0.0,0.0,0.0
2019-10-31 00:00:00,0.0,0.0,0.0
2019-10-31 01:00:00,0.0,0.0,0.0
2019-10-31 02:00:00,0.0,0.0,0.0
2019-10-31 03:00:00,0.0,0.0,0.0
2019-10-31 04:00:00,0.0,0.0,0.0
2019-10-31 05:00:00,0.0,0.0,0.0
2019-10-31 06:00:00,0.0,0.0,0.0
2019-10-31 07:00:00,0.0,0.0,0.0
2019-10-31 08:00:00,0.8751,0.108,0.06422857142857143
2019-10-31 09:00:00,2.8408,0.3507,0.17942857142857144
2019-10-31 10:00:00,4.1784,0.5159,0.3162
2019-10-31 11:00:00,4.9233,0.6078,0.42574285714285715
2019-10-31 12:00:00,5.2831,0.6522,0.4589
2019-10-31 13:00:00,4.9872,0.6157,0.416
2019-10-31 14:00:00,4.2102,0.5198,0.36645714285714287
2019-10-31 15:00:00,3.3008,0.4075,0.24194285714285715
2019-10-31 16:00:00,1.6842,0.2079,0.10151428571428568
2019-10-31 17:00:00,0.0,0.0,0.0
2019-10-31 18:00:00,0.0,0.0,0.0
2019-10-31 19:00:00,0.0,0.0,0.0
2019-10-31 20:00:00,0.0,0.0,0.0
2019-10-31 21:00:00,0.0,0.0,0.0
2019-10-31 22:00:00,0.0,0.0,0.0
2019-10-31 23:00:00,0.0,0.0,0.0
2019-11-01 00:00:00,0.0,0.0,0.0
2019-11-01 01:00:00,0.0,0.0,0.0
2019-11-01 02:00:00,0.0,0.0,0.0
2019-11-01 03:00:00,0.0,0.0,0.0
2019-11-01 04:00:00,0.0,0.0,0.0
2019-11-01 05:00:00,0.0,0.0,0.0
2019-11-01 06:00:00,0.0,0.0,0.0
2019-11-01 07:00:00,0.0,0.0,0.0
2019-11-01 08:00:00,0.0971,0.012,0.061542857142857135
2019-11-01 09:00:00,0.4231,0.0522,0.17665714285714285
2019-11-01 10:00:00,0.4244,0.0524,0.26765714285714287
2019-11-01 11:00:00,0.5114,0.0631,0.37075714285714284
2019-11-01 12:00:00,0.2459,0.0304,0.4212000000000001
2019-11-01 13:00:00,0.5281,0.0652,0.3963571428571428
2019-11-01 14:00:00,0.5132,0.0634,0.32042857142857145
2019-11-01 15:00:00,0.7722,0.0953,0.21444285714285713
2019-11-01 16:00:00,0.1901,0.0235,0.09225714285714282
2019-11-01 17:00:00,0.0,0.0,0.0
2019-11-01 18:00:00,0.0,0.0,0.0
2019-11-01 19:00:00,0.0,0.0,0.0
2019-11-01 20:00:00,0.0,0.0,0.0
2019-11-01 21:00:00,0.0,0.0,0.0
2019-11-01 22:00:00,0.0,0.0,0.0
2019-11-01 23:00:00,0.0,0.0,0.0
2019-11-02 00:00:00,0.0,0.0,0.0
2019-11-02 01:00:00,0.0,0.0,0.0
2019-11-02 02:00:00,0.0,0.0,0.0
2019-11-02 03:00:00,0.0,0.0,0.0
2019-11-02 04:00:00,0.0,0.0,0.0
2019-11-02 05:00:00,0.0,0.0,0.0
2019-11-02 06:00:00,0.0,0.0,0.0
2019-11-02 07:00:00,0.0,0.0,0.0
2019-11-02 08:00:00,0.1461,0.018,0.07141428571428572
2019-11-02 09:00:00,0.2556,0.0315,0.218
2019-11-02 10:00:00,0.5955,0.0735,0.33395714285714284
2019-11-02 11:00:00,1.6035,0.198,0.44892857142857145
2019-11-02 12:00:00,3.9965,0.4934,0.43202857142857143
2019-11-02 13:00:00,2.0344,0.2512,0.4000857142857143
2019-11-02 14:00:00,1.3983,0.1726,0.3220714285714286
2019-11-02 15:00:00,1.0413,0.1286,0.22768571428571427
2019-11-02 16:00:00,1.4716,0.1817,0.10635714285714283
2019-11-02 17:00:00,0.0,0.0,0.0
2019-11-02 18:00:00,0.0,0.0,0.0
2019-11-02 19:00:00,0.0,0.0,0.0
2019-11-02 20:00:00,0.0,0.0,0.0
2019-11-02 21:00:00,0.0,0.0,0.0
2019-11-02 22:00:00,0.0,0.0,0.0
2019-11-02 23:00:00,0.0,0.0,0.0
2019-11-03 00:00:00,0.0,0.0,0.0
2019-11-03 01:00:00,0.0,0.0,0.0
2019-11-03 02:00:00,0.0,0.0,0.0
2019-11-03 03:00:00,0.0,0.0,0.0
2019-11-03 04:00:00,0.0,0.0,0.0
2019-11-03 05:00:00,0.0,0.0,0.0
2019-11-03 06:00:00,0.0,0.0,0.0
2019-11-03 07:00:00,0.0,0.0,0.0
2019-11-03 08:00:00,0.3802,0.0469,0.06314285714285714
2019-11-03 09:00:00,1.4526,0.1793,0.19732857142857144
2019-11-03 10:00:00,1.254,0.1548,0.27508571428571427
2019-11-03 11:00:00,2.2856,0.2822,0.37897142857142857
2019-11-03 12:00:00,2.6079,0.322,0.37617142857142855
2019-11-03 13:00:00,2.012,0.2484,0.3445571428571429
2019-11-03 14:00:00,1.9047,0.2351,0.2652285714285714
2019-11-03 15:00:00,0.4631,0.0572,0.19849999999999998
2019-11-03 16:00:00,0.278,0.0343,0.09454285714285712
2019-11-03 17:00:00,0.0,0.0,0.0
2019-11-03 18:00:00,0.0,0.0,0.0
2019-11-03 19:00:00,0.0,0.0,0.0
2019-11-03 20:00:00,0.0,0.0,0.0
2019-11-03 21:00:00,0.0,0.0,0.0
2019-11-03 22:00:00,0.0,0.0,0.0
2019-11-03 23:00:00,0.0,0.0,0.0
2019-11-04 00:00:00,0.0,0.0,0.0
2019-11-04 01:00:00,0.0,0.0,0.0
2019-11-04 02:00:00,0.0,0.0,0.0
2019-11-04 03:00:00,0.0,0.0,0.0
2019-11-04 04:00:00,0.0,0.0,0.0
2019-11-04 05:00:00,0.0,0.0,0.0
2019-11-04 06:00:00,0.0,0.0,0.0
2019-11-04 07:00:00,0.0,0.0,0.0
2019-11-04 08:00:00,0.2505,0.0309,0.05152857142857143
2019-11-04 09:00:00,1.9809,0.2446,0.1574
2019-11-04 10:00:00,0.6947,0.0858,0.2169142857142857
2019-11-04 11:00:00,0.2263,0.0279,0.32434285714285715
2019-11-04 12:00:00,0.693,0.0856,0.35937142857142856
2019-11-04 13:00:00,0.4226,0.0522,0.3023571428571428
2019-11-04 14:00:00,2.6266,0.3243,0.2267142857142857
2019-11-04 15:00:00,1.2428,0.1534,0.18877142857142856
2019-11-04 16:00:00,1.5398,0.1901,0.10737142857142853
2019-11-04 17:00:00,0.0,0.0,0.0
2019-11-04 18:00:00,0.0,0.0,0.0
2019-11-04 19:00:00,0.0,0.0,0.0
2019-11-04 20:00:00,0.0,0.0,0.0
2019-11-04 21:00:00,0.0,0.0,0.0
2019-11-04 22:00:00,0.0,0.0,0.0
2019-11-04 23:00:00,0.0,0.0,0.0
2019-11-05 00:00:00,0.0,0.0,0.0
2019-11-05 01:00:00,0.0,0.0,0.0
2019-11-05 02:00:00,0.0,0.0,0.0
2019-11-05 03:00:00,0.0,0.0,0.0
2019-11-05 04:00:00,0.0,0.0,0.0
2019-11-05 05:00:00,0.0,0.0,0.0
2019-11-05 06:00:00,0.0,0.0,0.0
2019-11-05 07:00:00,0.0,0.0,0.0
2019-11-05 08:00:00,0.0,0.0,0.05591428571428571
2019-11-05 09:00:00,0.8813,0.1088,0.1766142857142857
2019-11-05 10:00:00,1.8196,0.2246,0.23334285714285713
2019-11-05 11:00:00,2.3206,0.2865,0.3490857142857143
2019-11-05 12:00:00,1.7129,0.2115,0.3903142857142857
2019-11-05 13:00:00,2.0377,0.2516,0.3159571428571429
2019-11-05 14:00:00,0.4629,0.0571,0.2549857142857143
2019-11-05 15:00:00,0.8249,0.1018,0.18394285714285713
2019-11-05 16:00:00,0.1508,0.0186,0.1091285714285714
2019-11-05 17:00:00,0.0,0.0,0.0
2019-11-05 18:00:00,0.0,0.0,0.0
2019-11-05 19:00:00,0.0,0.0,0.0
2019-11-05 20:00:00,0.0,0.0,0.0
2019-11-05 21:00:00,0.0,0.0,0.0
2019-11-05 22:00:00,0.0,0.0,0.0
2019-11-05 23:00:00,0.0,0.0,0.0
2019-11-06 00:00:00,0.0,0.0,0.0
2019-11-06 01:00:00,0.0,0.0,0.0
2019-11-06 02:00:00,0.0,0.0,0.0
2019-11-06 03:00:00,0.0,0.0,0.0
2019-11-06 04:00:00,0.0,0.0,0.0
2019-11-06 05:00:00,0.0,0.0,0.0
2019-11-06 06:00:00,0.0,0.0,0.0
2019-11-06 07:00:00,0.0,0.0,0.0
2019-11-06 08:00:00,0.1145,0.0141,0.04157142857142857
2019-11-06 09:00:00,0.2702,0.0334,0.16117142857142858
2019-11-06 10:00:00,0.146,0.018,0.1750857142857143
2019-11-06 11:00:00,0.3719,0.0459,0.2699
2019-11-06 12:00:00,0.4525,0.0559,0.3448142857142857
2019-11-06 13:00:00,0.5594,0.0691,0.2886
2019-11-06 14:00:00,0.4444,0.0549,0.27172857142857143
2019-11-06 15:00:00,0.7052,0.0871,0.16165714285714286
2019-11-06 16:00:00,0.2871,0.0354,0.11531428571428569
2019-11-06 17:00:00,0.0,0.0,0.0
2019-11-06 18:00:00,0.0,0.0,0.0
2019-11-06 19:00:00,0.0,0.0,0.0
2019-11-06 20:00:00,0.0,0.0,0.0
2019-11-06 21:00:00,0.0,0.0,0.0
2019-11-06 22:00:00,0.0,0.0,0.0
2019-11-06 23:00:00,0.0,0.0,0.0
2019-11-07 00:00:00,0.0,0.0,0.0
2019-11-07 01:00:00,0.0,0.0,0.0
2019-11-07 02:00:00,0.0,0.0,0.0
2019-11-07 03:00:00,0.0,0.0,0.0
2019-11-07 04:00:00,0.0,0.0,0.0
2019-11-07 05:00:00,0.0,0.0,0.0
2019-11-07 06:00:00,0.0,0.0,0.0
2019-11-07 07:00:00,0.0,0.0,0.0
2019-11-07 08:00:00,0.2017,0.0249,0.037399999999999996
2019-11-07 09:00:00,0.5891,0.0727,0.1559857142857143
2019-11-07 10:00:00,0.481,0.0594,0.1793428571428571
2019-11-07 11:00:00,0.6777,0.0837,0.23815714285714282
2019-11-07 12:00:00,0.4613,0.057,0.3045285714285714
2019-11-07 13:00:00,1.1335,0.1399,0.2655142857142857
2019-11-07 14:00:00,2.7632,0.3411,0.21974285714285716
2019-11-07 15:00:00,1.3264,0.1637,0.15919999999999998
2019-11-07 16:00:00,0.1867,0.023,0.11165714285714282
2019-11-07 17:00:00,0.0,0.0,0.0
2019-11-07 18:00:00,0.0,0.0,0.0
2019-11-07 19:00:00,0.0,0.0,0.0
2019-11-07 20:00:00,0.0,0.0,0.0
2019-11-07 21:00:00,0.0,0.0,0.0
2019-11-07 22:00:00,0.0,0.0,0.0
2019-11-07 23:00:00,0.0,0.0,0.0
2019-11-08 00:00:00,0.0,0.0,0.0
2019-11-08 01:00:00,0.0,0.0,0.0
2019-11-08 02:00:00,0.0,0.0,0.0
2019-11-08 03:00:00,0.0,0.0,0.0
2019-11-08 04:00:00,0.0,0.0,0.0
2019-11-08 05:00:00,0.0,0.0,0.0
2019-11-08 06:00:00,0.0,0.0,0.0
2019-11-08 07:00:00,0.0,0.0,0.0
2019-11-08 08:00:00,0.7654,0.0945,0.032842857142857146
2019-11-08 09:00:00,2.7075,0.3343,0.14292857142857143
2019-11-08 10:00:00,3.9977,0.4935,0.16071428571428573
2019-11-08 11:00:00,4.694,0.5795,0.21591428571428573
2019-11-08 12:00:00,4.8497,0.5987,0.2644285714285714
2019-11-08 13:00:00,3.9601,0.4889,0.2219142857142857
2019-11-08 14:00:00,3.6447,0.45,0.20388571428571428
2019-11-08 15:00:00,2.459,0.3036,0.14727142857142855
2019-11-08 16:00:00,1.3373,0.1651,0.09878571428571424
2019-11-08 17:00:00,0.0,0.0,0.0
2019-11-08 18:00:00,0.0,0.0,0.0
2019-11-08 19:00:00,0.0,0.0,0.0
2019-11-08 20:00:00,0.0,0.0,0.0
2019-11-08 21:00:00,0.0,0.0,0.0
2019-11-08 22:00:00,0.0,0.0,0.0
2019-11-08 23:00:00,0.0,0.0,0.0
2019-11-09 00:00:00,0.0,0.0,0.0
2019-11-09 01:00:00,0.0,0.0,0.0
2019-11-09 02:00:00,0.0,0.0,0.0
2019-11-09 03:00:00,0.0,0.0,0.0
2019-11-09 04:00:00,0.0,0.0,0.0
2019-11-09 05:00:00,0.0,0.0,0.0
2019-11-09 06:00:00,0.0,0.0,0.0
2019-11-09 07:00:00,0.0,0.0,0.0
2019-11-09 08:00:00,0.3127,0.0386,0.020971428571428568
2019-11-09 09:00:00,0.6781,0.0837,0.10321428571428572
2019-11-09 10:00:00,0.9466,0.1169,0.0955
2019-11-09 11:00:00,1.0649,0.1315,0.14104285714285714
2019-11-09 12:00:00,1.4829,0.1831,0.17939999999999998
2019-11-09 13:00:00,0.6183,0.0763,0.15394285714285713
2019-11-09 14:00:00,2.8749,0.3549,0.17835714285714285
2019-11-09 15:00:00,2.7905,0.3445,0.11244285714285715
2019-11-09 16:00:00,1.1719,0.1447,0.07237142857142853
2019-11-09 17:00:00,0.0,0.0,0.0
2019-11-09 18:00:00,0.0,0.0,0.0
2019-11-09 19:00:00,0.0,0.0,0.0
2019-11-09 20:00:00,0.0,0.0,0.0
2019-11-09 21:00:00,0.0,0.0,0.0
2019-11-09 22:00:00,0.0,0.0,0.0
2019-11-09 23:00:00,0.0,0.0,0.0
2019-11-10 00:00:00,0.0,0.0,0.0
2019-11-10 01:00:00,0.0,0.0,0.0
2019-11-10 02:00:00,0.0,0.0,0.0
2019-11-10 03:00:00,0.0,0.0,0.0
2019-11-10 04:00:00,0.0,0.0,0.0
2019-11-10 05:00:00,0.0,0.0,0.0
2019-11-10 06:00:00,0.0,0.0,0.0
2019-11-10 07:00:00,0.0,0.0,0.0
2019-11-10 08:00:00,0.2762,0.0341,0.03275714285714285
2019-11-10 09:00:00,2.4601,0.3037,0.1435142857142857
2019-11-10 10:00:00,3.915,0.4833,0.1585142857142857
2019-11-10 11:00:00,4.7679,0.5886,0.21481428571428568
2019-11-10 12:00:00,4.9704,0.6136,0.26058571428571425
2019-11-10 13:00:00,4.7411,0.5853,0.2144714285714286
2019-11-10 14:00:00,3.895,0.4809,0.23358571428571429
2019-11-10 15:00:00,2.8306,0.3495,0.1422
2019-11-10 16:00:00,1.1512,0.1421,0.09259999999999997
2019-11-10 17:00:00,0.0,0.0,0.0
2019-11-10 18:00:00,0.0,0.0,0.0
2019-11-10 19:00:00,0.0,0.0,0.0
2019-11-10 20:00:00,0.0,0.0,0.0
2019-11-10 21:00:00,0.0,0.0,0.0
2019-11-10 22:00:00,0.0,0.0,0.0
2019-11-10 23:00:00,0.0,0.0,0.0
2019-11-11 00:00:00,0.0,0.0,0.0
2019-11-11 01:00:00,0.0,0.0,0.0
2019-11-11 02:00:00,0.0,0.0,0.0
2019-11-11 03:00:00,0.0,0.0,0.0
2019-11-11 04:00:00,0.0,0.0,0.0
2019-11-11 05:00:00,0.0,0.0,0.0
2019-11-11 06:00:00,0.0,0.0,0.0
2019-11-11 07:00:00,0.0,0.0,0.0
2019-11-11 08:00:00,0.23,0.0284,0.035699999999999996
2019-11-11 09:00:00,1.879,0.232,0.15097142857142856
2019-11-11 10:00:00,1.6956,0.2093,0.16471428571428573
2019-11-11 11:00:00,1.8886,0.2332,0.20531428571428573
2019-11-11 12:00:00,1.3851,0.171,0.21625714285714287
2019-11-11 13:00:00,1.7408,0.2149,0.18948571428571429
2019-11-11 14:00:00,1.78,0.2198,0.25962857142857143
2019-11-11 15:00:00,0.0,0.0,0.17304285714285714
2019-11-11 16:00:00,0.2128,0.0263,0.08731428571428568
2019-11-11 17:00:00,0.0,0.0,0.0
2019-11-11 18:00:00,0.0,0.0,0.0
2019-11-11 19:00:00,0.0,0.0,0.0
2019-11-11 20:00:00,0.0,0.0,0.0
2019-11-11 21:00:00,0.0,0.0,0.0
2019-11-11 22:00:00,0.0,0.0,0.0
2019-11-11 23:00:00,0.0,0.0,0.0
2019-11-12 00:00:00,0.0,0.0,0.0
2019-11-12 01:00:00,0.0,0.0,0.0
2019-11-12 02:00:00,0.0,0.0,0.0
2019-11-12 03:00:00,0.0,0.0,0.0
2019-11-12 04:00:00,0.0,0.0,0.0
2019-11-12 05:00:00,0.0,0.0,0.0
2019-11-12 06:00:00,0.0,0.0,0.0
2019-11-12 07:00:00,0.0,0.0,0.0
2019-11-12 08:00:00,0.0,0.0,0.033871428571428566
2019-11-12 09:00:00,0.5241,0.0647,0.16874285714285714
2019-11-12 10:00:00,1.0112,0.1248,0.21164285714285716
2019-11-12 11:00:00,0.6613,0.0816,0.2490857142857143
2019-11-12 12:00:00,1.6088,0.1986,0.2579142857142857
2019-11-12 13:00:00,2.1747,0.2685,0.23761428571428572
2019-11-12 14:00:00,2.8302,0.3494,0.29474285714285714
2019-11-12 15:00:00,2.6731,0.33,0.21480000000000002
2019-11-12 16:00:00,0.9389,0.1159,0.10271428571428569
2019-11-12 17:00:00,0.0,0.0,0.0
2019-11-12 18:00:00,0.0,0.0,0.0
2019-11-12 19:00:00,0.0,0.0,0.0
2019-11-12 20:00:00,0.0,0.0,0.0
2019-11-12 21:00:00,0.0,0.0,0.0
2019-11-12 22:00:00,0.0,0.0,0.0
2019-11-12 23:00:00,0.0,0.0,0.0
2019-11-13 00:00:00,0.0,0.0,0.0
2019-11-13 01:00:00,0.0,0.0,0.0
2019-11-13 02:00:00,0.0,0.0,0.0
2019-11-13 03:00:00,0.0,0.0,0.0
2019-11-13 04:00:00,0.0,0.0,0.0
2019-11-13 05:00:00,0.0,0.0,0.0
2019-11-13 06:00:00,0.0,0.0,0.0
2019-11-13 07:00:00,0.0,0.0,0.0
2019-11-13 08:00:00,0.0087,0.0011,0.03351428571428571
2019-11-13 09:00:00,0.5131,0.0633,0.16694285714285714
2019-11-13 10:00:00,0.5007,0.0618,0.2292857142857143
2019-11-13 11:00:00,0.9014,0.1113,0.2784142857142857
2019-11-13 12:00:00,1.0551,0.1303,0.2701142857142857
2019-11-13 13:00:00,1.1089,0.1369,0.26085714285714284
2019-11-13 14:00:00,0.4344,0.0536,0.2798142857142857
2019-11-13 15:00:00,0.4011,0.0495,0.1928857142857143
2019-11-13 16:00:00,0.3465,0.0428,0.07931428571428568
2019-11-13 17:00:00,0.0,0.0,0.0
2019-11-13 18:00:00,0.0,0.0,0.0
2019-11-13 19:00:00,0.0,0.0,0.0
2019-11-13 20:00:00,0.0,0.0,0.0
2019-11-13 21:00:00,0.0,0.0,0.0
2019-11-13 22:00:00,0.0,0.0,0.0
2019-11-13 23:00:00,0.0,0.0,0.0
2019-11-14 00:00:00,0.0,0.0,0.0
2019-11-14 01:00:00,0.0,0.0,0.0
2019-11-14 02:00:00,0.0,0.0,0.0
2019-11-14 03:00:00,0.0,0.0,0.0
2019-11-14 04:00:00,0.0,0.0,0.0
2019-11-14 05:00:00,0.0,0.0,0.0
2019-11-14 06:00:00,0.0,0.0,0.0
2019-11-14 07:00:00,0.0,0.0,0.0
2019-11-14 08:00:00,0.0,0.0,0.03351428571428571
2019-11-14 09:00:00,0.5711,0.0705,0.16064285714285714
2019-11-14 10:00:00,0.8268,0.1021,0.21502857142857143
2019-11-14 11:00:00,2.301,0.2841,0.24914285714285714
2019-11-14 12:00:00,0.4506,0.0556,0.2682714285714286
2019-11-14 13:00:00,2.2495,0.2777,0.2632714285714286
2019-11-14 14:00:00,2.6709,0.3297,0.32157142857142856
2019-11-14 15:00:00,0.1606,0.0198,0.2254857142857143
2019-11-14 16:00:00,0.1309,0.0162,0.0932142857142857
2019-11-14 17:00:00,0.0,0.0,0.0
2019-11-14 18:00:00,0.0,0.0,0.0
2019-11-14 19:00:00,0.0,0.0,0.0
2019-11-14 20:00:00,0.0,0.0,0.0
2019-11-14 21:00:00,0.0,0.0,0.0
2019-11-14 22:00:00,0.0,0.0,0.0
2019-11-14 23:00:00,0.0,0.0,0.0
2019-11-15 00:00:00,0.0,0.0,0.0
2019-11-15 01:00:00,0.0,0.0,0.0
2019-11-15 02:00:00,0.0,0.0,0.0
2019-11-15 03:00:00,0.0,0.0,0.0
2019-11-15 04:00:00,0.0,0.0,0.0
2019-11-15 05:00:00,0.0,0.0,0.0
2019-11-15 06:00:00,0.0,0.0,0.0
2019-11-15 07:00:00,0.0,0.0,0.0
2019-11-15 08:00:00,0.0,0.0,0.031657142857142856
2019-11-15 09:00:00,0.1988,0.0245,0.1649142857142857
2019-11-15 10:00:00,0.4554,0.0562,0.2212857142857143
2019-11-15 11:00:00,0.2327,0.0287,0.25848571428571426
2019-11-15 12:00:00,0.8537,0.1054,0.27890000000000004
2019-11-15 13:00:00,0.5408,0.0668,0.27295714285714284
2019-11-15 14:00:00,0.6405,0.0791,0.3213857142857143
2019-11-15 15:00:00,0.3329,0.0411,0.2201142857142857
2019-11-15 16:00:00,0.0,0.0,0.09427142857142855
2019-11-15 17:00:00,0.0,0.0,0.0
2019-11-15 18:00:00,0.0,0.0,0.0
2019-11-15 19:00:00,0.0,0.0,0.0
2019-11-15 20:00:00,0.0,0.0,0.0
2019-11-15 21:00:00,0.0,0.0,0.0
2019-11-15 22:00:00,0.0,0.0,0.0
2019-11-15 23:00:00,0.0,0.0,0.0
2019-11-16 00:00:00,0.0,0.0,0.0
2019-11-16 01:00:00,0.0,0.0,0.0
2019-11-16 02:00:00,0.0,0.0,0.0
2019-11-16 03:00:00,0.0,0.0,0.0
2019-11-16 04:00:00,0.0,0.0,0.0
2019-11-16 05:00:00,0.0,0.0,0.0
2019-11-16 06:00:00,0.0,0.0,0.0
2019-11-16 07:00:00,0.0,0.0,0.0
2019-11-16 08:00:00,0.0022,0.0003,0.028100000000000003
2019-11-16 09:00:00,2.0628,0.2547,0.1646
2019-11-16 10:00:00,3.7791,0.4666,0.22738571428571427
2019-11-16 11:00:00,2.3189,0.2863,0.28711428571428577
2019-11-16 12:00:00,3.4626,0.4275,0.2787
2019-11-16 13:00:00,2.629,0.3246,0.29264285714285715
2019-11-16 14:00:00,3.6001,0.4445,0.3197571428571429
2019-11-16 15:00:00,2.59,0.3198,0.19955714285714285
2019-11-16 16:00:00,0.8204,0.1013,0.09329999999999997
2019-11-16 17:00:00,0.0,0.0,0.0
2019-11-16 18:00:00,0.0,0.0,0.0
2019-11-16 19:00:00,0.0,0.0,0.0
2019-11-16 20:00:00,0.0,0.0,0.0
2019-11-16 21:00:00,0.0,0.0,0.0
2019-11-16 22:00:00,0.0,0.0,0.0
2019-11-16 23:00:00,0.0,0.0,0.0
2019-11-17 00:00:00,0.0,0.0,0.0
2019-11-17 01:00:00,0.0,0.0,0.0
2019-11-17 02:00:00,0.0,0.0,0.0
2019-11-17 03:00:00,0.0,0.0,0.0
2019-11-17 04:00:00,0.0,0.0,0.0
2019-11-17 05:00:00,0.0,0.0,0.0
2019-11-17 06:00:00,0.0,0.0,0.0
2019-11-17 07:00:00,0.0,0.0,0.0
2019-11-17 08:00:00,0.0,0.0,0.0146
2019-11-17 09:00:00,1.8253,0.2253,0.12034285714285715
2019-11-17 10:00:00,2.5926,0.3201,0.1649142857142857
2019-11-17 11:00:00,3.4365,0.4243,0.20842857142857144
2019-11-17 12:00:00,2.2308,0.2754,0.20822857142857143
2019-11-17 13:00:00,1.3945,0.1722,0.23234285714285716
2019-11-17 14:00:00,0.4567,0.0564,0.26677142857142855
2019-11-17 15:00:00,0.4422,0.0546,0.16205714285714284
2019-11-17 16:00:00,0.4244,0.0524,0.06971428571428569
2019-11-17 17:00:00,0.0,0.0,0.0
2019-11-17 18:00:00,0.0,0.0,0.0
2019-11-17 19:00:00,0.0,0.0,0.0
2019-11-17 20:00:00,0.0,0.0,0.0
2019-11-17 21:00:00,0.0,0.0,0.0
2019-11-17 22:00:00,0.0,0.0,0.0
2019-11-17 23:00:00,0.0,0.0,0.0
2019-11-18 00:00:00,0.0,0.0,0.0
2019-11-18 01:00:00,0.0,0.0,0.0
2019-11-18 02:00:00,0.0,0.0,0.0
2019-11-18 03:00:00,0.0,0.0,0.0
2019-11-18 04:00:00,0.0,0.0,0.0
2019-11-18 05:00:00,0.0,0.0,0.0
2019-11-18 06:00:00,0.0,0.0,0.0
2019-11-18 07:00:00,0.0,0.0,0.0
2019-11-18 08:00:00,0.0,0.0,0.009128571428571429
2019-11-18 09:00:00,0.1499,0.0185,0.14477142857142858
2019-11-18 10:00:00,0.241,0.0297,0.2148714285714286
2019-11-18 11:00:00,0.2407,0.0297,0.23054285714285713
2019-11-18 12:00:00,0.3034,0.0375,0.24314285714285713
2019-11-18 13:00:00,0.2472,0.0305,0.2678142857142857
2019-11-18 14:00:00,0.247,0.0305,0.2795714285714286
2019-11-18 15:00:00,0.1419,0.0175,0.1585285714285714
2019-11-18 16:00:00,0.0157,0.0019,0.06351428571428568
2019-11-18 17:00:00,0.0,0.0,0.0
2019-11-18 18:00:00,0.0,0.0,0.0
2019-11-18 19:00:00,0.0,0.0,0.0
2019-11-18 20:00:00,0.0,0.0,0.0
2019-11-18 21:00:00,0.0,0.0,0.0
2019-11-18 22:00:00,0.0,0.0,0.0
2019-11-18 23:00:00,0.0,0.0,0.0
2019-11-19 00:00:00,0.0,0.0,0.0
2019-11-19 01:00:00,0.0,0.0,0.0
2019-11-19 02:00:00,0.0,0.0,0.0
2019-11-19 03:00:00,0.0,0.0,0.0
2019-11-19 04:00:00,0.0,0.0,0.0
2019-11-19 05:00:00,0.0,0.0,0.0
2019-11-19 06:00:00,0.0,0.0,0.0
2019-11-19 07:00:00,0.0,0.0,0.0
2019-11-19 08:00:00,0.0,0.0,0.004257142857142857
2019-11-19 09:00:00,0.1005,0.0124,0.13357142857142856
2019-11-19 10:00:00,1.537,0.1897,0.19155714285714284
2019-11-19 11:00:00,2.1786,0.269,0.20707142857142857
2019-11-19 12:00:00,2.6329,0.3251,0.19482857142857143
2019-11-19 13:00:00,2.7054,0.334,0.2088
2019-11-19 14:00:00,2.8329,0.3497,0.21892857142857142
2019-11-19 15:00:00,2.1751,0.2685,0.11639999999999999
2019-11-19 16:00:00,0.1643,0.0203,0.05069999999999997
2019-11-19 17:00:00,0.0,0.0,0.0
2019-11-19 18:00:00,0.0,0.0,0.0
2019-11-19 19:00:00,0.0,0.0,0.0
2019-11-19 20:00:00,0.0,0.0,0.0
2019-11-19 21:00:00,0.0,0.0,0.0
2019-11-19 22:00:00,0.0,0.0,0.0
2019-11-19 23:00:00,0.0,0.0,0.0
2019-11-20 00:00:00,0.0,0.0,0.0
2019-11-20 01:00:00,0.0,0.0,0.0
2019-11-20 02:00:00,0.0,0.0,0.0
2019-11-20 03:00:00,0.0,0.0,0.0
2019-11-20 04:00:00,0.0,0.0,0.0
2019-11-20 05:00:00,0.0,0.0,0.0
2019-11-20 06:00:00,0.0,0.0,0.0
2019-11-20 07:00:00,0.0,0.0,0.0
2019-11-20 08:00:00,0.0,0.0,0.0002
2019-11-20 09:00:00,1.8273,0.2256,0.10307142857142856
2019-11-20 10:00:00,3.3335,0.4115,0.1659
2019-11-20 11:00:00,4.3389,0.5357,0.178
2019-11-20 12:00:00,4.6348,0.5722,0.17575714285714286
2019-11-20 13:00:00,4.4343,0.5474,0.18245714285714287
2019-11-20 14:00:00,2.6399,0.3259,0.19188571428571427
2019-11-20 15:00:00,0.5658,0.0699,0.1189
2019-11-20 16:00:00,0.2255,0.0278,0.04721428571428569
2019-11-20 17:00:00,0.0,0.0,0.0
2019-11-20 18:00:00,0.0,0.0,0.0
2019-11-20 19:00:00,0.0,0.0,0.0
2019-11-20 20:00:00,0.0,0.0,0.0
2019-11-20 21:00:00,0.0,0.0,0.0
2019-11-20 22:00:00,0.0,0.0,0.0
2019-11-20 23:00:00,0.0,0.0,0.0
2019-11-21 00:00:00,0.0,0.0,0.0
2019-11-21 01:00:00,0.0,0.0,0.0
2019-11-21 02:00:00,0.0,0.0,0.0
2019-11-21 03:00:00,0.0,0.0,0.0
2019-11-21 04:00:00,0.0,0.0,0.0
2019-11-21 05:00:00,0.0,0.0,0.0
2019-11-21 06:00:00,0.0,0.0,0.0
2019-11-21 07:00:00,0.0,0.0,0.0
2019-11-21 08:00:00,0.0,0.0,0.0002
2019-11-21 09:00:00,0.5614,0.0693,0.0956
2019-11-21 10:00:00,1.3343,0.1647,0.17517142857142856
2019-11-21 11:00:00,2.671,0.3298,0.20477142857142858
2019-11-21 12:00:00,2.703,0.3337,0.1938285714285714
2019-11-21 13:00:00,4.4397,0.5481,0.19181428571428571
2019-11-21 14:00:00,2.5507,0.3149,0.19192857142857145
2019-11-21 15:00:00,0.2919,0.036,0.1101142857142857
2019-11-21 16:00:00,0.1636,0.0202,0.03355714285714283
2019-11-21 17:00:00,0.0,0.0,0.0
2019-11-21 18:00:00,0.0,0.0,0.0
2019-11-21 19:00:00,0.0,0.0,0.0
2019-11-21 20:00:00,0.0,0.0,0.0
2019-11-21 21:00:00,0.0,0.0,0.0
2019-11-21 22:00:00,0.0,0.0,0.0
2019-11-21 23:00:00,0.0,0.0,0.0
2019-11-22 00:00:00,0.0,0.0,0.0
2019-11-22 01:00:00,0.0,0.0,0.0
2019-11-22 02:00:00,0.0,0.0,0.0
2019-11-22 03:00:00,0.0,0.0,0.0
2019-11-22 04:00:00,0.0,0.0,0.0
2019-11-22 05:00:00,0.0,0.0,0.0
2019-11-22 06:00:00,0.0,0.0,0.0
2019-11-22 07:00:00,0.0,0.0,0.0
2019-11-22 08:00:00,0.0,0.0,4.2857142857142856e-05
2019-11-22 09:00:00,0.7046,0.087,0.11878571428571427
2019-11-22 10:00:00,3.4215,0.4224,0.2251285714285714
2019-11-22 11:00:00,3.745,0.4623,0.2654
2019-11-22 12:00:00,3.7356,0.4612,0.25695714285714283
2019-11-22 13:00:00,3.5884,0.443,0.2504571428571429
2019-11-22 14:00:00,2.454,0.303,0.2308285714285714
2019-11-22 15:00:00,2.2864,0.2823,0.11302857142857141
2019-11-22 16:00:00,0.2531,0.0312,0.031414285714285686
2019-11-22 17:00:00,0.0,0.0,0.0
2019-11-22 18:00:00,0.0,0.0,0.0
2019-11-22 19:00:00,0.0,0.0,0.0
2019-11-22 20:00:00,0.0,0.0,0.0
2019-11-22 21:00:00,0.0,0.0,0.0
2019-11-22 22:00:00,0.0,0.0,0.0
2019-11-22 23:00:00,0.0,0.0,0.0
2019-11-23 00:00:00,0.0,0.0,0.0
2019-11-23 01:00:00,0.0,0.0,0.0
2019-11-23 02:00:00,0.0,0.0,0.0
2019-11-23 03:00:00,0.0,0.0,0.0
2019-11-23 04:00:00,0.0,0.0,0.0
2019-11-23 05:00:00,0.0,0.0,0.0
2019-11-23 06:00:00,0.0,0.0,0.0
2019-11-23 07:00:00,0.0,0.0,0.0
2019-11-23 08:00:00,0.0,0.0,4.2857142857142856e-05
2019-11-23 09:00:00,0.0149,0.0018,0.1186142857142857
2019-11-23 10:00:00,0.5685,0.0702,0.23407142857142857
2019-11-23 11:00:00,0.3439,0.0425,0.27192857142857146
2019-11-23 12:00:00,1.8872,0.233,0.2966857142857143
2019-11-23 13:00:00,2.0561,0.2538,0.2890857142857143
2019-11-23 14:00:00,3.7773,0.4663,0.2287142857142857
2019-11-23 15:00:00,0.7146,0.0882,0.11534285714285715
2019-11-23 16:00:00,0.0446,0.0055,0.03198571428571425
2019-11-23 17:00:00,0.0,0.0,0.0
2019-11-23 18:00:00,0.0,0.0,0.0
2019-11-23 19:00:00,0.0,0.0,0.0
2019-11-23 20:00:00,0.0,0.0,0.0
2019-11-23 21:00:00,0.0,0.0,0.0
2019-11-23 22:00:00,0.0,0.0,0.0
2019-11-23 23:00:00,0.0,0.0,0.0
2019-11-24 00:00:00,0.0,0.0,0.0
2019-11-24 01:00:00,0.0,0.0,0.0
2019-11-24 02:00:00,0.0,0.0,0.0
2019-11-24 03:00:00,0.0,0.0,0.0
2019-11-24 04:00:00,0.0,0.0,0.0
2019-11-24 05:00:00,0.0,0.0,0.0
2019-11-24 06:00:00,0.0,0.0,0.0
2019-11-24 07:00:00,0.0,0.0,0.0
2019-11-24 08:00:00,0.0,0.0,4.2857142857142856e-05
2019-11-24 09:00:00,1.4007,0.1729,0.12754285714285715
2019-11-24 10:00:00,2.8804,0.3556,0.2863857142857143
2019-11-24 11:00:00,3.7746,0.466,0.33387142857142854
2019-11-24 12:00:00,4.4364,0.5477,0.3475142857142857
2019-11-24 13:00:00,1.9767,0.244,0.3428285714285714
2019-11-24 14:00:00,2.5017,0.3089,0.26070000000000004
2019-11-24 15:00:00,2.4729,0.3053,0.1498
2019-11-24 16:00:00,0.0574,0.0071,0.03644285714285711
2019-11-24 17:00:00,0.0,0.0,0.0
2019-11-24 18:00:00,0.0,0.0,0.0
2019-11-24 19:00:00,0.0,0.0,0.0
2019-11-24 20:00:00,0.0,0.0,0.0
2019-11-24 21:00:00,0.0,0.0,0.0
2019-11-24 22:00:00,0.0,0.0,0.0
2019-11-24 23:00:00,0.0,0.0,0.0
2019-11-25 00:00:00,0.0,0.0,0.0
2019-11-25 01:00:00,0.0,0.0,0.0
2019-11-25 02:00:00,0.0,0.0,0.0
2019-11-25 03:00:00,0.0,0.0,0.0
2019-11-25 04:00:00,0.0,0.0,0.0
2019-11-25 05:00:00,0.0,0.0,0.0
2019-11-25 06:00:00,0.0,0.0,0.0
2019-11-25 07:00:00,0.0,0.0,0.0
2019-11-25 08:00:00,0.0,0.0,0.0
2019-11-25 09:00:00,1.6709,0.2063,0.09141428571428571
2019-11-25 10:00:00,2.8267,0.349,0.22975714285714283
2019-11-25 11:00:00,3.2493,0.4011,0.2990428571428571
2019-11-25 12:00:00,1.7978,0.2219,0.3197285714285714
2019-11-25 13:00:00,3.8491,0.4752,0.3327142857142857
2019-11-25 14:00:00,2.9076,0.359,0.2638142857142857
2019-11-25 15:00:00,1.1593,0.1431,0.1167142857142857
2019-11-25 16:00:00,0.025,0.0031,0.02275714285714282
2019-11-25 17:00:00,0.0,0.0,0.0
2019-11-25 18:00:00,0.0,0.0,0.0
2019-11-25 19:00:00,0.0,0.0,0.0
2019-11-25 20:00:00,0.0,0.0,0.0
2019-11-25 21:00:00,0.0,0.0,0.0
2019-11-25 22:00:00,0.0,0.0,0.0
2019-11-25 23:00:00,0.0,0.0,0.0
2019-11-26 00:00:00,0.0,0.0,0.0
2019-11-26 01:00:00,0.0,0.0,0.0
2019-11-26 02:00:00,0.0,0.0,0.0
2019-11-26 03:00:00,0.0,0.0,0.0
2019-11-26 04:00:00,0.0,0.0,0.0
2019-11-26 05:00:00,0.0,0.0,0.0
2019-11-26 06:00:00,0.0,0.0,0.0
2019-11-26 07:00:00,0.0,0.0,0.0
2019-11-26 08:00:00,0.0,0.0,0.0
2019-11-26 09:00:00,0.0828,0.0102,0.08392857142857144
2019-11-26 10:00:00,0.8509,0.1051,0.23482857142857144
2019-11-26 11:00:00,0.7054,0.0871,0.305
2019-11-26 12:00:00,0.4011,0.0495,0.3586285714285714
2019-11-26 13:00:00,0.5018,0.0619,0.3429714285714286
2019-11-26 14:00:00,0.2922,0.0361,0.2998857142857143
2019-11-26 15:00:00,0.5657,0.0698,0.15252857142857143
2019-11-26 16:00:00,0.0374,0.0046,0.016285714285714254
2019-11-26 17:00:00,0.0,0.0,0.0
2019-11-26 18:00:00,0.0,0.0,0.0
2019-11-26 19:00:00,0.0,0.0,0.0
2019-11-26 20:00:00,0.0,0.0,0.0
2019-11-26 21:00:00,0.0,0.0,0.0
2019-11-26 22:00:00,0.0,0.0,0.0
2019-11-26 23:00:00,0.0,0.0,0.0
2019-11-27 00:00:00,0.0,0.0,0.0
2019-11-27 01:00:00,0.0,0.0,0.0
2019-11-27 02:00:00,0.0,0.0,0.0
2019-11-27 03:00:00,0.0,0.0,0.0
2019-11-27 04:00:00,0.0,0.0,0.0
2019-11-27 05:00:00,0.0,0.0,0.0
2019-11-27 06:00:00,0.0,0.0,0.0
2019-11-27 07:00:00,0.0,0.0,0.0
2019-11-27 08:00:00,0.0,0.0,0.0
2019-11-27 09:00:00,0.8154,0.1007,0.11075714285714287
2019-11-27 10:00:00,0.144,0.0178,0.2804428571428571
2019-11-27 11:00:00,2.9385,0.3628,0.3580571428571429
2019-11-27 12:00:00,3.9294,0.4851,0.3849714285714286
2019-11-27 13:00:00,3.248,0.401,0.40650000000000003
2019-11-27 14:00:00,1.0471,0.1293,0.34681428571428574
2019-11-27 15:00:00,0.0551,0.0068,0.17047142857142858
2019-11-27 16:00:00,0.0,0.0,0.016457142857142826
2019-11-27 17:00:00,0.0,0.0,0.0
2019-11-27 18:00:00,0.0,0.0,0.0
2019-11-27 19:00:00,0.0,0.0,0.0
2019-11-27 20:00:00,0.0,0.0,0.0
2019-11-27 21:00:00,0.0,0.0,0.0
2019-11-27 22:00:00,0.0,0.0,0.0
2019-11-27 23:00:00,0.0,0.0,0.0
2019-11-28 00:00:00,0.0,0.0,0.0
2019-11-28 01:00:00,0.0,0.0,0.0
2019-11-28 02:00:00,0.0,0.0,0.0
2019-11-28 03:00:00,0.0,0.0,0.0
2019-11-28 04:00:00,0.0,0.0,0.0
2019-11-28 05:00:00,0.0,0.0,0.0
2019-11-28 06:00:00,0.0,0.0,0.0
2019-11-28 07:00:00,0.0,0.0,0.0
2019-11-28 08:00:00,0.0,0.0,0.0
2019-11-28 09:00:00,0.2659,0.0328,0.11044285714285715
2019-11-28 10:00:00,0.5,0.0617,0.26835714285714285
2019-11-28 11:00:00,0.1314,0.0162,0.3320714285714286
2019-11-28 12:00:00,0.1724,0.0213,0.3456
2019-11-28 13:00:00,0.6756,0.0834,0.36762857142857147
2019-11-28 14:00:00,0.1656,0.0204,0.30201428571428574
2019-11-28 15:00:00,0.1175,0.0145,0.1420857142857143
2019-11-28 16:00:00,0.0,0.0,0.014214285714285681
2019-11-28 17:00:00,0.0,0.0,0.0
2019-11-28 18:00:00,0.0,0.0,0.0
2019-11-28 19:00:00,0.0,0.0,0.0
2019-11-28 20:00:00,0.0,0.0,0.0
2019-11-28 21:00:00,0.0,0.0,0.0
2019-11-28 22:00:00,0.0,0.0,0.0
2019-11-28 23:00:00,0.0,0.0,0.0
2019-11-29 00:00:00,0.0,0.0,0.0
2019-11-29 01:00:00,0.0,0.0,0.0
2019-11-29 02:00:00,0.0,0.0,0.0
2019-11-29 03:00:00,0.0,0.0,0.0
2019-11-29 04:00:00,0.0,0.0,0.0
2019-11-29 05:00:00,0.0,0.0,0.0
2019-11-29 06:00:00,0.0,0.0,0.0
2019-11-29 07:00:00,0.0,0.0,0.0
2019-11-29 08:00:00,0.0,0.0,0.0
2019-11-29 09:00:00,1.3042,0.161,0.09260000000000002
2019-11-29 10:00:00,1.158,0.143,0.2121142857142857
2019-11-29 11:00:00,3.9334,0.4856,0.3073714285714286
2019-11-29 12:00:00,3.9718,0.4903,0.3331571428571428
2019-11-29 13:00:00,1.7986,0.222,0.3467142857142857
2019-11-29 14:00:00,0.5199,0.0642,0.2739285714285714
2019-11-29 15:00:00,0.029,0.0036,0.13307142857142856
2019-11-29 16:00:00,0.0259,0.0032,0.010242857142857109
2019-11-29 17:00:00,0.0,0.0,0.0
2019-11-29 18:00:00,0.0,0.0,0.0
2019-11-29 19:00:00,0.0,0.0,0.0
2019-11-29 20:00:00,0.0,0.0,0.0
2019-11-29 21:00:00,0.0,0.0,0.0
2019-11-29 22:00:00,0.0,0.0,0.0
2019-11-29 23:00:00,0.0,0.0,0.0
2019-11-30 00:00:00,0.0,0.0,0.0
2019-11-30 01:00:00,0.0,0.0,0.0
2019-11-30 02:00:00,0.0,0.0,0.0
2019-11-30 03:00:00,0.0,0.0,0.0
2019-11-30 04:00:00,0.0,0.0,0.0
2019-11-30 05:00:00,0.0,0.0,0.0
2019-11-30 06:00:00,0.0,0.0,0.0
2019-11-30 07:00:00,0.0,0.0,0.0
2019-11-30 08:00:00,0.0,0.0,0.0
2019-11-30 09:00:00,1.3143,0.1623,0.08738571428571429
2019-11-30 10:00:00,2.8731,0.3547,0.1974
2019-11-30 11:00:00,3.9526,0.488,0.26257142857142857
2019-11-30 12:00:00,4.3259,0.5341,0.2885285714285714
2019-11-30 13:00:00,1.9141,0.2363,0.2803285714285714
2019-11-30 14:00:00,2.3516,0.2903,0.23185714285714282
2019-11-30 15:00:00,1.9739,0.2437,0.13
2019-11-30 16:00:00,0.0329,0.0041,0.007357142857142825
2019-11-30 17:00:00,0.0,0.0,0.0
2019-11-30 18:00:00,0.0,0.0,0.0
2019-11-30 19:00:00,0.0,0.0,0.0
2019-11-30 20:00:00,0.0,0.0,0.0
2019-11-30 21:00:00,0.0,0.0,0.0
2019-11-30 22:00:00,0.0,0.0,0.0
2019-11-30 23:00:00,0.0,0.0,0.0
2019-12-01 00:00:00,0.0,0.0,0.0
2019-12-01 01:00:00,0.0,0.0,0.0
2019-12-01 02:00:00,0.0,0.0,0.0
2019-12-01 03:00:00,0.0,0.0,0.0
2019-12-01 04:00:00,0.0,0.0,0.0
2019-12-01 05:00:00,0.0,0.0,0.0
2019-12-01 06:00:00,0.0,0.0,0.0
2019-12-01 07:00:00,0.0,0.0,0.0
2019-12-01 08:00:00,0.0,0.0,0.0
2019-12-01 09:00:00,0.0447,0.0055,0.09795714285714285
2019-12-01 10:00:00,0.7659,0.0946,0.15748571428571428
2019-12-01 11:00:00,0.4444,0.0549,0.26589999999999997
2019-12-01 12:00:00,1.6417,0.2027,0.29268571428571427
2019-12-01 13:00:00,1.0751,0.1327,0.24875714285714287
2019-12-01 14:00:00,0.3239,0.04,0.19774285714285714
2019-12-01 15:00:00,0.7156,0.0883,0.09018571428571429
2019-12-01 16:00:00,0.0,0.0,0.0033571428571428255
2019-12-01 17:00:00,0.0,0.0,0.0
2019-12-01 18:00:00,0.0,0.0,0.0
2019-12-01 19:00:00,0.0,0.0,0.0
2019-12-01 20:00:00,0.0,0.0,0.0
2019-12-01 21:00:00,0.0,0.0,0.0
2019-12-01 22:00:00,0.0,0.0,0.0
2019-12-01 23:00:00,0.0,0.0,0.0
2019-12-02 00:00:00,0.0,0.0,0.0
2019-12-02 01:00:00,0.0,0.0,0.0
2019-12-02 02:00:00,0.0,0.0,0.0
2019-12-02 03:00:00,0.0,0.0,0.0
2019-12-02 04:00:00,0.0,0.0,0.0
2019-12-02 05:00:00,0.0,0.0,0.0
2019-12-02 06:00:00,0.0,0.0,0.0
2019-12-02 07:00:00,0.0,0.0,0.0
2019-12-02 08:00:00,0.0,0.0,0.0
2019-12-02 09:00:00,1.3487,0.1665,0.12088571428571429
2019-12-02 10:00:00,0.964,0.119,0.19812857142857143
2019-12-02 11:00:00,1.2857,0.1587,0.32954285714285714
2019-12-02 12:00:00,1.66,0.2049,0.3357
2019-12-02 13:00:00,0.5639,0.0696,0.24625714285714287
2019-12-02 14:00:00,1.8669,0.2305,0.1726
2019-12-02 15:00:00,0.4005,0.0494,0.11239999999999999
2019-12-02 16:00:00,0.0,0.0,0.003157142857142826
2019-12-02 17:00:00,0.0,0.0,0.0
2019-12-02 18:00:00,0.0,0.0,0.0
2019-12-02 19:00:00,0.0,0.0,0.0
2019-12-02 20:00:00,0.0,0.0,0.0
2019-12-02 21:00:00,0.0,0.0,0.0
2019-12-02 22:00:00,0.0,0.0,0.0
2019-12-02 23:00:00,0.0,0.0,0.0
2019-12-03 00:00:00,0.0,0.0,0.0
2019-12-03 01:00:00,0.0,0.0,0.0
2019-12-03 02:00:00,0.0,0.0,0.0
2019-12-03 03:00:00,0.0,0.0,0.0
2019-12-03 04:00:00,0.0,0.0,0.0
2019-12-03 05:00:00,0.0,0.0,0.0
2019-12-03 06:00:00,0.0,0.0,0.0
2019-12-03 07:00:00,0.0,0.0,0.0
2019-12-03 08:00:00,0.0,0.0,0.0
2019-12-03 09:00:00,0.4991,0.0616,0.09697142857142857
2019-12-03 10:00:00,0.4698,0.058,0.16084285714285712
2019-12-03 11:00:00,0.7123,0.0879,0.27081428571428573
2019-12-03 12:00:00,0.6849,0.0846,0.28641428571428573
2019-12-03 13:00:00,2.1547,0.266,0.23035714285714287
2019-12-03 14:00:00,0.0,0.0,0.1341857142857143
2019-12-03 15:00:00,1.3741,0.1696,0.0814
2019-12-03 16:00:00,0.0,0.0,0.0021428571428571113
2019-12-03 17:00:00,0.0,0.0,0.0
2019-12-03 18:00:00,0.0,0.0,0.0
2019-12-03 19:00:00,0.0,0.0,0.0
2019-12-03 20:00:00,0.0,0.0,0.0
2019-12-03 21:00:00,0.0,0.0,0.0
2019-12-03 22:00:00,0.0,0.0,0.0
2019-12-03 23:00:00,0.0,0.0,0.0
2019-12-04 00:00:00,0.0,0.0,0.0
2019-12-04 01:00:00,0.0,0.0,0.0
2019-12-04 02:00:00,0.0,0.0,0.0
2019-12-04 03:00:00,0.0,0.0,0.0
2019-12-04 04:00:00,0.0,0.0,0.0
2019-12-04 05:00:00,0.0,0.0,0.0
2019-12-04 06:00:00,0.0,0.0,0.0
2019-12-04 07:00:00,0.0,0.0,0.0
2019-12-04 08:00:00,0.0,0.0,0.0
2019-12-04 09:00:00,1.3822,0.1706,0.09128571428571429
2019-12-04 10:00:00,3.0126,0.3719,0.12798571428571429
2019-12-04 11:00:00,3.7112,0.4582,0.23618571428571428
2019-12-04 12:00:00,4.1655,0.5143,0.2839857142857143
2019-12-04 13:00:00,4.0504,0.5001,0.17241428571428571
2019-12-04 14:00:00,3.5226,0.4349,0.11582857142857143
2019-12-04 15:00:00,2.2546,0.2783,0.06801428571428572
2019-12-04 16:00:00,0.0125,0.0015,0.0016999999999999685
2019-12-04 17:00:00,0.0,0.0,0.0
2019-12-04 18:00:00,0.0,0.0,0.0
2019-12-04 19:00:00,0.0,0.0,0.0
2019-12-04 20:00:00,0.0,0.0,0.0
2019-12-04 21:00:00,0.0,0.0,0.0
2019-12-04 22:00:00,0.0,0.0,0.0
2019-12-04 23:00:00,0.0,0.0,0.0
2019-12-05 00:00:00,0.0,0.0,0.0
2019-12-05 01:00:00,0.0,0.0,0.0
2019-12-05 02:00:00,0.0,0.0,0.0
2019-12-05 03:00:00,0.0,0.0,0.0
2019-12-05 04:00:00,0.0,0.0,0.0
2019-12-05 05:00:00,0.0,0.0,0.0
2019-12-05 06:00:00,0.0,0.0,0.0
2019-12-05 07:00:00,0.0,0.0,0.0
2019-12-05 08:00:00,0.0,0.0,0.0
2019-12-05 09:00:00,1.1608,0.1433,0.09862857142857143
2019-12-05 10:00:00,3.0375,0.375,0.12125714285714286
2019-12-05 11:00:00,3.7993,0.4691,0.2363
2019-12-05 12:00:00,4.1947,0.5179,0.28900000000000003
2019-12-05 13:00:00,4.1488,0.5122,0.20157142857142857
2019-12-05 14:00:00,2.9799,0.3679,0.11067142857142857
2019-12-05 15:00:00,2.3083,0.285,0.08227142857142856
2019-12-05 16:00:00,0.0062,0.0008,0.0010428571428571112
2019-12-05 17:00:00,0.0,0.0,0.0
2019-12-05 18:00:00,0.0,0.0,0.0
2019-12-05 19:00:00,0.0,0.0,0.0
2019-12-05 20:00:00,0.0,0.0,0.0
2019-12-05 21:00:00,0.0,0.0,0.0
2019-12-05 22:00:00,0.0,0.0,0.0
2019-12-05 23:00:00,0.0,0.0,0.0
2019-12-06 00:00:00,0.0,0.0,0.0
2019-12-06 01:00:00,0.0,0.0,0.0
2019-12-06 02:00:00,0.0,0.0,0.0
2019-12-06 03:00:00,0.0,0.0,0.0
2019-12-06 04:00:00,0.0,0.0,0.0
2019-12-06 05:00:00,0.0,0.0,0.0
2019-12-06 06:00:00,0.0,0.0,0.0
2019-12-06 07:00:00,0.0,0.0,0.0
2019-12-06 08:00:00,0.0,0.0,0.0
2019-12-06 09:00:00,0.065,0.008,0.1086142857142857
2019-12-06 10:00:00,0.6408,0.0791,0.17184285714285716
2019-12-06 11:00:00,1.246,0.1538,0.24992857142857144
2019-12-06 12:00:00,0.8091,0.0999,0.2931714285714286
2019-12-06 13:00:00,0.4736,0.0585,0.21572857142857144
2019-12-06 14:00:00,0.3218,0.0397,0.15432857142857143
2019-12-06 15:00:00,0.5402,0.0667,0.12105714285714286
2019-12-06 16:00:00,0.0,0.0,0.0012571428571428254
2019-12-06 17:00:00,0.0,0.0,0.0
2019-12-06 18:00:00,0.0,0.0,0.0
2019-12-06 19:00:00,0.0,0.0,0.0
2019-12-06 20:00:00,0.0,0.0,0.0
2019-12-06 21:00:00,0.0,0.0,0.0
2019-12-06 22:00:00,0.0,0.0,0.0
2019-12-06 23:00:00,0.0,0.0,0.0
2019-12-07 00:00:00,0.0,0.0,0.0
2019-12-07 01:00:00,0.0,0.0,0.0
2019-12-07 02:00:00,0.0,0.0,0.0
2019-12-07 03:00:00,0.0,0.0,0.0
2019-12-07 04:00:00,0.0,0.0,0.0
2019-12-07 05:00:00,0.0,0.0,0.0
2019-12-07 06:00:00,0.0,0.0,0.0
2019-12-07 07:00:00,0.0,0.0,0.0
2019-12-07 08:00:00,0.0,0.0,0.0
2019-12-07 09:00:00,0.3168,0.0391,0.1244
2019-12-07 10:00:00,0.2977,0.0368,0.2166
2019-12-07 11:00:00,0.9904,0.1223,0.3146285714285714
2019-12-07 12:00:00,2.9412,0.3631,0.3641142857142857
2019-12-07 13:00:00,0.7315,0.0903,0.2769857142857143
2019-12-07 14:00:00,0.4198,0.0518,0.20397142857142855
2019-12-07 15:00:00,0.1112,0.0137,0.15969999999999998
2019-12-07 16:00:00,0.0,0.0,0.0013714285714285397
2019-12-07 17:00:00,0.0,0.0,0.0
2019-12-07 18:00:00,0.0,0.0,0.0
2019-12-07 19:00:00,0.0,0.0,0.0
2019-12-07 20:00:00,0.0,0.0,0.0
2019-12-07 21:00:00,0.0,0.0,0.0
2019-12-07 22:00:00,0.0,0.0,0.0
2019-12-07 23:00:00,0.0,0.0,0.0
2019-12-08 00:00:00,0.0,0.0,0.0
2019-12-08 01:00:00,0.0,0.0,0.0
2019-12-08 02:00:00,0.0,0.0,0.0
2019-12-08 03:00:00,0.0,0.0,0.0
2019-12-08 04:00:00,0.0,0.0,0.0
2019-12-08 05:00:00,0.0,0.0,0.0
2019-12-08 06:00:00,0.0,0.0,0.0
2019-12-08 07:00:00,0.0,0.0,0.0
2019-12-08 08:00:00,0.0,0.0,0.0
2019-12-08 09:00:00,0.0762,0.0094,0.10254285714285716
2019-12-08 10:00:00,0.2818,0.0348,0.20747142857142858
2019-12-08 11:00:00,0.5011,0.0619,0.2672285714285714
2019-12-08 12:00:00,0.4243,0.0524,0.30834285714285714
2019-12-08 13:00:00,0.8902,0.1099,0.2536285714285714
2019-12-08 14:00:00,1.0848,0.1339,0.20047142857142858
2019-12-08 15:00:00,0.6685,0.0825,0.16871428571428568
2019-12-08 16:00:00,0.0,0.0,0.0009142857142856827
2019-12-08 17:00:00,0.0,0.0,0.0
2019-12-08 18:00:00,0.0,0.0,0.0
2019-12-08 19:00:00,0.0,0.0,0.0
2019-12-08 20:00:00,0.0,0.0,0.0
2019-12-08 21:00:00,0.0,0.0,0.0
2019-12-08 22:00:00,0.0,0.0,0.0
2019-12-08 23:00:00,0.0,0.0,0.0
2019-12-09 00:00:00,0.0,0.0,0.0
2019-12-09 01:00:00,0.0,0.0,0.0
2019-12-09 02:00:00,0.0,0.0,0.0
2019-12-09 03:00:00,0.0,0.0,0.0
2019-12-09 04:00:00,0.0,0.0,0.0
2019-12-09 05:00:00,0.0,0.0,0.0
2019-12-09 06:00:00,0.0,0.0,0.0
2019-12-09 07:00:00,0.0,0.0,0.0
2019-12-09 08:00:00,0.0,0.0,0.0
2019-12-09 09:00:00,0.0709,0.0088,0.08494285714285714
2019-12-09 10:00:00,0.4433,0.0547,0.16205714285714284
2019-12-09 11:00:00,0.6444,0.0796,0.2149857142857143
2019-12-09 12:00:00,0.3479,0.043,0.28391428571428573
2019-12-09 13:00:00,0.2298,0.0284,0.23277142857142857
2019-12-09 14:00:00,0.3396,0.0419,0.16640000000000002
2019-12-09 15:00:00,0.5039,0.0622,0.13585714285714284
2019-12-09 16:00:00,0.0,0.0,0.00032857142857139685
2019-12-09 17:00:00,0.0,0.0,0.0
2019-12-09 18:00:00,0.0,0.0,0.0
2019-12-09 19:00:00,0.0,0.0,0.0
2019-12-09 20:00:00,0.0,0.0,0.0
2019-12-09 21:00:00,0.0,0.0,0.0
2019-12-09 22:00:00,0.0,0.0,0.0
2019-12-09 23:00:00,0.0,0.0,0.0
2019-12-10 00:00:00,0.0,0.0,0.0
2019-12-10 01:00:00,0.0,0.0,0.0
2019-12-10 02:00:00,0.0,0.0,0.0
2019-12-10 03:00:00,0.0,0.0,0.0
2019-12-10 04:00:00,0.0,0.0,0.0
2019-12-10 05:00:00,0.0,0.0,0.0
2019-12-10 06:00:00,0.0,0.0,0.0
2019-12-10 07:00:00,0.0,0.0,0.0
2019-12-10 08:00:00,0.0,0.0,0.0
2019-12-10 09:00:00,1.1496,0.1419,0.0855
2019-12-10 10:00:00,2.6332,0.3251,0.15351428571428574
2019-12-10 11:00:00,2.8527,0.3522,0.21598571428571428
2019-12-10 12:00:00,4.3245,0.5339,0.26244285714285714
2019-12-10 13:00:00,4.1752,0.5155,0.22951428571428573
2019-12-10 14:00:00,3.026,0.3736,0.1798142857142857
2019-12-10 15:00:00,1.9759,0.2439,0.13502857142857141
2019-12-10 16:00:00,0.0,0.0,0.00032857142857139685
2019-12-10 17:00:00,0.0,0.0,0.0
2019-12-10 18:00:00,0.0,0.0,0.0
2019-12-10 19:00:00,0.0,0.0,0.0
2019-12-10 20:00:00,0.0,0.0,0.0
2019-12-10 21:00:00,0.0,0.0,0.0
2019-12-10 22:00:00,0.0,0.0,0.0
2019-12-10 23:00:00,0.0,0.0,0.0
2019-12-11 00:00:00,0.0,0.0,0.0
2019-12-11 01:00:00,0.0,0.0,0.0
2019-12-11 02:00:00,0.0,0.0,0.0
2019-12-11 03:00:00,0.0,0.0,0.0
2019-12-11 04:00:00,0.0,0.0,0.0
2019-12-11 05:00:00,0.0,0.0,0.0
2019-12-11 06:00:00,0.0,0.0,0.0
2019-12-11 07:00:00,0.0,0.0,0.0
2019-12-11 08:00:00,0.0,0.0,0.0
2019-12-11 09:00:00,0.2552,0.0315,0.06297142857142858
2019-12-11 10:00:00,1.3805,0.1704,0.14432857142857142
2019-12-11 11:00:00,0.6204,0.0766,0.2046857142857143
2019-12-11 12:00:00,0.3644,0.045,0.23931428571428573
2019-12-11 13:00:00,0.7077,0.0874,0.22362857142857145
2019-12-11 14:00:00,0.364,0.0449,0.15287142857142857
2019-12-11 15:00:00,0.0645,0.008,0.13685714285714284
2019-12-11 16:00:00,0.0,0.0,0.00032857142857139685
2019-12-11 17:00:00,0.0,0.0,0.0
2019-12-11 18:00:00,0.0,0.0,0.0
2019-12-11 19:00:00,0.0,0.0,0.0
2019-12-11 20:00:00,0.0,0.0,0.0
2019-12-11 21:00:00,0.0,0.0,0.0
2019-12-11 22:00:00,0.0,0.0,0.0
2019-12-11 23:00:00,0.0,0.0,0.0
2019-12-12 00:00:00,0.0,0.0,0.0
2019-12-12 01:00:00,0.0,0.0,0.0
2019-12-12 02:00:00,0.0,0.0,0.0
2019-12-12 03:00:00,0.0,0.0,0.0
2019-12-12 04:00:00,0.0,0.0,0.0
2019-12-12 05:00:00,0.0,0.0,0.0
2019-12-12 06:00:00,0.0,0.0,0.0
2019-12-12 07:00:00,0.0,0.0,0.0
2019-12-12 08:00:00,0.0,0.0,0.0
2019-12-12 09:00:00,0.658,0.0812,0.07444285714285714
2019-12-12 10:00:00,2.4424,0.3015,0.1824857142857143
2019-12-12 11:00:00,3.5645,0.4401,0.24244285714285713
2019-12-12 12:00:00,4.1026,0.5065,0.30350000000000005
2019-12-12 13:00:00,4.0149,0.4957,0.25927142857142854
2019-12-12 14:00:00,3.3215,0.4101,0.20624285714285714
2019-12-12 15:00:00,2.407,0.2972,0.14747142857142856
2019-12-12 16:00:00,0.0,0.0,0.00032857142857139685
2019-12-12 17:00:00,0.0,0.0,0.0
2019-12-12 18:00:00,0.0,0.0,0.0
2019-12-12 19:00:00,0.0,0.0,0.0
2019-12-12 20:00:00,0.0,0.0,0.0
2019-12-12 21:00:00,0.0,0.0,0.0
2019-12-12 22:00:00,0.0,0.0,0.0
2019-12-12 23:00:00,0.0,0.0,0.0
2019-12-13 00:00:00,0.0,0.0,0.0
2019-12-13 01:00:00,0.0,0.0,0.0
2019-12-13 02:00:00,0.0,0.0,0.0
2019-12-13 03:00:00,0.0,0.0,0.0
2019-12-13 04:00:00,0.0,0.0,0.0
2019-12-13 05:00:00,0.0,0.0,0.0
2019-12-13 06:00:00,0.0,0.0,0.0
2019-12-13 07:00:00,0.0,0.0,0.0
2019-12-13 08:00:00,0.0,0.0,0.0
2019-12-13 09:00:00,0.1937,0.0239,0.05457142857142857
2019-12-13 10:00:00,0.4934,0.0609,0.15369999999999998
2019-12-13 11:00:00,0.397,0.049,0.18792857142857144
2019-12-13 12:00:00,0.5008,0.0618,0.23645714285714287
2019-12-13 13:00:00,0.419,0.0517,0.20031428571428572
2019-12-13 14:00:00,0.2675,0.033,0.1505285714285714
2019-12-13 15:00:00,0.0856,0.0106,0.10885714285714286
2019-12-13 16:00:00,0.0,0.0,0.00011428571428568257
2019-12-13 17:00:00,0.0,0.0,0.0
2019-12-13 18:00:00,0.0,0.0,0.0
2019-12-13 19:00:00,0.0,0.0,0.0
2019-12-13 20:00:00,0.0,0.0,0.0
2019-12-13 21:00:00,0.0,0.0,0.0
2019-12-13 22:00:00,0.0,0.0,0.0
2019-12-13 23:00:00,0.0,0.0,0.0
2019-12-14 00:00:00,0.0,0.0,0.0
2019-12-14 01:00:00,0.0,0.0,0.0
2019-12-14 02:00:00,0.0,0.0,0.0
2019-12-14 03:00:00,0.0,0.0,0.0
2019-12-14 04:00:00,0.0,0.0,0.0
2019-12-14 05:00:00,0.0,0.0,0.0
2019-12-14 06:00:00,0.0,0.0,0.0
2019-12-14 07:00:00,0.0,0.0,0.0
2019-12-14 08:00:00,0.0,0.0,0.0
2019-12-14 09:00:00,0.0434,0.0054,0.0457
2019-12-14 10:00:00,0.3985,0.0492,0.1432
2019-12-14 11:00:00,0.7929,0.0979,0.18378571428571427
2019-12-14 12:00:00,1.0622,0.1311,0.23482857142857144
2019-12-14 13:00:00,1.5561,0.1921,0.19795714285714286
2019-12-14 14:00:00,0.3126,0.0386,0.15655714285714287
2019-12-14 15:00:00,0.1681,0.0208,0.1106
2019-12-14 16:00:00,0.0,0.0,0.0
2019-12-14 17:00:00,0.0,0.0,0.0
2019-12-14 18:00:00,0.0,0.0,0.0
2019-12-14 19:00:00,0.0,0.0,0.0
2019-12-14 20:00:00,0.0,0.0,0.0
2019-12-14 21:00:00,0.0,0.0,0.0
2019-12-14 22:00:00,0.0,0.0,0.0
2019-12-14 23:00:00,0.0,0.0,0.0
2019-12-15 00:00:00,0.0,0.0,0.0
2019-12-15 01:00:00,0.0,0.0,0.0
2019-12-15 02:00:00,0.0,0.0,0.0
2019-12-15 03:00:00,0.0,0.0,0.0
2019-12-15 04:00:00,0.0,0.0,0.0
2019-12-15 05:00:00,0.0,0.0,0.0
2019-12-15 06:00:00,0.0,0.0,0.0
2019-12-15 07:00:00,0.0,0.0,0.0
2019-12-15 08:00:00,0.0,0.0,0.0
2019-12-15 09:00:00,1.1863,0.1465,0.04797142857142857
2019-12-15 10:00:00,2.728,0.3368,0.1406
2019-12-15 11:00:00,3.8756,0.4785,0.16881428571428572
2019-12-15 12:00:00,3.9879,0.4923,0.22938571428571428
2019-12-15 13:00:00,2.8193,0.3481,0.1969857142857143
2019-12-15 14:00:00,2.4079,0.2973,0.1556
2019-12-15 15:00:00,0.9455,0.1167,0.1025857142857143
2019-12-15 16:00:00,0.0,0.0,0.0
2019-12-15 17:00:00,0.0,0.0,0.0
2019-12-15 18:00:00,0.0,0.0,0.0
2019-12-15 19:00:00,0.0,0.0,0.0
2019-12-15 20:00:00,0.0,0.0,0.0
2019-12-15 21:00:00,0.0,0.0,0.0
2019-12-15 22:00:00,0.0,0.0,0.0
2019-12-15 23:00:00,0.0,0.0,0.0
2019-12-16 00:00:00,0.0,0.0,0.0
2019-12-16 01:00:00,0.0,0.0,0.0
2019-12-16 02:00:00,0.0,0.0,0.0
2019-12-16 03:00:00,0.0,0.0,0.0
2019-12-16 04:00:00,0.0,0.0,0.0
2019-12-16 05:00:00,0.0,0.0,0.0
2019-12-16 06:00:00,0.0,0.0,0.0
2019-12-16 07:00:00,0.0,0.0,0.0
2019-12-16 08:00:00,0.0,0.0,0.0
2019-12-16 09:00:00,0.115,0.0142,0.04315714285714285
2019-12-16 10:00:00,0.2552,0.0315,0.14237142857142857
2019-12-16 11:00:00,0.4325,0.0534,0.16532857142857144
2019-12-16 12:00:00,1.3422,0.1657,0.19624285714285714
2019-12-16 13:00:00,0.5619,0.0694,0.21152857142857143
2019-12-16 14:00:00,0.3631,0.0448,0.1537142857142857
2019-12-16 15:00:00,0.1652,0.0204,0.1036
2019-12-16 16:00:00,0.0,0.0,0.0
2019-12-16 17:00:00,0.0,0.0,0.0
2019-12-16 18:00:00,0.0,0.0,0.0
2019-12-16 19:00:00,0.0,0.0,0.0
2019-12-16 20:00:00,0.0,0.0,0.0
2019-12-16 21:00:00,0.0,0.0,0.0
2019-12-16 22:00:00,0.0,0.0,0.0
2019-12-16 23:00:00,0.0,0.0,0.0
2019-12-17 00:00:00,0.0,0.0,0.0
2019-12-17 01:00:00,0.0,0.0,0.0
2019-12-17 02:00:00,0.0,0.0,0.0
2019-12-17 03:00:00,0.0,0.0,0.0
2019-12-17 04:00:00,0.0,0.0,0.0
2019-12-17 05:00:00,0.0,0.0,0.0
2019-12-17 06:00:00,0.0,0.0,0.0
2019-12-17 07:00:00,0.0,0.0,0.0
2019-12-17 08:00:00,0.0,0.0,0.0
2019-12-17 09:00:00,0.0274,0.0034,0.06274285714285714
2019-12-17 10:00:00,0.539,0.0665,0.18551428571428571
2019-12-17 11:00:00,0.9846,0.1216,0.22484285714285715
2019-12-17 12:00:00,1.528,0.1886,0.2590857142857143
2019-12-17 13:00:00,1.6804,0.2075,0.24555714285714286
2019-12-17 14:00:00,2.3685,0.2924,0.17705714285714286
2019-12-17 15:00:00,1.1382,0.1405,0.10848571428571428
2019-12-17 16:00:00,0.0,0.0,0.0
2019-12-17 17:00:00,0.0,0.0,0.0
2019-12-17 18:00:00,0.0,0.0,0.0
2019-12-17 19:00:00,0.0,0.0,0.0
2019-12-17 20:00:00,0.0,0.0,0.0
2019-12-17 21:00:00,0.0,0.0,0.0
2019-12-17 22:00:00,0.0,0.0,0.0
2019-12-17 23:00:00,0.0,0.0,0.0
2019-12-18 00:00:00,0.0,0.0,0.0
2019-12-18 01:00:00,0.0,0.0,0.0
2019-12-18 02:00:00,0.0,0.0,0.0
2019-12-18 03:00:00,0.0,0.0,0.0
2019-12-18 04:00:00,0.0,0.0,0.0
2019-12-18 05:00:00,0.0,0.0,0.0
2019-12-18 06:00:00,0.0,0.0,0.0
2019-12-18 07:00:00,0.0,0.0,0.0
2019-12-18 08:00:00,0.0,0.0,0.0
2019-12-18 09:00:00,1.0532,0.13,0.0635142857142857
2019-12-18 10:00:00,2.5963,0.3205,0.1822
2019-12-18 11:00:00,3.5569,0.4391,0.2211
2019-12-18 12:00:00,3.9512,0.4878,0.27661428571428576
2019-12-18 13:00:00,3.9175,0.4836,0.2514142857142857
2019-12-18 14:00:00,3.0086,0.3714,0.17747142857142856
2019-12-18 15:00:00,1.0941,0.1351,0.10251428571428571
2019-12-18 16:00:00,0.0,0.0,0.0
2019-12-18 17:00:00,0.0,0.0,0.0
2019-12-18 18:00:00,0.0,0.0,0.0
2019-12-18 19:00:00,0.0,0.0,0.0
2019-12-18 20:00:00,0.0,0.0,0.0
2019-12-18 21:00:00,0.0,0.0,0.0
2019-12-18 22:00:00,0.0,0.0,0.0
2019-12-18 23:00:00,0.0,0.0,0.0
2019-12-19 00:00:00,0.0,0.0,0.0
2019-12-19 01:00:00,0.0,0.0,0.0
2019-12-19 02:00:00,0.0,0.0,0.0
2019-12-19 03:00:00,0.0,0.0,0.0
2019-12-19 04:00:00,0.0,0.0,0.0
2019-12-19 05:00:00,0.0,0.0,0.0
2019-12-19 06:00:00,0.0,0.0,0.0
2019-12-19 07:00:00,0.0,0.0,0.0
2019-12-19 08:00:00,0.0,0.0,0.0
2019-12-19 09:00:00,0.3827,0.0473,0.04372857142857143
2019-12-19 10:00:00,2.4211,0.2989,0.14525714285714283
2019-12-19 11:00:00,3.2755,0.4044,0.18815714285714288
2019-12-19 12:00:00,3.8345,0.4734,0.22728571428571429
2019-12-19 13:00:00,3.8175,0.4713,0.20741428571428572
2019-12-19 14:00:00,3.2899,0.4062,0.1658714285714286
2019-12-19 15:00:00,2.0931,0.2584,0.08774285714285715
2019-12-19 16:00:00,0.0,0.0,0.0
2019-12-19 17:00:00,0.0,0.0,0.0
2019-12-19 18:00:00,0.0,0.0,0.0
2019-12-19 19:00:00,0.0,0.0,0.0
2019-12-19 20:00:00,0.0,0.0,0.0
2019-12-19 21:00:00,0.0,0.0,0.0
2019-12-19 22:00:00,0.0,0.0,0.0
2019-12-19 23:00:00,0.0,0.0,0.0
2019-12-20 00:00:00,0.0,0.0,0.0
2019-12-20 01:00:00,0.0,0.0,0.0
2019-12-20 02:00:00,0.0,0.0,0.0
2019-12-20 03:00:00,0.0,0.0,0.0
2019-12-20 04:00:00,0.0,0.0,0.0
2019-12-20 05:00:00,0.0,0.0,0.0
2019-12-20 06:00:00,0.0,0.0,0.0
2019-12-20 07:00:00,0.0,0.0,0.0
2019-12-20 08:00:00,0.0,0.0,0.0
2019-12-20 09:00:00,0.1785,0.022,0.0578
2019-12-20 10:00:00,0.2936,0.0362,0.16670000000000001
2019-12-20 11:00:00,0.5944,0.0734,0.2399428571428571
2019-12-20 12:00:00,0.2119,0.0262,0.29054285714285716
2019-12-20 13:00:00,0.7857,0.097,0.2640142857142857
2019-12-20 14:00:00,0.541,0.0668,0.2125142857142857
2019-12-20 15:00:00,1.077,0.133,0.10590000000000001
2019-12-20 16:00:00,0.0,0.0,0.0
2019-12-20 17:00:00,0.0,0.0,0.0
2019-12-20 18:00:00,0.0,0.0,0.0
2019-12-20 19:00:00,0.0,0.0,0.0
2019-12-20 20:00:00,0.0,0.0,0.0
2019-12-20 21:00:00,0.0,0.0,0.0
2019-12-20 22:00:00,0.0,0.0,0.0
2019-12-20 23:00:00,0.0,0.0,0.0
2019-12-21 00:00:00,0.0,0.0,0.0
2019-12-21 01:00:00,0.0,0.0,0.0
2019-12-21 02:00:00,0.0,0.0,0.0
2019-12-21 03:00:00,0.0,0.0,0.0
2019-12-21 04:00:00,0.0,0.0,0.0
2019-12-21 05:00:00,0.0,0.0,0.0
2019-12-21 06:00:00,0.0,0.0,0.0
2019-12-21 07:00:00,0.0,0.0,0.0
2019-12-21 08:00:00,0.0,0.0,0.0
2019-12-21 09:00:00,0.1767,0.0218,0.05295714285714286
2019-12-21 10:00:00,0.4831,0.0596,0.1663285714285714
2019-12-21 11:00:00,2.1633,0.2671,0.23484285714285713
2019-12-21 12:00:00,1.9732,0.2436,0.28581428571428574
2019-12-21 13:00:00,1.6277,0.201,0.2605285714285714
2019-12-21 14:00:00,1.7549,0.2167,0.21195714285714287
2019-12-21 15:00:00,0.9409,0.1162,0.10035714285714285
2019-12-21 16:00:00,0.0,0.0,0.0
2019-12-21 17:00:00,0.0,0.0,0.0
2019-12-21 18:00:00,0.0,0.0,0.0
2019-12-21 19:00:00,0.0,0.0,0.0
2019-12-21 20:00:00,0.0,0.0,0.0
2019-12-21 21:00:00,0.0,0.0,0.0
2019-12-21 22:00:00,0.0,0.0,0.0
2019-12-21 23:00:00,0.0,0.0,0.0
2019-12-22 00:00:00,0.0,0.0,0.0
2019-12-22 01:00:00,0.0,0.0,0.0
2019-12-22 02:00:00,0.0,0.0,0.0
2019-12-22 03:00:00,0.0,0.0,0.0
2019-12-22 04:00:00,0.0,0.0,0.0
2019-12-22 05:00:00,0.0,0.0,0.0
2019-12-22 06:00:00,0.0,0.0,0.0
2019-12-22 07:00:00,0.0,0.0,0.0
2019-12-22 08:00:00,0.0,0.0,0.0
2019-12-22 09:00:00,0.0353,0.0044,0.05268571428571429
2019-12-22 10:00:00,0.3663,0.0452,0.1628
2019-12-22 11:00:00,1.2676,0.1565,0.23832857142857142
2019-12-22 12:00:00,1.0309,0.1273,0.28072857142857144
2019-12-22 13:00:00,0.2343,0.0289,0.26699999999999996
2019-12-22 14:00:00,0.3507,0.0433,0.2167857142857143
2019-12-22 15:00:00,0.9394,0.116,0.11784285714285714
2019-12-22 16:00:00,0.0,0.0,0.0
2019-12-22 17:00:00,0.0,0.0,0.0
2019-12-22 18:00:00,0.0,0.0,0.0
2019-12-22 19:00:00,0.0,0.0,0.0
2019-12-22 20:00:00,0.0,0.0,0.0
2019-12-22 21:00:00,0.0,0.0,0.0
2019-12-22 22:00:00,0.0,0.0,0.0
2019-12-22 23:00:00,0.0,0.0,0.0
2019-12-23 00:00:00,0.0,0.0,0.0
2019-12-23 01:00:00,0.0,0.0,0.0
2019-12-23 02:00:00,0.0,0.0,0.0
2019-12-23 03:00:00,0.0,0.0,0.0
2019-12-23 04:00:00,0.0,0.0,0.0
2019-12-23 05:00:00,0.0,0.0,0.0
2019-12-23 06:00:00,0.0,0.0,0.0
2019-12-23 07:00:00,0.0,0.0,0.0
2019-12-23 08:00:00,0.0,0.0,0.0
2019-12-23 09:00:00,0.0568,0.007,0.05502857142857143
2019-12-23 10:00:00,0.2995,0.037,0.16428571428571428
2019-12-23 11:00:00,0.5009,0.0618,0.2625
2019-12-23 12:00:00,0.7298,0.0901,0.2968
2019-12-23 13:00:00,0.284,0.0351,0.26827142857142855
2019-12-23 14:00:00,0.5832,0.072,0.24222857142857143
2019-12-23 15:00:00,0.0218,0.0027,0.13147142857142857
2019-12-23 16:00:00,0.0,0.0,0.0
2019-12-23 17:00:00,0.0,0.0,0.0
2019-12-23 18:00:00,0.0,0.0,0.0
2019-12-23 19:00:00,0.0,0.0,0.0
2019-12-23 20:00:00,0.0,0.0,0.0
2019-12-23 21:00:00,0.0,0.0,0.0
2019-12-23 22:00:00,0.0,0.0,0.0
2019-12-23 23:00:00,0.0,0.0,0.0
2019-12-24 00:00:00,0.0,0.0,0.0
2019-12-24 01:00:00,0.0,0.0,0.0
2019-12-24 02:00:00,0.0,0.0,0.0
2019-12-24 03:00:00,0.0,0.0,0.0
2019-12-24 04:00:00,0.0,0.0,0.0
2019-12-24 05:00:00,0.0,0.0,0.0
2019-12-24 06:00:00,0.0,0.0,0.0
2019-12-24 07:00:00,0.0,0.0,0.0
2019-12-24 08:00:00,0.0,0.0,0.0
2019-12-24 09:00:00,0.0079,0.001,0.03472857142857143
2019-12-24 10:00:00,0.5398,0.0666,0.12262857142857142
2019-12-24 11:00:00,0.3997,0.0493,0.2165
2019-12-24 12:00:00,0.9142,0.1129,0.24465714285714285
2019-12-24 13:00:00,0.719,0.0888,0.22267142857142855
2019-12-24 14:00:00,0.1243,0.0154,0.20594285714285715
2019-12-24 15:00:00,0.0763,0.0094,0.13137142857142856
2019-12-24 16:00:00,0.0,0.0,0.0
2019-12-24 17:00:00,0.0,0.0,0.0
2019-12-24 18:00:00,0.0,0.0,0.0
2019-12-24 19:00:00,0.0,0.0,0.0
2019-12-24 20:00:00,0.0,0.0,0.0
2019-12-24 21:00:00,0.0,0.0,0.0
2019-12-24 22:00:00,0.0,0.0,0.0
2019-12-24 23:00:00,0.0,0.0,0.0
2019-12-25 00:00:00,0.0,0.0,0.0
2019-12-25 01:00:00,0.0,0.0,0.0
2019-12-25 02:00:00,0.0,0.0,0.0
2019-12-25 03:00:00,0.0,0.0,0.0
2019-12-25 04:00:00,0.0,0.0,0.0
2019-12-25 05:00:00,0.0,0.0,0.0
2019-12-25 06:00:00,0.0,0.0,0.0
2019-12-25 07:00:00,0.0,0.0,0.0
2019-12-25 08:00:00,0.0,0.0,0.0
2019-12-25 09:00:00,0.0292,0.0036,0.0337
2019-12-25 10:00:00,0.2239,0.0276,0.12341428571428571
2019-12-25 11:00:00,0.4887,0.0603,0.21769999999999998
2019-12-25 12:00:00,0.9143,0.1129,0.23385714285714282
2019-12-25 13:00:00,0.3889,0.048,0.21777142857142856
2019-12-25 14:00:00,0.4401,0.0543,0.20982857142857142
2019-12-25 15:00:00,0.3317,0.041,0.12884285714285715
2019-12-25 16:00:00,0.0,0.0,0.0
2019-12-25 17:00:00,0.0,0.0,0.0
2019-12-25 18:00:00,0.0,0.0,0.0
2019-12-25 19:00:00,0.0,0.0,0.0
2019-12-25 20:00:00,0.0,0.0,0.0
2019-12-25 21:00:00,0.0,0.0,0.0
2019-12-25 22:00:00,0.0,0.0,0.0
2019-12-25 23:00:00,0.0,0.0,0.0
2019-12-26 00:00:00,0.0,0.0,0.0
2019-12-26 01:00:00,0.0,0.0,0.0
2019-12-26 02:00:00,0.0,0.0,0.0
2019-12-26 03:00:00,0.0,0.0,0.0
2019-12-26 04:00:00,0.0,0.0,0.0
2019-12-26 05:00:00,0.0,0.0,0.0
2019-12-26 06:00:00,0.0,0.0,0.0
2019-12-26 07:00:00,0.0,0.0,0.0
2019-12-26 08:00:00,0.0,0.0,0.0
2019-12-26 09:00:00,0.2272,0.028,0.033357142857142856
2019-12-26 10:00:00,0.5905,0.0729,0.12342857142857143
2019-12-26 11:00:00,0.5112,0.0631,0.20737142857142857
2019-12-26 12:00:00,0.5276,0.0651,0.22304285714285713
2019-12-26 13:00:00,0.4999,0.0617,0.2008142857142857
2019-12-26 14:00:00,0.5933,0.0732,0.17025714285714286
2019-12-26 15:00:00,0.1336,0.0165,0.11011428571428572
2019-12-26 16:00:00,0.0,0.0,0.0
2019-12-26 17:00:00,0.0,0.0,0.0
2019-12-26 18:00:00,0.0,0.0,0.0
2019-12-26 19:00:00,0.0,0.0,0.0
2019-12-26 20:00:00,0.0,0.0,0.0
2019-12-26 21:00:00,0.0,0.0,0.0
2019-12-26 22:00:00,0.0,0.0,0.0
2019-12-26 23:00:00,0.0,0.0,0.0
2019-12-27 00:00:00,0.0,0.0,0.0
2019-12-27 01:00:00,0.0,0.0,0.0
2019-12-27 02:00:00,0.0,0.0,0.0
2019-12-27 03:00:00,0.0,0.0,0.0
2019-12-27 04:00:00,0.0,0.0,0.0
2019-12-27 05:00:00,0.0,0.0,0.0
2019-12-27 06:00:00,0.0,0.0,0.0
2019-12-27 07:00:00,0.0,0.0,0.0
2019-12-27 08:00:00,0.0,0.0,0.0
2019-12-27 09:00:00,0.0292,0.0036,0.0153
2019-12-27 10:00:00,0.2513,0.031,0.08158571428571429
2019-12-27 11:00:00,0.3822,0.0472,0.1532571428571429
2019-12-27 12:00:00,0.4368,0.0539,0.16948571428571427
2019-12-27 13:00:00,0.3677,0.0454,0.13858571428571428
2019-12-27 14:00:00,0.2921,0.0361,0.12495714285714286
2019-12-27 15:00:00,0.1471,0.0182,0.09667142857142856
2019-12-27 16:00:00,0.0,0.0,0.0
2019-12-27 17:00:00,0.0,0.0,0.0
2019-12-27 18:00:00,0.0,0.0,0.0
2019-12-27 19:00:00,0.0,0.0,0.0
2019-12-27 20:00:00,0.0,0.0,0.0
2019-12-27 21:00:00,0.0,0.0,0.0
2019-12-27 22:00:00,0.0,0.0,0.0
2019-12-27 23:00:00,0.0,0.0,0.0
2019-12-28 00:00:00,0.0,0.0,0.0
2019-12-28 01:00:00,0.0,0.0,0.0
2019-12-28 02:00:00,0.0,0.0,0.0
2019-12-28 03:00:00,0.0,0.0,0.0
2019-12-28 04:00:00,0.0,0.0,0.0
2019-12-28 05:00:00,0.0,0.0,0.0
2019-12-28 06:00:00,0.0,0.0,0.0
2019-12-28 07:00:00,0.0,0.0,0.0
2019-12-28 08:00:00,0.0,0.0,0.0
2019-12-28 09:00:00,0.1727,0.0213,0.012542857142857144
2019-12-28 10:00:00,2.1545,0.266,0.049300000000000004
2019-12-28 11:00:00,2.7849,0.3438,0.10450000000000001
2019-12-28 12:00:00,3.4607,0.4273,0.11115714285714286
2019-12-28 13:00:00,3.8025,0.4694,0.08007142857142857
2019-12-28 14:00:00,2.7389,0.3381,0.07738571428571428
2019-12-28 15:00:00,2.2849,0.2821,0.06211428571428572
2019-12-28 16:00:00,0.0196,0.0024,0.0
2019-12-28 17:00:00,0.0,0.0,0.0
2019-12-28 18:00:00,0.0,0.0,0.0
2019-12-28 19:00:00,0.0,0.0,0.0
2019-12-28 20:00:00,0.0,0.0,0.0
2019-12-28 21:00:00,0.0,0.0,0.0
2019-12-28 22:00:00,0.0,0.0,0.0
2019-12-28 23:00:00,0.0,0.0,0.0
2019-12-29 00:00:00,0.0,0.0,0.0
2019-12-29 01:00:00,0.0,0.0,0.0
2019-12-29 02:00:00,0.0,0.0,0.0
2019-12-29 03:00:00,0.0,0.0,0.0
2019-12-29 04:00:00,0.0,0.0,0.0
2019-12-29 05:00:00,0.0,0.0,0.0
2019-12-29 06:00:00,0.0,0.0,0.0
2019-12-29 07:00:00,0.0,0.0,0.0
2019-12-29 08:00:00,0.0,0.0,0.0
2019-12-29 09:00:00,0.8452,0.1043,0.009914285714285712
2019-12-29 10:00:00,1.0885,0.1344,0.048557142857142854
2019-12-29 11:00:00,1.1345,0.1401,0.10075714285714286
2019-12-29 12:00:00,0.7171,0.0885,0.11511428571428571
2019-12-29 13:00:00,1.3832,0.1708,0.0727
2019-12-29 14:00:00,1.3648,0.1685,0.073
2019-12-29 15:00:00,0.5561,0.0687,0.045714285714285714
2019-12-29 16:00:00,0.0326,0.004,0.0
2019-12-29 17:00:00,0.0,0.0,0.0
2019-12-29 18:00:00,0.0,0.0,0.0
2019-12-29 19:00:00,0.0,0.0,0.0
2019-12-29 20:00:00,0.0,0.0,0.0
2019-12-29 21:00:00,0.0,0.0,0.0
2019-12-29 22:00:00,0.0,0.0,0.0
2019-12-29 23:00:00,0.0,0.0,0.0
2019-12-30 00:00:00,0.0,0.0,0.0
2019-12-30 01:00:00,0.0,0.0,0.0
2019-12-30 02:00:00,0.0,0.0,0.0
2019-12-30 03:00:00,0.0,0.0,0.0
2019-12-30 04:00:00,0.0,0.0,0.0
2019-12-30 05:00:00,0.0,0.0,0.0
2019-12-30 06:00:00,0.0,0.0,0.0
2019-12-30 07:00:00,0.0,0.0,0.0
2019-12-30 08:00:00,0.0,0.0,0.0
2019-12-30 09:00:00,0.6356,0.0785,0.009842857142857143
2019-12-30 10:00:00,2.577,0.3182,0.07804285714285715
2019-12-30 11:00:00,3.4449,0.4253,0.11171428571428572
2019-12-30 12:00:00,4.0223,0.4966,0.14135714285714288
2019-12-30 13:00:00,3.8886,0.4801,0.11104285714285714
2019-12-30 14:00:00,3.3926,0.4188,0.09034285714285716
2019-12-30 15:00:00,2.2861,0.2822,0.06941428571428572
2019-12-30 16:00:00,0.0318,0.0039,0.0003428571428571111
2019-12-30 17:00:00,0.0,0.0,0.0
2019-12-30 18:00:00,0.0,0.0,0.0
2019-12-30 19:00:00,0.0,0.0,0.0
2019-12-30 20:00:00,0.0,0.0,0.0
2019-12-30 21:00:00,0.0,0.0,0.0
2019-12-30 22:00:00,0.0,0.0,0.0
2019-12-30 23:00:00,0.0,0.0,0.0
2019-12-31 00:00:00,0.0,0.0,0.0
2019-12-31 01:00:00,0.0,0.0,0.0
2019-12-31 02:00:00,0.0,0.0,0.0
2019-12-31 03:00:00,0.0,0.0,0.0
2019-12-31 04:00:00,0.0,0.0,0.0
2019-12-31 05:00:00,0.0,0.0,0.0
2019-12-31 06:00:00,0.0,0.0,0.0
2019-12-31 07:00:00,0.0,0.0,0.0
2019-12-31 08:00:00,0.0,0.0,0.0
2019-12-31 09:00:00,0.2348,0.029,0.024114285714285717
2019-12-31 10:00:00,0.183,0.0226,0.09078571428571428
2019-12-31 11:00:00,0.9864,0.1218,0.10937142857142858
2019-12-31 12:00:00,1.4616,0.1804,0.13581428571428572
2019-12-31 13:00:00,0.8871,0.1095,0.13131428571428572
2019-12-31 14:00:00,2.114,0.261,0.10822857142857144
2019-12-31 15:00:00,0.9893,0.1221,0.06265714285714286
2019-12-31 16:00:00,0.0256,0.0032,0.0009142857142856825
2019-12-31 17:00:00,0.0,0.0,0.0
2019-12-31 18:00:00,0.0,0.0,0.0
2019-12-31 19:00:00,0.0,0.0,0.0
2019-12-31 20:00:00,0.0,0.0,0.0
2019-12-31 21:00:00,0.0,0.0,0.0
2019-12-31 22:00:00,0.0,0.0,0.0
2019-12-31 23:00:00,0.0,0.0,0.0
